Date,Open,High,Low,Close,Adj Close,Volume
2001-01-02,636.239990,642.539978,633.630005,634.159973,634.159973,0
2001-01-03,631.369995,636.739990,627.700012,629.859985,629.859985,0
2001-01-04,646.789978,647.049988,636.710022,638.969971,638.969971,0
2001-01-05,638.229980,642.770020,631.489990,635.799988,635.799988,0
2001-01-08,632.909973,633.289978,629.299988,631.150024,631.150024,0
2001-01-09,636.340027,637.460022,630.250000,633.070007,633.070007,0
2001-01-10,633.929993,634.429993,628.909973,630.520020,630.520020,0
2001-01-11,632.109985,637.260010,630.570007,637.250000,637.250000,0
2001-01-12,642.059998,643.150024,636.419983,639.859985,639.859985,0
2001-01-15,637.539978,643.429993,636.979980,641.130005,641.130005,0
2001-01-16,639.479980,639.479980,630.770020,631.830017,631.830017,0
2001-01-17,634.859985,642.599976,634.640015,642.289978,642.289978,0
2001-01-18,642.049988,642.520020,633.119995,634.059998,634.059998,0
2001-01-19,637.969971,639.859985,627.690002,628.880005,628.880005,0
2001-01-22,627.840027,631.140015,620.419983,628.840027,628.840027,0
2001-01-23,626.960022,630.760010,623.190002,630.510010,630.510010,0
2001-01-24,636.679993,638.849976,632.429993,635.940002,635.940002,0
2001-01-25,633.419983,638.179993,632.400024,636.140015,636.140015,0
2001-01-26,632.599976,636.219971,631.859985,632.570007,632.570007,0
2001-01-29,633.039978,637.190002,632.989990,637.190002,637.190002,0
2001-01-30,638.909973,639.109985,633.250000,634.890015,634.890015,0
2001-01-31,636.169983,640.500000,633.799988,639.979980,639.979980,0
2001-02-01,636.820007,638.270020,632.559998,634.039978,634.039978,0
2001-02-02,635.119995,636.599976,629.130005,630.979980,630.979980,0
2001-02-05,628.450012,632.840027,627.229980,630.130005,630.130005,0
2001-02-06,631.039978,632.119995,628.669983,632.059998,632.059998,0
2001-02-07,629.210022,629.510010,623.349976,624.940002,624.940002,0
2001-02-08,623.200012,627.200012,622.390015,626.979980,626.979980,0
2001-02-09,625.400024,626.520020,620.440002,622.650024,622.650024,0
2001-02-12,618.940002,624.510010,616.849976,623.849976,623.849976,0
2001-02-13,626.289978,627.219971,622.919983,626.640015,626.640015,0
2001-02-14,623.380005,623.809998,618.150024,621.270020,621.270020,0
2001-02-15,622.919983,625.070007,621.640015,624.780029,624.780029,0
2001-02-16,619.690002,621.099976,611.520020,617.890015,617.890015,0
2001-02-19,617.900024,618.090027,610.340027,612.429993,612.429993,0
2001-02-20,612.359985,616.549988,610.049988,611.190002,611.190002,0
2001-02-21,605.799988,607.210022,597.750000,603.440002,603.440002,0
2001-02-22,600.159973,604.190002,591.030029,594.219971,594.219971,0
2001-02-23,596.250000,597.000000,583.400024,585.289978,585.289978,0
2001-02-26,589.659973,595.070007,586.659973,594.799988,594.799988,0
2001-02-27,596.919983,600.849976,592.359985,597.299988,597.299988,0
2001-02-28,593.390015,600.130005,593.250000,597.330017,597.330017,0
2001-03-01,593.219971,593.239990,588.200012,591.729980,591.729980,0
2001-03-02,590.890015,594.820007,586.729980,590.270020,590.270020,0
2001-03-05,593.140015,593.960022,586.640015,592.239990,592.239990,0
2001-03-06,594.559998,600.950012,593.559998,600.950012,600.950012,0
2001-03-07,598.400024,600.619995,594.679993,598.340027,598.340027,0
2001-03-08,600.000000,601.239990,595.239990,595.390015,595.390015,0
2001-03-09,593.059998,597.900024,592.809998,594.890015,594.890015,0
2001-03-12,589.719971,589.909973,580.659973,582.989990,582.989990,0
2001-03-13,575.549988,579.119995,573.979980,577.320007,577.320007,0
2001-03-14,580.950012,581.000000,553.349976,568.500000,568.500000,0
2001-03-15,567.820007,569.919983,561.530029,569.549988,569.549988,0
2001-03-16,568.809998,569.010010,553.500000,553.500000,553.500000,0
2001-03-19,555.109985,559.409973,543.289978,547.619995,547.619995,0
2001-03-20,550.219971,553.760010,548.380005,553.030029,553.030029,0
2001-03-21,546.270020,547.059998,536.549988,542.080017,542.080017,0
2001-03-22,534.809998,536.380005,512.450012,518.270020,518.270020,0
2001-03-23,526.130005,531.770020,524.780029,529.419983,529.419983,0
2001-03-26,537.500000,550.429993,536.770020,549.549988,549.549988,0
2001-03-27,548.049988,560.580017,545.440002,558.489990,558.489990,0
2001-03-28,560.460022,564.030029,552.000000,552.770020,552.770020,0
2001-03-29,546.090027,552.830017,540.929993,552.770020,552.770020,0
2001-03-30,551.739990,563.010010,550.250000,558.359985,558.359985,0
2001-04-02,562.880005,563.229980,550.929993,557.900024,557.900024,0
2001-04-03,550.520020,552.489990,538.830017,539.780029,539.780029,0
2001-04-04,530.599976,538.260010,524.219971,537.520020,537.520020,0
2001-04-05,540.330017,554.780029,540.150024,552.900024,552.900024,0
2001-04-06,560.010010,560.010010,545.080017,551.950012,551.950012,0
2001-04-09,546.950012,561.419983,546.789978,557.840027,557.840027,0
2001-04-10,560.349976,570.450012,557.330017,570.450012,570.450012,0
2001-04-11,569.950012,579.309998,569.330017,576.489990,576.489990,0
2001-04-12,574.510010,579.630005,572.929993,575.320007,575.320007,0
2001-04-13,null,null,null,null,null,null
2001-04-16,null,null,null,null,null,null
2001-04-17,568.020020,570.140015,559.909973,569.340027,569.340027,0
2001-04-18,577.530029,585.080017,576.400024,584.729980,584.729980,0
2001-04-19,585.229980,586.179993,577.750000,579.429993,579.429993,0
2001-04-20,580.799988,581.210022,573.109985,575.340027,575.340027,0
2001-04-23,573.950012,575.229980,566.900024,568.320007,568.320007,0
2001-04-24,568.340027,576.330017,568.309998,576.030029,576.030029,0
2001-04-25,571.549988,576.479980,569.809998,576.080017,576.080017,0
2001-04-26,578.299988,584.320007,572.460022,583.950012,583.950012,0
2001-04-27,582.820007,595.599976,581.940002,593.090027,593.090027,0
2001-04-30,null,null,null,null,null,null
2001-05-01,597.119995,598.200012,593.859985,596.099976,596.099976,0
2001-05-02,600.169983,600.330017,594.530029,597.940002,597.940002,0
2001-05-03,599.219971,600.969971,584.599976,585.440002,585.440002,0
2001-05-04,583.340027,587.059998,574.710022,579.630005,579.630005,0
2001-05-07,584.140015,587.489990,582.299988,583.270020,583.270020,0
2001-05-08,582.130005,584.919983,577.469971,582.130005,582.130005,0
2001-05-09,577.919983,578.179993,574.739990,577.289978,577.289978,0
2001-05-10,577.710022,595.520020,577.210022,595.369995,595.369995,0
2001-05-11,591.289978,595.409973,591.210022,592.260010,592.260010,0
2001-05-14,588.150024,588.530029,583.559998,587.140015,587.140015,0
2001-05-15,588.219971,591.000000,585.650024,590.289978,590.289978,0
2001-05-16,585.619995,586.119995,580.330017,585.909973,585.909973,0
2001-05-17,593.960022,594.780029,590.989990,592.190002,592.190002,0
2001-05-18,588.479980,600.400024,588.140015,600.049988,600.049988,0
2001-05-21,601.460022,601.849976,596.909973,597.719971,597.719971,0
2001-05-22,601.020020,609.219971,600.750000,604.210022,604.210022,0
2001-05-23,600.559998,603.719971,596.710022,597.799988,597.799988,0
2001-05-24,596.919983,600.630005,594.520020,596.679993,596.679993,0
2001-05-25,597.440002,598.010010,589.229980,589.619995,589.619995,0
2001-05-28,591.280029,595.090027,590.390015,594.390015,594.390015,0
2001-05-29,594.440002,596.909973,590.729980,590.890015,590.890015,0
2001-05-30,587.669983,587.679993,582.450012,582.700012,582.700012,0
2001-05-31,579.679993,587.260010,577.859985,585.150024,585.150024,0
2001-06-01,581.099976,582.700012,577.440002,579.909973,579.909973,0
2001-06-04,null,null,null,null,null,null
2001-06-05,585.119995,590.119995,582.859985,589.539978,589.539978,0
2001-06-06,590.869995,591.859985,586.929993,590.000000,590.000000,0
2001-06-07,587.820007,590.799988,583.109985,588.640015,588.640015,0
2001-06-08,592.289978,592.359985,587.250000,588.640015,588.640015,0
2001-06-11,586.440002,588.299988,581.690002,581.840027,581.840027,0
2001-06-12,581.340027,581.340027,569.780029,572.059998,572.059998,0
2001-06-13,575.299988,578.479980,574.619995,576.739990,576.739990,0
2001-06-14,574.460022,575.320007,567.760010,567.760010,567.760010,0
2001-06-15,561.469971,565.419983,553.679993,557.719971,557.719971,0
2001-06-18,557.890015,559.390015,554.679993,558.960022,558.960022,0
2001-06-19,558.940002,562.869995,555.770020,556.130005,556.130005,0
2001-06-20,551.570007,553.580017,547.200012,551.979980,551.979980,0
2001-06-21,554.929993,557.469971,553.349976,556.289978,556.289978,0
2001-06-22,557.309998,563.539978,557.309998,563.539978,563.539978,0
2001-06-25,560.960022,568.210022,560.369995,565.919983,565.919983,0
2001-06-26,564.159973,564.219971,557.289978,560.200012,560.200012,0
2001-06-27,560.340027,562.039978,556.630005,558.549988,558.549988,0
2001-06-28,556.369995,563.299988,550.080017,562.950012,562.950012,0
2001-06-29,565.190002,573.500000,561.010010,573.500000,573.500000,0
2001-07-02,572.359985,581.280029,571.130005,581.140015,581.140015,0
2001-07-03,579.840027,581.400024,574.500000,576.299988,576.299988,0
2001-07-04,575.049988,577.440002,570.119995,575.650024,575.650024,0
2001-07-05,567.580017,573.909973,566.640015,573.909973,573.909973,0
2001-07-06,569.640015,569.859985,561.190002,562.919983,562.919983,0
2001-07-09,563.710022,564.130005,552.739990,561.039978,561.039978,0
2001-07-10,561.210022,564.849976,557.979980,559.479980,559.479980,0
2001-07-11,552.280029,554.460022,549.539978,551.289978,551.289978,0
2001-07-12,556.669983,557.440002,552.239990,554.570007,554.570007,0
2001-07-13,556.140015,556.190002,547.200012,552.530029,552.530029,0
2001-07-16,551.590027,552.330017,545.349976,546.890015,546.890015,0
2001-07-17,541.479980,547.460022,541.039978,546.840027,546.840027,0
2001-07-18,545.099976,545.229980,535.530029,539.429993,539.429993,0
2001-07-19,539.359985,542.380005,533.090027,542.380005,542.380005,0
2001-07-20,538.130005,539.530029,532.330017,537.419983,537.419983,0
2001-07-23,535.099976,545.030029,534.609985,539.880005,539.880005,0
2001-07-24,537.570007,542.150024,534.869995,536.419983,536.419983,0
2001-07-25,533.580017,538.559998,525.460022,526.549988,526.549988,0
2001-07-26,529.020020,530.400024,523.429993,527.789978,527.789978,0
2001-07-27,530.960022,536.650024,529.739990,535.429993,535.429993,0
2001-07-30,533.890015,544.520020,533.239990,543.760010,543.760010,0
2001-07-31,543.349976,549.080017,541.250000,548.719971,548.719971,0
2001-08-01,547.380005,553.369995,546.700012,551.830017,551.830017,0
2001-08-02,551.969971,559.000000,549.390015,549.919983,549.919983,0
2001-08-03,549.070007,549.830017,542.750000,542.750000,542.750000,0
2001-08-06,544.000000,549.080017,540.909973,544.020020,544.020020,0
2001-08-07,542.299988,546.549988,538.409973,545.599976,545.599976,0
2001-08-08,542.640015,542.859985,538.169983,540.580017,540.580017,0
2001-08-09,534.719971,537.320007,532.289978,533.489990,533.489990,0
2001-08-10,535.349976,539.570007,527.179993,530.090027,530.090027,0
2001-08-13,532.599976,535.109985,527.299988,532.409973,532.409973,0
2001-08-14,535.400024,540.640015,535.109985,538.059998,538.059998,0
2001-08-15,538.539978,539.390015,531.650024,532.700012,532.700012,0
2001-08-16,529.580017,530.640015,526.179993,530.099976,530.099976,0
2001-08-17,530.650024,532.400024,520.039978,522.619995,522.619995,0
2001-08-20,520.950012,523.429993,515.090027,522.869995,522.869995,0
2001-08-21,524.169983,529.299988,520.909973,529.299988,529.299988,0
2001-08-22,524.179993,531.109985,522.690002,526.349976,526.349976,0
2001-08-23,526.650024,533.419983,525.469971,533.340027,533.340027,0
2001-08-24,534.130005,540.190002,534.070007,538.770020,538.770020,0
2001-08-27,542.729980,545.450012,540.270020,542.479980,542.479980,0
2001-08-28,540.250000,544.419983,533.250000,533.809998,533.809998,0
2001-08-29,531.349976,538.840027,529.659973,535.539978,535.539978,0
2001-08-30,534.409973,537.140015,527.039978,527.039978,527.039978,0
2001-08-31,523.080017,527.049988,521.080017,523.630005,523.630005,0
2001-09-03,523.909973,523.909973,513.390015,516.630005,516.630005,0
2001-09-04,520.979980,523.159973,509.630005,522.049988,522.049988,0
2001-09-05,516.909973,517.960022,512.200012,513.070007,513.070007,0
2001-09-06,516.950012,517.859985,498.899994,500.329987,500.329987,0
2001-09-07,500.049988,502.149994,485.230011,486.040009,486.040009,0
2001-09-10,483.839996,486.510010,466.390015,483.529999,483.529999,0
2001-09-11,null,null,null,null,null,null
2001-09-12,441.029999,463.519989,438.880005,452.920013,452.920013,0
2001-09-13,454.470001,460.250000,446.890015,459.859985,459.859985,0
2001-09-14,458.500000,464.589996,426.489990,426.500000,426.500000,0
2001-09-17,425.890015,445.000000,412.820007,440.059998,440.059998,0
2001-09-18,436.260010,441.200012,431.290009,441.200012,441.200012,0
2001-09-19,438.619995,449.630005,428.959991,432.390015,432.390015,0
2001-09-20,430.269989,434.480011,407.450012,410.149994,410.149994,0
2001-09-21,387.940002,406.339996,378.359985,396.230011,396.230011,0
2001-09-24,410.450012,419.119995,405.750000,419.040009,419.040009,0
2001-09-25,416.190002,430.910004,408.029999,429.230011,429.230011,0
2001-09-26,426.980011,442.619995,423.290009,434.540009,434.540009,0
2001-09-27,434.540009,434.730011,425.859985,434.119995,434.119995,0
2001-09-28,440.279999,453.899994,440.089996,453.869995,453.869995,0
2001-10-01,452.309998,452.309998,436.200012,437.440002,437.440002,0
2001-10-02,440.839996,444.089996,426.000000,442.829987,442.829987,0
2001-10-03,438.359985,439.049988,429.799988,438.369995,438.369995,0
2001-10-04,449.100006,459.230011,447.839996,458.829987,458.829987,0
2001-10-05,450.239990,464.500000,448.809998,457.089996,457.089996,0
2001-10-08,449.149994,459.540009,441.040009,457.769989,457.769989,0
2001-10-09,456.489990,465.549988,454.179993,458.820007,458.820007,0
2001-10-10,456.070007,471.850006,453.899994,471.429993,471.429993,0
2001-10-11,476.200012,485.320007,473.480011,477.679993,477.679993,0
2001-10-12,482.339996,482.339996,468.420013,473.119995,473.119995,0
2001-10-15,465.070007,467.630005,449.559998,450.929993,450.929993,0
2001-10-16,450.200012,458.910004,444.529999,452.429993,452.429993,0
2001-10-17,460.089996,468.760010,458.850006,463.809998,463.809998,0
2001-10-18,453.070007,456.390015,451.010010,452.339996,452.339996,0
2001-10-19,452.540009,452.950012,442.690002,445.559998,445.559998,0
2001-10-22,448.109985,454.869995,440.910004,454.309998,454.309998,0
2001-10-23,458.140015,470.220001,457.809998,469.850006,469.850006,0
2001-10-24,464.899994,477.910004,464.029999,468.000000,468.000000,0
2001-10-25,473.980011,478.149994,456.359985,459.029999,459.029999,0
2001-10-26,468.059998,473.250000,464.380005,472.809998,472.809998,0
2001-10-29,474.250000,474.450012,464.649994,464.649994,464.649994,0
2001-10-30,458.200012,459.450012,450.920013,452.630005,452.630005,0
2001-10-31,447.869995,464.040009,445.309998,460.329987,460.329987,0
2001-11-01,461.329987,464.989990,453.339996,464.989990,464.989990,0
2001-11-02,466.440002,471.589996,465.239990,468.149994,468.149994,0
2001-11-05,471.299988,483.010010,470.549988,482.970001,482.970001,0
2001-11-06,484.320007,488.980011,478.779999,482.170013,482.170013,0
2001-11-07,481.980011,490.190002,477.910004,490.190002,490.190002,0
2001-11-08,489.019989,501.790009,488.709991,500.140015,500.140015,0
2001-11-09,495.299988,495.320007,488.529999,488.859985,488.859985,0
2001-11-12,490.130005,490.130005,472.890015,476.290009,476.290009,0
2001-11-13,482.119995,496.350006,482.119995,496.350006,496.350006,0
2001-11-14,500.660004,506.410004,492.000000,494.239990,494.239990,0
2001-11-15,496.609985,501.510010,490.739990,497.440002,497.440002,0
2001-11-16,498.859985,505.809998,493.260010,504.649994,504.649994,0
2001-11-19,507.829987,511.829987,504.899994,509.100006,509.100006,0
2001-11-20,509.489990,509.489990,499.339996,501.730011,501.730011,0
2001-11-21,499.329987,508.350006,498.500000,498.500000,498.500000,0
2001-11-22,500.369995,506.040009,498.980011,505.320007,505.320007,0
2001-11-23,507.149994,509.670013,499.529999,506.609985,506.609985,0
2001-11-26,510.690002,512.309998,506.910004,506.910004,506.910004,0
2001-11-27,509.059998,510.910004,495.119995,497.760010,497.760010,0
2001-11-28,494.299988,497.350006,488.510010,489.510010,489.510010,0
2001-11-29,485.329987,491.980011,484.709991,490.299988,490.299988,0
2001-11-30,493.160004,495.250000,485.880005,492.670013,492.670013,0
2001-12-03,489.760010,490.209991,482.489990,489.540009,489.540009,0
2001-12-04,492.500000,492.500000,488.190002,492.359985,492.359985,0
2001-12-05,495.420013,506.709991,495.420013,506.209991,506.209991,0
2001-12-06,509.149994,512.559998,505.279999,506.589996,506.589996,0
2001-12-07,506.390015,508.119995,502.920013,504.779999,504.779999,0
2001-12-10,504.000000,504.209991,494.209991,494.220001,494.220001,0
2001-12-11,493.510010,495.510010,490.119995,494.450012,494.450012,0
2001-12-12,494.260010,498.269989,487.619995,487.619995,487.619995,0
2001-12-13,488.880005,490.700012,477.700012,477.700012,477.700012,0
2001-12-14,475.290009,478.540009,473.070007,475.570007,475.570007,0
2001-12-17,478.920013,489.049988,474.920013,488.970001,488.970001,0
2001-12-18,487.959991,493.250000,485.440002,489.000000,489.000000,0
2001-12-19,487.750000,491.230011,484.200012,489.510010,489.510010,0
2001-12-20,487.339996,491.950012,482.239990,483.750000,483.750000,0
2001-12-21,480.299988,495.890015,478.640015,495.839996,495.839996,0
2001-12-24,495.989990,495.989990,492.510010,494.980011,494.980011,0
2001-12-25,null,null,null,null,null,null
2001-12-26,null,null,null,null,null,null
2001-12-27,496.350006,504.660004,496.190002,504.660004,504.660004,0
2001-12-28,504.290009,509.109985,504.290009,506.779999,506.779999,0
2001-12-31,null,null,null,null,null,null
2002-01-01,null,null,null,null,null,null
2002-01-02,503.410004,508.320007,497.529999,497.529999,497.529999,0
2002-01-03,502.510010,507.190002,500.649994,503.850006,503.850006,0
2002-01-04,506.470001,509.950012,499.559998,499.559998,499.559998,0
2002-01-07,503.369995,506.630005,497.470001,498.029999,498.029999,0
2002-01-08,497.140015,501.950012,493.480011,494.299988,494.299988,0
2002-01-09,495.269989,499.209991,490.350006,498.839996,498.839996,0
2002-01-10,496.160004,496.980011,490.809998,492.260010,492.260010,0
2002-01-11,493.260010,499.260010,492.440002,498.519989,498.519989,0
2002-01-14,496.209991,496.209991,487.739990,487.959991,487.959991,0
2002-01-15,486.559998,494.690002,485.350006,494.149994,494.149994,0
2002-01-16,492.079987,492.209991,486.450012,489.279999,489.279999,0
2002-01-17,488.529999,498.049988,488.529999,496.820007,496.820007,0
2002-01-18,492.070007,495.980011,491.750000,493.500000,493.500000,0
2002-01-21,495.220001,495.339996,489.829987,492.010010,492.010010,0
2002-01-22,491.380005,498.160004,489.200012,494.220001,494.220001,0
2002-01-23,492.190002,495.609985,491.170013,492.570007,492.570007,0
2002-01-24,496.059998,504.079987,495.070007,503.750000,503.750000,0
2002-01-25,503.309998,504.380005,498.890015,503.359985,503.359985,0
2002-01-28,505.630005,510.040009,504.839996,506.700012,506.700012,0
2002-01-29,508.339996,508.940002,502.609985,503.040009,503.040009,0
2002-01-30,495.910004,497.609985,492.440002,495.239990,495.239990,0
2002-01-31,500.170013,502.619995,498.070007,500.920013,500.920013,0
2002-02-01,502.130005,504.549988,500.149994,501.369995,501.369995,0
2002-02-04,500.989990,501.619995,495.160004,497.160004,497.160004,0
2002-02-05,493.470001,494.470001,484.029999,487.179993,487.179993,0
2002-02-06,489.200012,490.549988,479.839996,481.579987,481.579987,0
2002-02-07,479.059998,485.500000,477.549988,484.679993,484.679993,0
2002-02-08,482.440002,485.799988,481.019989,481.950012,481.950012,0
2002-02-11,486.200012,489.809998,485.450012,488.859985,488.859985,0
2002-02-12,491.630005,493.730011,486.660004,489.859985,489.859985,0
2002-02-13,489.790009,493.980011,489.000000,493.510010,493.510010,0
2002-02-14,495.839996,500.529999,494.279999,500.529999,500.529999,0
2002-02-15,500.970001,500.970001,496.880005,498.100006,498.100006,0
2002-02-18,496.739990,496.739990,492.929993,493.500000,493.500000,0
2002-02-19,489.000000,489.899994,482.130005,482.660004,482.660004,0
2002-02-20,481.190002,485.059998,477.519989,480.040009,480.040009,0
2002-02-21,485.750000,488.470001,481.950012,485.089996,485.089996,0
2002-02-22,481.980011,481.980011,475.190002,478.339996,478.339996,0
2002-02-25,481.440002,484.890015,477.200012,484.890015,484.890015,0
2002-02-26,488.989990,490.470001,485.600006,487.170013,487.170013,0
2002-02-27,490.140015,492.709991,487.880005,492.670013,492.670013,0
2002-02-28,490.200012,496.660004,485.190002,494.910004,494.910004,0
2002-03-01,492.209991,501.309998,492.100006,499.000000,499.000000,0
2002-03-04,504.220001,512.090027,504.140015,511.570007,511.570007,0
2002-03-05,510.839996,516.210022,509.489990,512.840027,512.840027,0
2002-03-06,510.799988,515.909973,509.049988,513.119995,513.119995,0
2002-03-07,517.119995,521.950012,514.280029,518.000000,518.000000,0
2002-03-08,516.270020,522.510010,513.710022,519.070007,519.070007,0
2002-03-11,519.489990,522.590027,516.140015,518.590027,518.590027,0
2002-03-12,516.780029,517.849976,511.950012,515.840027,515.840027,0
2002-03-13,516.140015,518.690002,511.029999,511.350006,511.350006,0
2002-03-14,510.350006,513.580017,509.769989,511.390015,511.390015,0
2002-03-15,510.660004,517.570007,509.309998,517.570007,517.570007,0
2002-03-18,519.690002,525.369995,518.890015,522.500000,522.500000,0
2002-03-19,523.400024,527.659973,523.130005,526.760010,526.760010,0
2002-03-20,527.700012,527.739990,520.950012,521.880005,521.880005,0
2002-03-21,520.010010,522.739990,518.469971,521.190002,521.190002,0
2002-03-22,523.119995,524.869995,521.690002,523.349976,523.349976,0
2002-03-25,523.090027,526.520020,521.179993,521.739990,521.739990,0
2002-03-26,517.799988,523.960022,517.640015,523.119995,523.119995,0
2002-03-27,524.260010,524.659973,519.590027,523.270020,523.270020,0
2002-03-28,524.390015,531.210022,524.119995,531.210022,531.210022,0
2002-03-29,null,null,null,null,null,null
2002-04-01,null,null,null,null,null,null
2002-04-02,528.599976,530.489990,527.909973,528.599976,528.599976,0
2002-04-03,528.000000,529.659973,526.460022,528.289978,528.289978,0
2002-04-04,526.109985,527.849976,519.280029,521.729980,521.729980,0
2002-04-05,520.880005,521.859985,516.299988,517.150024,517.150024,0
2002-04-08,516.900024,517.210022,506.290009,509.059998,509.059998,0
2002-04-09,513.159973,514.650024,510.369995,511.279999,511.279999,0
2002-04-10,509.149994,517.070007,507.459991,515.659973,515.659973,0
2002-04-11,517.780029,517.960022,509.600006,509.600006,509.600006,0
2002-04-12,509.260010,513.130005,508.869995,511.649994,511.649994,0
2002-04-15,512.750000,515.580017,511.600006,513.599976,513.599976,0
2002-04-16,518.580017,526.130005,517.750000,526.080017,526.080017,0
2002-04-17,528.119995,531.030029,527.260010,528.830017,528.830017,0
2002-04-18,527.150024,531.450012,524.500000,526.539978,526.539978,0
2002-04-19,523.619995,528.229980,521.070007,528.229980,528.229980,0
2002-04-22,526.849976,527.960022,523.229980,525.380005,525.380005,0
2002-04-23,527.320007,528.320007,521.950012,526.130005,526.130005,0
2002-04-24,524.390015,526.099976,519.570007,520.570007,520.570007,0
2002-04-25,518.400024,518.450012,509.869995,512.270020,512.270020,0
2002-04-26,513.640015,515.280029,508.790009,509.260010,509.260010,0
2002-04-29,507.059998,507.480011,503.380005,505.410004,505.410004,0
2002-04-30,505.809998,511.290009,504.170013,511.279999,511.279999,0
2002-05-01,null,null,null,null,null,null
2002-05-02,512.010010,512.179993,503.160004,503.230011,503.230011,0
2002-05-03,501.200012,505.100006,494.529999,495.739990,495.739990,0
2002-05-06,493.890015,495.709991,492.299988,493.709991,493.709991,0
2002-05-07,489.359985,491.010010,481.420013,489.190002,489.190002,0
2002-05-08,493.529999,498.059998,492.970001,498.059998,498.059998,0
2002-05-09,500.869995,501.250000,495.299988,498.230011,498.230011,0
2002-05-10,494.390015,497.070007,487.859985,490.519989,490.519989,0
2002-05-13,487.190002,493.980011,485.980011,493.670013,493.670013,0
2002-05-14,496.380005,503.679993,492.459991,501.839996,501.839996,0
2002-05-15,503.760010,505.619995,498.140015,503.829987,503.829987,0
2002-05-16,503.799988,506.109985,500.920013,502.010010,502.010010,0
2002-05-17,504.049988,505.829987,497.140015,498.160004,498.160004,0
2002-05-20,501.959991,501.959991,493.929993,495.410004,495.410004,0
2002-05-21,493.980011,495.739990,490.600006,492.399994,492.399994,0
2002-05-22,490.500000,492.239990,485.260010,486.730011,486.730011,0
2002-05-23,490.290009,492.739990,487.079987,492.040009,492.040009,0
2002-05-24,494.690002,495.380005,490.670013,492.160004,492.160004,0
2002-05-27,491.309998,497.119995,491.209991,492.940002,492.940002,0
2002-05-28,495.230011,496.950012,489.760010,490.100006,490.100006,0
2002-05-29,489.570007,490.220001,486.859985,489.540009,489.540009,0
2002-05-30,487.779999,488.010010,479.119995,480.339996,480.339996,0
2002-05-31,479.820007,484.559998,477.890015,484.549988,484.549988,0
2002-06-03,482.399994,483.350006,477.480011,478.049988,478.049988,0
2002-06-04,473.119995,473.179993,462.570007,462.570007,462.570007,0
2002-06-05,465.260010,467.570007,462.859985,463.019989,463.019989,0
2002-06-06,464.899994,470.899994,463.739990,466.000000,466.000000,0
2002-06-07,459.279999,459.279999,449.700012,454.140015,454.140015,0
2002-06-10,458.200012,460.089996,452.440002,454.029999,454.029999,0
2002-06-11,455.269989,462.890015,451.839996,462.320007,462.320007,0
2002-06-12,456.230011,456.420013,446.970001,446.970001,446.970001,0
2002-06-13,451.799988,453.230011,440.200012,441.980011,441.980011,0
2002-06-14,438.750000,439.320007,421.940002,429.950012,429.950012,0
2002-06-17,433.929993,446.109985,432.489990,446.109985,446.109985,0
2002-06-18,449.899994,449.899994,442.170013,447.049988,447.049988,0
2002-06-19,439.429993,439.429993,434.700012,439.149994,439.149994,0
2002-06-20,433.029999,435.700012,424.269989,427.429993,427.429993,0
2002-06-21,423.250000,431.679993,416.059998,423.160004,423.160004,0
2002-06-24,423.440002,426.260010,409.019989,410.730011,410.730011,0
2002-06-25,417.779999,424.640015,416.040009,423.440002,423.440002,0
2002-06-26,400.839996,413.549988,395.170013,413.170013,413.170013,0
2002-06-27,419.299988,428.279999,415.970001,419.059998,419.059998,0
2002-06-28,428.570007,439.660004,427.140015,439.660004,439.660004,0
2002-07-01,434.000000,446.920013,433.290009,438.929993,438.929993,0
2002-07-02,431.279999,431.510010,419.809998,420.799988,420.799988,0
2002-07-03,417.500000,425.609985,406.029999,406.079987,406.079987,0
2002-07-04,414.480011,419.940002,412.100006,419.940002,419.940002,0
2002-07-05,421.790009,437.359985,421.790009,437.359985,437.359985,0
2002-07-08,434.859985,438.940002,430.489990,433.890015,433.890015,0
2002-07-09,431.540009,436.790009,423.429993,429.299988,429.299988,0
2002-07-10,416.019989,421.130005,409.779999,409.779999,409.779999,0
2002-07-11,401.470001,404.609985,391.779999,391.779999,391.779999,0
2002-07-12,403.109985,406.089996,387.160004,391.010010,391.010010,0
2002-07-15,390.570007,393.070007,368.010010,368.010010,368.010010,0
2002-07-16,377.679993,378.529999,353.119995,363.850006,363.850006,0
2002-07-17,358.329987,385.880005,357.589996,379.510010,379.510010,0
2002-07-18,380.230011,395.000000,378.709991,386.709991,386.709991,0
2002-07-19,376.980011,377.720001,368.269989,368.309998,368.309998,0
2002-07-22,358.519989,358.649994,342.829987,342.829987,342.829987,0
2002-07-23,345.040009,356.040009,327.149994,330.730011,330.730011,0
2002-07-24,323.839996,328.619995,303.720001,318.459991,318.459991,0
2002-07-25,335.640015,340.190002,325.140015,336.130005,336.130005,0
2002-07-26,329.109985,337.390015,320.119995,336.070007,336.070007,0
2002-07-29,341.760010,361.869995,340.670013,361.869995,361.869995,0
2002-07-30,365.440002,367.809998,353.769989,355.920013,355.920013,0
2002-07-31,362.079987,371.239990,353.290009,363.589996,363.589996,0
2002-08-01,360.570007,367.690002,341.859985,342.040009,342.040009,0
2002-08-02,341.859985,342.320007,334.369995,336.209991,336.209991,0
2002-08-05,334.579987,334.579987,323.019989,323.160004,323.160004,0
2002-08-06,315.519989,342.320007,311.730011,338.320007,338.320007,0
2002-08-07,342.480011,348.040009,335.260010,337.160004,337.160004,0
2002-08-08,346.450012,356.299988,343.059998,353.899994,353.899994,0
2002-08-09,356.179993,362.760010,348.279999,361.630005,361.630005,0
2002-08-12,357.959991,359.309998,350.739990,352.290009,352.290009,0
2002-08-13,354.920013,359.739990,345.769989,357.440002,357.440002,0
2002-08-14,347.940002,354.559998,346.679993,347.220001,347.220001,0
2002-08-15,358.459991,366.529999,358.089996,364.220001,364.220001,0
2002-08-16,363.160004,371.059998,358.980011,369.109985,369.109985,0
2002-08-19,367.179993,386.109985,365.839996,386.109985,386.109985,0
2002-08-20,385.670013,389.079987,378.399994,379.420013,379.420013,0
2002-08-21,378.980011,388.420013,378.140015,380.660004,380.660004,0
2002-08-22,385.890015,395.649994,384.640015,395.649994,395.649994,0
2002-08-23,397.079987,397.079987,389.470001,390.320007,390.320007,0
2002-08-26,386.809998,392.380005,379.869995,379.869995,379.869995,0
2002-08-27,383.440002,395.589996,380.640015,394.950012,394.950012,0
2002-08-28,389.250000,389.250000,375.320007,377.359985,377.359985,0
2002-08-29,373.429993,373.429993,364.779999,365.820007,365.820007,0
2002-08-30,367.549988,374.989990,365.220001,371.589996,371.589996,0
2002-09-02,369.940002,369.940002,363.690002,363.899994,363.899994,0
2002-09-03,361.929993,361.929993,348.070007,349.739990,349.739990,0
2002-09-04,346.799988,353.130005,342.019989,349.709991,349.709991,0
2002-09-05,353.489990,353.769989,337.769989,344.890015,344.890015,0
2002-09-06,345.739990,357.559998,342.480011,356.109985,356.109985,0
2002-09-09,355.230011,355.369995,344.989990,346.369995,346.369995,0
2002-09-10,351.720001,357.440002,351.260010,357.190002,357.190002,0
2002-09-11,357.940002,369.029999,354.519989,367.359985,367.359985,0
2002-09-12,362.019989,363.459991,348.010010,349.450012,349.450012,0
2002-09-13,346.339996,346.339996,335.600006,339.450012,339.450012,0
2002-09-16,339.600006,342.279999,333.589996,336.630005,336.630005,0
2002-09-17,345.130005,349.290009,330.769989,332.190002,332.190002,0
2002-09-18,326.049988,326.130005,314.720001,316.049988,316.049988,0
2002-09-19,318.429993,321.480011,308.510010,310.410004,310.410004,0
2002-09-20,306.670013,315.670013,304.519989,308.019989,308.019989,0
2002-09-23,308.320007,313.640015,291.989990,294.720001,294.720001,0
2002-09-24,294.760010,297.239990,282.790009,293.760010,293.760010,0
2002-09-25,290.339996,307.040009,288.500000,299.950012,299.950012,0
2002-09-26,307.500000,319.779999,305.089996,319.779999,319.779999,0
2002-09-27,317.359985,319.480011,311.880005,315.739990,315.739990,0
2002-09-30,304.119995,304.119995,292.089996,296.359985,296.359985,0
2002-10-01,299.070007,305.250000,294.140015,305.049988,305.049988,0
2002-10-02,315.130005,319.459991,309.130005,317.410004,317.410004,0
2002-10-03,307.859985,321.799988,307.440002,313.899994,313.899994,0
2002-10-04,312.619995,316.609985,303.750000,305.880005,305.880005,0
2002-10-07,297.829987,304.940002,296.119995,300.489990,300.489990,0
2002-10-08,304.309998,306.459991,291.920013,292.510010,292.510010,0
2002-10-09,295.029999,296.170013,285.820007,291.440002,291.440002,0
2002-10-10,288.109985,301.769989,286.549988,301.480011,301.480011,0
2002-10-11,303.059998,318.079987,302.510010,317.750000,317.750000,0
2002-10-14,316.320007,322.619995,313.390015,316.130005,316.130005,0
2002-10-15,319.179993,340.589996,319.179993,340.589996,340.589996,0
2002-10-16,333.399994,347.950012,329.929993,331.940002,331.940002,0
2002-10-17,337.399994,348.570007,337.399994,343.450012,343.450012,0
2002-10-18,347.760010,347.760010,336.559998,345.339996,345.339996,0
2002-10-21,342.480011,347.260010,339.609985,344.739990,344.739990,0
2002-10-22,346.200012,352.739990,340.359985,342.600006,342.600006,0
2002-10-23,344.309998,346.980011,329.320007,329.320007,329.320007,0
2002-10-24,335.959991,338.910004,331.579987,336.269989,336.269989,0
2002-10-25,329.089996,332.579987,327.380005,330.529999,330.529999,0
2002-10-28,335.690002,341.690002,335.690002,339.369995,339.369995,0
2002-10-29,334.940002,338.399994,321.679993,323.040009,323.040009,0
2002-10-30,330.119995,335.820007,322.929993,335.070007,335.070007,0
2002-10-31,334.209991,344.049988,330.859985,342.839996,342.839996,0
2002-11-01,338.739990,340.880005,333.410004,339.109985,339.109985,0
2002-11-04,347.399994,353.309998,346.649994,352.029999,352.029999,0
2002-11-05,349.390015,357.220001,346.489990,354.410004,354.410004,0
2002-11-06,359.369995,361.220001,346.700012,349.320007,349.320007,0
2002-11-07,349.440002,352.040009,335.690002,336.220001,336.220001,0
2002-11-08,334.170013,338.269989,328.209991,330.230011,330.230011,0
2002-11-11,328.230011,329.489990,323.910004,328.109985,328.109985,0
2002-11-12,328.000000,332.339996,324.450012,328.309998,328.309998,0
2002-11-13,325.230011,326.170013,318.799988,326.170013,326.170013,0
2002-11-14,323.170013,337.100006,321.600006,335.660004,335.660004,0
2002-11-15,340.839996,341.500000,335.700012,338.170013,338.170013,0
2002-11-18,338.029999,346.450012,337.720001,343.239990,343.239990,0
2002-11-19,338.109985,341.079987,337.459991,340.820007,340.820007,0
2002-11-20,343.260010,345.359985,335.619995,339.350006,339.350006,0
2002-11-21,346.170013,356.959991,345.450012,356.339996,356.339996,0
2002-11-22,355.890015,358.630005,353.600006,357.559998,357.559998,0
2002-11-25,359.809998,362.809998,355.200012,358.589996,358.589996,0
2002-11-26,357.570007,358.119995,346.950012,347.640015,347.640015,0
2002-11-27,344.700012,357.660004,343.130005,357.399994,357.399994,0
2002-11-28,359.279999,363.239990,356.820007,360.100006,360.100006,0
2002-11-29,359.850006,364.220001,358.700012,361.989990,361.989990,0
2002-12-02,362.200012,370.420013,360.640015,361.160004,361.160004,0
2002-12-03,362.309998,363.459991,348.380005,349.230011,349.230011,0
2002-12-04,347.029999,349.220001,342.100006,343.279999,343.279999,0
2002-12-05,345.579987,352.750000,337.630005,339.329987,339.329987,0
2002-12-06,341.690002,342.820007,329.760010,338.470001,338.470001,0
2002-12-09,339.559998,342.679993,329.209991,330.089996,330.089996,0
2002-12-10,327.119995,333.690002,326.190002,331.049988,331.049988,0
2002-12-11,333.399994,338.230011,331.029999,335.720001,335.720001,0
2002-12-12,336.679993,337.760010,328.869995,330.089996,330.089996,0
2002-12-13,329.459991,329.459991,320.230011,322.750000,322.750000,0
2002-12-16,320.519989,335.839996,320.489990,335.510010,335.510010,0
2002-12-17,335.339996,337.910004,329.579987,330.390015,330.390015,0
2002-12-18,327.970001,329.959991,322.420013,323.549988,323.549988,0
2002-12-19,324.790009,328.179993,315.640015,320.720001,320.720001,0
2002-12-20,323.470001,328.519989,319.459991,325.239990,325.239990,0
2002-12-23,326.760010,330.220001,323.649994,329.720001,329.720001,0
2002-12-24,327.839996,329.820007,326.369995,327.359985,327.359985,0
2002-12-25,null,null,null,null,null,null
2002-12-26,null,null,null,null,null,null
2002-12-27,324.320007,327.019989,316.839996,317.859985,317.859985,0
2002-12-30,315.720001,320.380005,315.720001,320.290009,320.290009,0
2002-12-31,320.170013,325.179993,319.970001,322.730011,322.730011,0
2003-01-01,null,null,null,null,null,null
2003-01-02,323.760010,337.260010,322.390015,337.260010,337.260010,0
2003-01-03,339.130005,339.760010,333.170013,335.339996,335.339996,0
2003-01-06,338.329987,340.239990,331.290009,336.230011,336.230011,0
2003-01-07,338.619995,339.670013,331.470001,334.890015,334.890015,0
2003-01-08,332.730011,334.529999,328.059998,328.730011,328.730011,0
2003-01-09,327.119995,333.149994,322.100006,333.149994,333.149994,0
2003-01-10,332.489990,335.359985,327.579987,333.130005,333.130005,0
2003-01-13,334.489990,338.500000,332.510010,335.200012,335.200012,0
2003-01-14,335.559998,337.290009,332.429993,335.149994,335.149994,0
2003-01-15,336.790009,338.750000,330.250000,330.730011,330.730011,0
2003-01-16,329.500000,332.720001,328.440002,329.989990,329.989990,0
2003-01-17,327.630005,327.899994,318.589996,318.589996,318.589996,0
2003-01-20,319.420013,321.589996,313.040009,313.040009,313.040009,0
2003-01-21,315.220001,318.070007,307.690002,307.690002,307.690002,0
2003-01-22,307.149994,310.250000,298.820007,300.790009,300.790009,0
2003-01-23,304.119995,305.869995,297.890015,297.890015,297.890015,0
2003-01-24,300.609985,303.019989,295.559998,295.839996,295.839996,0
2003-01-27,293.929993,294.589996,283.869995,284.329987,284.329987,0
2003-01-28,288.440002,290.850006,283.029999,284.850006,284.850006,0
2003-01-29,284.480011,284.679993,273.140015,282.720001,282.720001,0
2003-01-30,287.070007,293.070007,286.839996,292.940002,292.940002,0
2003-01-31,286.890015,295.119995,284.230011,294.940002,294.940002,0
2003-02-03,299.429993,301.790009,297.350006,298.989990,298.989990,0
2003-02-04,295.940002,297.480011,285.339996,285.540009,285.540009,0
2003-02-05,286.410004,291.170013,282.339996,290.869995,290.869995,0
2003-02-06,288.109985,293.500000,282.010010,284.350006,284.350006,0
2003-02-07,284.179993,286.100006,278.730011,279.220001,279.220001,0
2003-02-10,279.489990,279.809998,273.829987,274.799988,274.799988,0
2003-02-11,278.250000,285.049988,276.880005,284.440002,284.440002,0
2003-02-12,279.799988,280.269989,273.720001,275.399994,275.399994,0
2003-02-13,273.200012,280.299988,270.200012,275.660004,275.660004,0
2003-02-14,278.399994,288.549988,278.260010,284.329987,284.329987,0
2003-02-17,290.070007,291.679993,288.470001,291.100006,291.100006,0
2003-02-18,290.750000,295.309998,287.290009,293.720001,293.720001,0
2003-02-19,292.769989,292.769989,286.059998,286.100006,286.100006,0
2003-02-20,286.579987,290.619995,281.299988,281.609985,281.609985,0
2003-02-21,279.989990,282.959991,278.339996,282.899994,282.899994,0
2003-02-24,283.369995,283.399994,267.609985,267.670013,267.670013,0
2003-02-25,265.309998,265.720001,254.449997,257.309998,257.309998,0
2003-02-26,260.679993,262.670013,251.770004,253.429993,253.429993,0
2003-02-27,253.979996,259.670013,249.550003,258.450012,258.450012,0
2003-02-28,259.149994,266.220001,257.079987,266.209991,266.209991,0
2003-03-03,270.420013,270.779999,264.790009,267.540009,267.540009,0
2003-03-04,263.739990,264.089996,256.200012,257.059998,257.059998,0
2003-03-05,254.179993,256.880005,251.630005,253.529999,253.529999,0
2003-03-06,254.119995,254.669998,246.729996,246.889999,246.889999,0
2003-03-07,244.130005,244.149994,234.850006,236.199997,236.199997,0
2003-03-10,238.770004,238.970001,226.970001,228.259995,228.259995,0
2003-03-11,225.369995,234.139999,220.770004,227.669998,227.669998,0
2003-03-12,229.360001,232.160004,217.800003,218.440002,218.440002,0
2003-03-13,225.820007,240.250000,224.630005,240.250000,240.250000,0
2003-03-14,245.360001,257.820007,245.360001,257.329987,257.329987,0
2003-03-17,245.229996,273.440002,243.360001,268.959991,268.959991,0
2003-03-18,270.890015,277.420013,261.160004,264.100006,264.100006,0
2003-03-19,266.049988,275.269989,260.440002,267.809998,267.809998,0
2003-03-20,264.790009,271.579987,261.329987,264.910004,264.910004,0
2003-03-21,266.899994,278.529999,266.829987,278.089996,278.089996,0
2003-03-24,272.119995,272.619995,260.279999,260.339996,260.339996,0
2003-03-25,257.290009,268.369995,251.410004,267.649994,267.649994,0
2003-03-26,269.769989,273.320007,264.890015,266.589996,266.589996,0
2003-03-27,264.559998,264.559998,258.910004,261.380005,261.380005,0
2003-03-28,261.609985,262.290009,255.649994,262.119995,262.119995,0
2003-03-31,255.899994,255.899994,247.720001,248.539993,248.539993,0
2003-04-01,251.220001,254.369995,248.270004,252.570007,252.570007,0
2003-04-02,257.540009,266.179993,257.540009,265.170013,265.170013,0
2003-04-03,265.880005,272.609985,263.290009,268.890015,268.890015,0
2003-04-04,268.589996,273.399994,263.190002,270.529999,270.529999,0
2003-04-07,279.760010,288.029999,279.760010,285.890015,285.890015,0
2003-04-08,281.260010,286.029999,278.769989,279.489990,279.489990,0
2003-04-09,276.179993,283.079987,273.570007,278.109985,278.109985,0
2003-04-10,273.239990,276.940002,271.970001,271.970001,271.970001,0
2003-04-11,274.899994,282.480011,273.970001,276.220001,276.220001,0
2003-04-14,277.679993,279.429993,272.609985,278.869995,278.869995,0
2003-04-15,283.670013,289.190002,283.059998,288.220001,288.220001,0
2003-04-16,293.140015,295.579987,286.480011,287.450012,287.450012,0
2003-04-17,283.730011,287.829987,282.239990,287.209991,287.209991,0
2003-04-18,null,null,null,null,null,null
2003-04-21,null,null,null,null,null,null
2003-04-22,287.670013,287.670013,281.410004,287.660004,287.660004,0
2003-04-23,293.130005,295.209991,289.320007,291.690002,291.690002,0
2003-04-24,286.589996,291.739990,282.410004,282.540009,282.540009,0
2003-04-25,283.420013,285.489990,277.209991,278.299988,278.299988,0
2003-04-28,276.549988,287.369995,275.320007,287.339996,287.339996,0
2003-04-29,289.760010,292.660004,283.609985,283.609985,283.609985,0
2003-04-30,283.209991,286.619995,280.950012,282.630005,282.630005,0
2003-05-01,null,null,null,null,null,null
2003-05-02,280.989990,281.089996,275.160004,279.329987,279.329987,0
2003-05-05,282.179993,289.100006,282.179993,286.630005,286.630005,0
2003-05-06,286.320007,290.649994,284.179993,290.649994,290.649994,0
2003-05-07,289.769989,291.980011,285.000000,285.839996,285.839996,0
2003-05-08,283.010010,286.010010,277.619995,278.690002,278.690002,0
2003-05-09,280.209991,282.049988,275.410004,282.040009,282.040009,0
2003-05-12,284.760010,285.739990,277.329987,282.940002,282.940002,0
2003-05-13,283.589996,284.769989,279.660004,282.000000,282.000000,0
2003-05-14,280.700012,285.950012,280.130005,282.149994,282.149994,0
2003-05-15,281.790009,284.929993,279.829987,284.149994,284.149994,0
2003-05-16,284.790009,290.510010,284.079987,287.829987,287.829987,0
2003-05-19,284.390015,284.390015,273.809998,273.809998,273.809998,0
2003-05-20,273.299988,276.420013,270.040009,274.890015,274.890015,0
2003-05-21,274.230011,274.899994,267.019989,268.579987,268.579987,0
2003-05-22,271.959991,274.950012,270.239990,274.950012,274.950012,0
2003-05-23,275.899994,276.839996,268.750000,270.420013,270.420013,0
2003-05-26,271.679993,272.609985,269.019989,270.179993,270.179993,0
2003-05-27,269.399994,272.519989,264.799988,272.149994,272.149994,0
2003-05-28,276.190002,279.799988,274.529999,278.640015,278.640015,0
2003-05-29,274.929993,279.339996,274.640015,277.829987,277.829987,0
2003-05-30,275.500000,281.920013,274.899994,280.570007,280.570007,0
2003-06-02,283.579987,286.200012,282.250000,286.179993,286.179993,0
2003-06-03,282.980011,283.950012,281.380005,283.359985,283.359985,0
2003-06-04,284.980011,289.940002,283.290009,289.730011,289.730011,0
2003-06-05,291.279999,292.630005,286.950012,289.390015,289.390015,0
2003-06-06,291.730011,300.290009,291.369995,299.589996,299.589996,0
2003-06-09,297.260010,299.160004,292.760010,293.079987,293.079987,0
2003-06-10,291.779999,295.790009,291.359985,294.570007,294.570007,0
2003-06-11,296.910004,302.049988,296.700012,301.730011,301.730011,0
2003-06-12,303.839996,307.420013,302.369995,305.609985,305.609985,0
2003-06-13,305.329987,305.739990,295.760010,296.179993,296.179993,0
2003-06-16,294.799988,303.549988,292.940002,303.549988,303.549988,0
2003-06-17,308.100006,309.500000,301.779999,304.519989,304.519989,0
2003-06-18,305.880005,306.600006,302.899994,306.600006,306.600006,0
2003-06-19,306.230011,307.279999,298.299988,299.859985,299.859985,0
2003-06-20,298.049988,303.429993,297.529999,303.399994,303.399994,0
2003-06-23,302.670013,303.070007,291.980011,292.829987,292.829987,0
2003-06-24,292.380005,294.079987,289.049988,290.279999,290.279999,0
2003-06-25,292.910004,294.489990,290.170013,294.489990,294.489990,0
2003-06-26,290.869995,295.279999,290.420013,292.809998,292.809998,0
2003-06-27,296.179993,298.019989,293.750000,298.019989,298.019989,0
2003-06-30,296.250000,299.549988,291.450012,291.549988,291.549988,0
2003-07-01,293.279999,293.980011,284.140015,285.109985,285.109985,0
2003-07-02,290.230011,294.170013,288.750000,294.170013,294.170013,0
2003-07-03,295.450012,296.279999,291.500000,295.500000,295.500000,0
2003-07-04,294.019989,295.790009,292.630005,292.630005,292.630005,0
2003-07-07,295.200012,306.179993,295.140015,306.179993,306.179993,0
2003-07-08,305.040009,308.769989,304.529999,307.230011,307.230011,0
2003-07-09,307.059998,307.410004,301.679993,302.549988,302.549988,0
2003-07-10,301.850006,302.690002,298.149994,298.760010,298.760010,0
2003-07-11,297.329987,303.209991,296.660004,303.209991,303.209991,0
2003-07-14,305.880005,310.549988,304.359985,309.059998,309.059998,0
2003-07-15,308.619995,312.549988,307.420013,309.980011,309.980011,0
2003-07-16,310.359985,312.529999,306.739990,308.269989,308.269989,0
2003-07-17,305.899994,306.570007,301.390015,302.309998,302.309998,0
2003-07-18,302.309998,310.500000,302.160004,309.410004,309.410004,0
2003-07-21,312.010010,312.880005,304.660004,305.769989,305.769989,0
2003-07-22,307.549988,308.549988,303.660004,308.549988,308.549988,0
2003-07-23,310.480011,311.109985,305.850006,306.429993,306.429993,0
2003-07-24,307.230011,312.320007,304.670013,312.000000,312.000000,0
2003-07-25,308.679993,310.829987,306.359985,308.040009,308.040009,0
2003-07-28,312.029999,312.619995,309.750000,311.970001,311.970001,0
2003-07-29,310.480011,315.600006,308.989990,309.980011,309.980011,0
2003-07-30,309.929993,314.239990,309.339996,311.769989,311.769989,0
2003-07-31,313.339996,318.130005,311.489990,317.489990,317.489990,0
2003-08-01,316.670013,319.070007,313.470001,314.739990,314.739990,0
2003-08-04,313.429993,317.589996,310.250000,311.600006,311.600006,0
2003-08-05,314.799988,315.600006,312.929993,314.250000,314.250000,0
2003-08-06,310.700012,311.380005,308.309998,308.500000,308.500000,0
2003-08-07,312.589996,312.589996,305.649994,309.309998,309.309998,0
2003-08-08,309.179993,314.140015,308.079987,312.350006,312.350006,0
2003-08-11,313.029999,314.660004,311.369995,313.239990,313.239990,0
2003-08-12,313.670013,316.750000,312.420013,315.359985,315.359985,0
2003-08-13,317.859985,318.000000,314.329987,315.260010,315.260010,0
2003-08-14,316.200012,320.299988,314.559998,320.049988,320.049988,0
2003-08-15,320.359985,324.269989,320.049988,322.989990,322.989990,0
2003-08-18,323.579987,325.279999,321.950012,324.839996,324.839996,0
2003-08-19,327.410004,329.209991,326.220001,326.519989,326.519989,0
2003-08-20,326.829987,327.850006,323.399994,325.809998,325.809998,0
2003-08-21,327.790009,332.869995,327.790009,330.269989,330.269989,0
2003-08-22,330.750000,336.019989,329.440002,334.149994,334.149994,0
2003-08-25,332.100006,332.910004,330.089996,330.619995,330.619995,0
2003-08-26,331.350006,333.220001,326.019989,327.010010,327.010010,0
2003-08-27,328.920013,331.140015,328.329987,331.019989,331.019989,0
2003-08-28,330.649994,334.579987,329.399994,331.109985,331.109985,0
2003-08-29,333.790009,334.700012,329.410004,329.410004,329.410004,0
2003-09-01,331.059998,337.109985,331.040009,337.109985,337.109985,0
2003-09-02,337.089996,338.339996,335.209991,336.410004,336.410004,0
2003-09-03,339.119995,343.320007,339.119995,341.429993,341.429993,0
2003-09-04,341.989990,344.329987,338.679993,339.790009,339.790009,0
2003-09-05,341.309998,342.070007,336.959991,339.230011,339.230011,0
2003-09-08,337.929993,342.619995,337.700012,342.200012,342.200012,0
2003-09-09,344.250000,344.299988,336.309998,337.579987,337.579987,0
2003-09-10,335.630005,336.089996,330.410004,331.049988,331.049988,0
2003-09-11,328.049988,333.059998,328.049988,330.500000,330.500000,0
2003-09-12,332.859985,333.910004,326.970001,328.269989,328.269989,0
2003-09-15,330.459991,333.559998,330.320007,331.519989,331.519989,0
2003-09-16,331.399994,334.619995,330.299988,334.500000,334.500000,0
2003-09-17,337.320007,339.339996,336.850006,337.380005,337.380005,0
2003-09-18,336.420013,339.279999,335.600006,338.399994,338.399994,0
2003-09-19,340.559998,340.679993,334.510010,334.820007,334.820007,0
2003-09-22,331.160004,331.160004,325.579987,327.010010,327.010010,0
2003-09-23,327.809998,328.149994,320.950012,322.739990,322.739990,0
2003-09-24,325.269989,325.649994,322.040009,322.220001,322.220001,0
2003-09-25,317.720001,320.149994,316.040009,318.239990,318.239990,0
2003-09-26,316.119995,318.089996,312.390015,313.980011,313.980011,0
2003-09-29,312.549988,317.459991,310.940002,312.519989,312.519989,0
2003-09-30,313.619995,314.970001,305.299988,306.779999,306.779999,0
2003-10-01,308.820007,311.709991,306.429993,311.579987,311.579987,0
2003-10-02,315.299988,316.910004,313.089996,314.470001,314.470001,0
2003-10-03,316.380005,323.799988,315.660004,323.510010,323.510010,0
2003-10-06,322.019989,323.640015,319.399994,320.410004,320.410004,0
2003-10-07,320.940002,321.170013,315.380005,318.250000,318.250000,0
2003-10-08,316.880005,322.019989,316.070007,317.140015,317.140015,0
2003-10-09,318.739990,324.809998,318.179993,324.600006,324.600006,0
2003-10-10,325.510010,327.160004,322.140015,323.130005,323.130005,0
2003-10-13,325.410004,329.510010,324.959991,328.670013,328.670013,0
2003-10-14,330.410004,330.790009,325.130005,326.420013,326.420013,0
2003-10-15,329.170013,333.910004,328.339996,331.380005,331.380005,0
2003-10-16,329.899994,331.619995,327.239990,327.839996,327.839996,0
2003-10-17,328.510010,332.790009,327.790009,330.059998,330.059998,0
2003-10-20,329.049988,331.010010,326.059998,327.529999,327.529999,0
2003-10-21,330.160004,331.920013,328.179993,328.850006,328.850006,0
2003-10-22,328.429993,329.920013,321.299988,322.029999,322.029999,0
2003-10-23,316.350006,319.510010,316.140015,317.359985,317.359985,0
2003-10-24,317.109985,318.910004,315.519989,316.429993,316.429993,0
2003-10-27,318.359985,321.540009,318.359985,320.230011,320.230011,0
2003-10-28,322.309998,324.040009,321.459991,322.829987,322.829987,0
2003-10-29,326.320007,326.779999,323.089996,325.450012,325.450012,0
2003-10-30,325.559998,331.149994,323.429993,328.549988,328.549988,0
2003-10-31,328.200012,331.429993,326.970001,330.220001,330.220001,0
2003-11-03,331.329987,340.700012,330.910004,340.700012,340.700012,0
2003-11-04,339.989990,341.329987,336.850006,338.149994,338.149994,0
2003-11-05,337.739990,339.630005,335.190002,336.000000,336.000000,0
2003-11-06,337.140015,341.839996,333.920013,338.880005,338.880005,0
2003-11-07,340.950012,344.619995,340.950012,342.989990,342.989990,0
2003-11-10,340.649994,342.519989,339.049988,339.170013,339.170013,0
2003-11-11,337.089996,337.089996,335.100006,336.350006,336.350006,0
2003-11-12,336.399994,338.170013,334.480011,336.850006,336.850006,0
2003-11-13,340.850006,341.359985,337.230011,338.869995,338.869995,0
2003-11-14,337.529999,341.470001,337.260010,338.839996,338.839996,0
2003-11-17,334.149994,334.709991,328.739990,328.950012,328.950012,0
2003-11-18,331.540009,332.059998,326.980011,328.500000,328.500000,0
2003-11-19,324.220001,327.609985,322.839996,327.230011,327.230011,0
2003-11-20,328.980011,328.980011,320.829987,325.570007,325.570007,0
2003-11-21,324.589996,327.179993,323.589996,325.100006,325.100006,0
2003-11-24,326.339996,333.579987,326.269989,333.579987,333.579987,0
2003-11-25,335.040009,336.179993,332.350006,334.119995,334.119995,0
2003-11-26,333.410004,337.750000,332.320007,332.320007,332.320007,0
2003-11-27,333.519989,335.359985,332.549988,334.350006,334.350006,0
2003-11-28,334.149994,335.869995,329.709991,332.190002,332.190002,0
2003-12-01,334.660004,337.980011,334.660004,337.079987,337.079987,0
2003-12-02,337.730011,339.100006,335.600006,336.929993,336.929993,0
2003-12-03,335.149994,339.670013,335.089996,339.119995,339.119995,0
2003-12-04,338.000000,339.790009,336.160004,337.890015,337.890015,0
2003-12-05,336.209991,337.489990,332.250000,334.640015,334.640015,0
2003-12-08,332.420013,332.450012,330.269989,331.850006,331.850006,0
2003-12-09,334.750000,334.750000,331.899994,332.209991,332.209991,0
2003-12-10,330.519989,330.920013,326.299988,327.760010,327.760010,0
2003-12-11,329.119995,330.309998,327.010010,330.130005,330.130005,0
2003-12-12,332.480011,333.750000,328.190002,329.920013,329.920013,0
2003-12-15,334.809998,335.600006,329.519989,330.260010,330.260010,0
2003-12-16,327.839996,329.670013,326.910004,328.250000,328.250000,0
2003-12-17,328.929993,329.420013,324.839996,325.880005,325.880005,0
2003-12-18,325.799988,328.760010,325.279999,328.589996,328.589996,0
2003-12-19,329.929993,331.690002,328.720001,331.649994,331.649994,0
2003-12-22,329.309998,331.940002,329.220001,330.130005,330.130005,0
2003-12-23,331.609985,331.730011,329.929993,331.019989,331.019989,0
2003-12-24,331.100006,332.059998,330.589996,332.059998,332.059998,0
2003-12-25,null,null,null,null,null,null
2003-12-26,null,null,null,null,null,null
2003-12-29,333.040009,335.309998,332.929993,334.529999,334.529999,0
2003-12-30,336.600006,337.750000,336.049988,337.040009,337.040009,0
2003-12-31,337.450012,338.019989,336.839996,337.649994,337.649994,0
2004-01-01,null,null,null,null,null,null
2004-01-02,338.690002,342.760010,337.970001,342.760010,342.760010,0
2004-01-05,342.619995,344.000000,340.720001,343.739990,343.739990,0
2004-01-06,344.920013,345.239990,341.480011,342.109985,342.109985,0
2004-01-07,343.200012,343.239990,338.640015,340.170013,340.170013,0
2004-01-08,343.260010,346.220001,342.470001,345.290009,345.290009,0
2004-01-09,345.160004,346.910004,341.609985,343.519989,343.519989,0
2004-01-12,342.269989,342.640015,340.570007,341.529999,341.529999,0
2004-01-13,343.250000,346.160004,342.510010,342.769989,342.769989,0
2004-01-14,342.549988,347.779999,341.910004,347.230011,347.230011,0
2004-01-15,346.510010,352.859985,345.799988,351.470001,351.470001,0
2004-01-16,353.079987,358.890015,353.079987,357.549988,357.549988,0
2004-01-19,359.000000,360.390015,356.170013,357.339996,357.339996,0
2004-01-20,357.329987,357.519989,354.079987,354.250000,354.250000,0
2004-01-21,353.970001,357.549988,353.459991,357.450012,357.450012,0
2004-01-22,359.640015,360.299988,356.299988,357.970001,357.970001,0
2004-01-23,357.630005,358.459991,356.190002,357.130005,357.130005,0
2004-01-26,357.130005,357.309998,354.309998,355.579987,355.579987,0
2004-01-27,359.450012,360.850006,356.959991,356.959991,356.959991,0
2004-01-28,356.899994,359.940002,355.209991,359.230011,359.230011,0
2004-01-29,355.859985,357.230011,353.899994,354.220001,354.220001,0
2004-01-30,355.350006,356.660004,352.670013,353.309998,353.309998,0
2004-02-02,354.510010,355.820007,352.390015,355.470001,355.470001,0
2004-02-03,355.399994,355.640015,350.570007,351.739990,351.739990,0
2004-02-04,350.609985,351.459991,348.609985,348.989990,348.989990,0
2004-02-05,347.929993,352.149994,347.880005,349.850006,349.850006,0
2004-02-06,351.450012,353.200012,349.600006,351.350006,351.350006,0
2004-02-09,352.609985,355.940002,352.500000,355.489990,355.489990,0
2004-02-10,355.720001,356.059998,353.739990,355.769989,355.769989,0
2004-02-11,356.260010,357.989990,355.709991,357.609985,357.609985,0
2004-02-12,358.579987,360.399994,356.910004,358.350006,358.350006,0
2004-02-13,358.070007,359.579987,354.760010,355.640015,355.640015,0
2004-02-16,355.630005,357.929993,355.609985,357.670013,357.670013,0
2004-02-17,357.910004,361.649994,357.910004,361.019989,361.019989,0
2004-02-18,363.200012,363.200012,360.329987,361.339996,361.339996,0
2004-02-19,361.910004,365.929993,361.179993,364.799988,364.799988,0
2004-02-20,363.589996,365.480011,361.100006,362.369995,362.369995,0
2004-02-23,363.049988,364.459991,359.929993,359.929993,359.929993,0
2004-02-24,358.420013,359.529999,352.679993,354.209991,354.209991,0
2004-02-25,354.920013,356.160004,352.540009,355.040009,355.040009,0
2004-02-26,357.399994,357.779999,354.779999,355.989990,355.989990,0
2004-02-27,358.339996,360.179993,356.589996,356.589996,356.589996,0
2004-03-01,357.739990,359.359985,356.029999,358.630005,358.630005,0
2004-03-02,360.350006,362.230011,358.940002,362.230011,362.230011,0
2004-03-03,361.339996,362.179993,359.070007,360.100006,360.100006,0
2004-03-04,360.899994,361.589996,358.989990,361.519989,361.519989,0
2004-03-05,361.799988,362.670013,357.660004,359.929993,359.929993,0
2004-03-08,361.130005,361.500000,359.769989,360.820007,360.820007,0
2004-03-09,358.250000,358.619995,354.570007,355.500000,355.500000,0
2004-03-10,353.609985,355.109985,352.950012,354.519989,354.519989,0
2004-03-11,350.190002,350.679993,343.290009,344.049988,344.049988,0
2004-03-12,340.000000,346.209991,338.989990,345.989990,345.989990,0
2004-03-15,346.489990,346.489990,336.899994,337.220001,337.220001,0
2004-03-16,336.290009,339.019989,332.959991,338.459991,338.459991,0
2004-03-17,339.850006,345.179993,339.850006,345.109985,345.109985,0
2004-03-18,345.809998,345.829987,336.320007,336.929993,336.929993,0
2004-03-19,339.690002,339.690002,333.149994,336.239990,336.239990,0
2004-03-22,332.600006,332.600006,325.730011,328.380005,328.380005,0
2004-03-23,327.440002,332.010010,327.440002,329.209991,329.209991,0
2004-03-24,329.959991,331.839996,323.369995,326.329987,326.329987,0
2004-03-25,329.010010,334.529999,328.839996,334.529999,334.529999,0
2004-03-26,337.019989,337.440002,333.390015,335.239990,335.239990,0
2004-03-29,336.630005,341.209991,335.540009,340.510010,340.510010,0
2004-03-30,341.209991,341.209991,336.829987,339.829987,339.829987,0
2004-03-31,340.809998,342.640015,337.850006,338.869995,338.869995,0
2004-04-01,340.790009,343.510010,338.369995,342.459991,342.459991,0
2004-04-02,343.079987,350.940002,342.720001,350.519989,350.519989,0
2004-04-05,352.100006,353.920013,349.809998,352.299988,352.299988,0
2004-04-06,353.839996,353.839996,349.440002,349.649994,349.649994,0
2004-04-07,350.260010,352.519989,349.269989,350.489990,350.489990,0
2004-04-08,352.019989,353.739990,350.390015,350.959991,350.959991,0
2004-04-09,null,null,null,null,null,null
2004-04-12,null,null,null,null,null,null
2004-04-13,353.279999,354.929993,352.250000,353.339996,353.339996,0
2004-04-14,350.799988,351.230011,345.950012,349.859985,349.859985,0
2004-04-15,349.079987,351.920013,347.989990,349.980011,349.980011,0
2004-04-16,349.690002,353.390015,349.690002,352.760010,352.760010,0
2004-04-19,352.040009,353.390015,350.019989,352.890015,352.890015,0
2004-04-20,354.779999,357.760010,354.089996,355.760010,355.760010,0
2004-04-21,352.859985,355.160004,352.160004,353.880005,353.880005,0
2004-04-22,354.920013,355.380005,351.660004,355.380005,355.380005,0
2004-04-23,357.640015,358.489990,356.209991,356.619995,356.619995,0
2004-04-26,355.950012,357.730011,354.529999,354.570007,354.570007,0
2004-04-27,354.309998,355.250000,352.690002,353.989990,353.989990,0
2004-04-28,352.049988,352.309998,347.239990,347.920013,347.920013,0
2004-04-29,346.130005,347.369995,341.820007,343.510010,343.510010,0
2004-04-30,340.880005,343.359985,340.799988,341.410004,341.410004,0
2004-05-03,338.559998,343.820007,338.420013,343.619995,343.619995,0
2004-05-04,343.709991,344.140015,340.670013,343.089996,343.089996,0
2004-05-05,342.309998,346.329987,341.820007,345.630005,345.630005,0
2004-05-06,345.399994,345.510010,338.140015,338.570007,338.570007,0
2004-05-07,339.339996,339.339996,333.640015,337.970001,337.970001,0
2004-05-10,331.920013,332.920013,328.429993,329.459991,329.459991,0
2004-05-11,331.420013,333.790009,331.059998,332.959991,332.959991,0
2004-05-12,333.279999,333.279999,325.359985,326.010010,326.010010,0
2004-05-13,328.440002,330.869995,327.140015,330.700012,330.700012,0
2004-05-14,328.630005,330.220001,325.489990,327.390015,327.390015,0
2004-05-17,322.750000,323.480011,319.109985,323.000000,323.000000,0
2004-05-18,324.179993,327.100006,323.829987,326.339996,326.339996,0
2004-05-19,329.420013,333.790009,329.260010,332.700012,332.700012,0
2004-05-20,330.119995,330.980011,328.609985,330.579987,330.579987,0
2004-05-21,331.640015,332.750000,328.470001,330.489990,330.489990,0
2004-05-24,330.940002,336.420013,330.940002,333.940002,333.940002,0
2004-05-25,332.130005,332.630005,329.720001,331.540009,331.540009,0
2004-05-26,336.630005,336.929993,333.570007,334.519989,334.519989,0
2004-05-27,335.500000,339.459991,335.500000,338.170013,338.170013,0
2004-05-28,338.070007,339.350006,335.619995,336.950012,336.950012,0
2004-05-31,336.500000,337.339996,336.049988,337.190002,337.190002,0
2004-06-01,337.859985,337.890015,331.880005,331.880005,331.880005,0
2004-06-02,334.290009,336.779999,333.239990,334.480011,334.480011,0
2004-06-03,334.299988,336.570007,333.299988,336.570007,336.570007,0
2004-06-04,337.040009,339.459991,336.549988,339.079987,339.079987,0
2004-06-07,341.619995,343.279999,341.260010,342.420013,342.420013,0
2004-06-08,344.260010,344.260010,341.220001,342.730011,342.730011,0
2004-06-09,343.179993,344.359985,341.489990,341.739990,341.739990,0
2004-06-10,341.720001,342.670013,340.709991,342.109985,342.109985,0
2004-06-11,341.929993,342.170013,340.089996,341.359985,341.359985,0
2004-06-14,340.309998,340.450012,335.529999,337.290009,337.290009,0
2004-06-15,336.700012,340.230011,336.209991,339.809998,339.809998,0
2004-06-16,340.420013,342.679993,340.100006,342.119995,342.119995,0
2004-06-17,341.829987,343.940002,341.500000,342.549988,342.549988,0
2004-06-18,341.149994,343.690002,340.880005,343.380005,343.380005,0
2004-06-21,344.779999,345.160004,342.790009,343.869995,343.869995,0
2004-06-22,342.589996,343.429993,338.859985,339.619995,339.619995,0
2004-06-23,341.209991,342.149994,339.980011,340.369995,340.369995,0
2004-06-24,343.399994,344.760010,342.380005,343.140015,343.140015,0
2004-06-25,342.420013,344.049988,342.100006,343.429993,343.429993,0
2004-06-28,342.660004,348.070007,342.510010,347.149994,347.149994,0
2004-06-29,344.899994,346.359985,344.579987,346.350006,346.350006,0
2004-06-30,347.040009,347.670013,345.130005,345.130005,345.130005,0
2004-07-01,346.799988,348.730011,343.790009,345.869995,345.869995,0
2004-07-02,344.049988,344.750000,340.760010,341.829987,341.829987,0
2004-07-05,341.089996,341.839996,339.260010,339.839996,339.839996,0
2004-07-06,340.690002,340.690002,334.940002,335.920013,335.920013,0
2004-07-07,336.440002,336.890015,334.399994,334.790009,334.790009,0
2004-07-08,333.899994,335.820007,332.369995,335.559998,335.559998,0
2004-07-09,333.760010,336.239990,333.079987,335.940002,335.940002,0
2004-07-12,335.760010,337.100006,333.420013,333.529999,333.529999,0
2004-07-13,335.609985,335.609985,333.619995,333.799988,333.799988,0
2004-07-14,332.250000,333.209991,329.320007,332.720001,332.720001,0
2004-07-15,331.779999,332.339996,328.179993,328.630005,328.630005,0
2004-07-16,328.760010,331.440002,328.609985,328.769989,328.769989,0
2004-07-19,329.410004,329.410004,326.359985,326.679993,326.679993,0
2004-07-20,326.109985,328.140015,323.510010,328.059998,328.059998,0
2004-07-21,330.339996,333.220001,330.339996,331.369995,331.369995,0
2004-07-22,327.549988,327.890015,324.739990,324.970001,324.970001,0
2004-07-23,326.799988,326.989990,324.079987,324.679993,324.679993,0
2004-07-26,324.019989,326.519989,320.720001,320.720001,320.720001,0
2004-07-27,321.519989,324.720001,321.309998,324.720001,324.720001,0
2004-07-28,325.450012,326.980011,322.809998,324.320007,324.320007,0
2004-07-29,324.869995,330.750000,324.869995,330.709991,330.709991,0
2004-07-30,330.790009,330.790009,327.040009,329.910004,329.910004,0
2004-08-02,328.640015,328.640015,325.440002,325.869995,325.869995,0
2004-08-03,326.630005,327.720001,326.019989,326.929993,326.929993,0
2004-08-04,325.170013,325.170013,322.059998,323.390015,323.390015,0
2004-08-05,326.369995,327.619995,325.660004,325.850006,325.850006,0
2004-08-06,321.890015,321.950012,315.739990,315.739990,315.739990,0
2004-08-09,316.019989,316.529999,311.100006,313.079987,313.079987,0
2004-08-10,312.829987,316.440002,312.390015,316.239990,316.239990,0
2004-08-11,317.079987,317.209991,310.589996,312.859985,312.859985,0
2004-08-12,314.369995,315.119995,310.029999,311.570007,311.570007,0
2004-08-13,309.700012,312.070007,308.119995,310.679993,310.679993,0
2004-08-16,309.209991,314.369995,307.309998,314.369995,314.369995,0
2004-08-17,314.239990,317.380005,313.010010,315.720001,315.720001,0
2004-08-18,315.859985,316.970001,313.609985,316.690002,316.690002,0
2004-08-19,318.839996,319.420013,316.260010,317.290009,317.290009,0
2004-08-20,316.700012,316.959991,314.859985,316.500000,316.500000,0
2004-08-23,319.299988,321.720001,317.809998,321.720001,321.720001,0
2004-08-24,321.329987,323.230011,320.809998,321.549988,321.549988,0
2004-08-25,322.540009,323.619995,320.329987,322.079987,322.079987,0
2004-08-26,324.339996,324.869995,322.989990,324.500000,324.500000,0
2004-08-27,324.820007,326.890015,324.109985,326.309998,326.309998,0
2004-08-30,326.410004,326.619995,324.989990,325.730011,325.730011,0
2004-08-31,324.450012,325.000000,322.950012,323.119995,323.119995,0
2004-09-01,324.839996,326.420013,324.320007,325.269989,325.269989,0
2004-09-02,325.410004,327.040009,324.089996,326.850006,326.850006,0
2004-09-03,326.029999,329.589996,325.660004,328.750000,328.750000,0
2004-09-06,329.140015,330.980011,329.130005,330.679993,330.679993,0
2004-09-07,330.429993,332.149994,329.820007,331.739990,331.739990,0
2004-09-08,332.049988,332.690002,330.720001,331.279999,331.279999,0
2004-09-09,329.899994,329.940002,326.809998,327.869995,327.869995,0
2004-09-10,328.609985,330.429993,328.420013,329.720001,329.720001,0
2004-09-13,330.609985,334.190002,330.609985,334.190002,334.190002,0
2004-09-14,333.859985,333.859985,332.410004,333.149994,333.149994,0
2004-09-15,333.200012,334.859985,331.339996,332.070007,332.070007,0
2004-09-16,331.890015,332.880005,330.660004,332.109985,332.109985,0
2004-09-17,331.660004,335.869995,330.750000,334.899994,334.899994,0
2004-09-20,333.049988,333.230011,329.929993,331.920013,331.920013,0
2004-09-21,332.119995,334.359985,331.739990,334.070007,334.070007,0
2004-09-22,333.890015,334.570007,329.100006,329.450012,329.450012,0
2004-09-23,328.029999,328.799988,325.019989,326.369995,326.369995,0
2004-09-24,326.220001,326.769989,324.010010,325.910004,325.910004,0
2004-09-27,325.190002,325.209991,322.540009,323.470001,323.470001,0
2004-09-28,322.589996,325.070007,321.859985,324.260010,324.260010,0
2004-09-29,324.160004,326.760010,324.160004,325.299988,325.299988,0
2004-09-30,327.119995,327.829987,323.640015,323.940002,323.940002,0
2004-10-01,324.579987,330.869995,324.579987,330.869995,330.869995,0
2004-10-04,332.549988,335.790009,332.549988,335.190002,335.190002,0
2004-10-05,335.100006,338.260010,334.059998,336.100006,336.100006,0
2004-10-06,336.140015,337.510010,335.059998,336.950012,336.950012,0
2004-10-07,338.339996,339.350006,336.980011,337.679993,337.679993,0
2004-10-08,336.119995,338.670013,334.010010,334.910004,334.910004,0
2004-10-11,334.519989,334.739990,332.510010,334.429993,334.429993,75862400
2004-10-12,334.070007,334.070007,328.049988,329.820007,329.820007,85551000
2004-10-13,331.329987,333.269989,330.859985,331.529999,331.529999,109933000
2004-10-14,329.130005,330.209991,328.059998,328.730011,328.730011,92943400
2004-10-15,325.890015,328.160004,325.619995,327.940002,327.940002,114847400
2004-10-18,328.690002,328.850006,325.970001,326.649994,326.649994,84862000
2004-10-19,329.429993,331.589996,329.429993,330.149994,330.149994,103306600
2004-10-20,326.619995,327.390015,324.059998,325.510010,325.510010,143968200
2004-10-21,326.339996,327.170013,322.989990,326.649994,326.649994,108658400
2004-10-22,326.820007,329.010010,325.779999,327.029999,327.029999,80807800
2004-10-25,322.589996,322.640015,320.369995,322.029999,322.029999,99351600
2004-10-26,322.910004,323.489990,321.480011,323.119995,323.119995,98213600
2004-10-27,325.149994,327.720001,323.640015,327.720001,327.720001,110475400
2004-10-28,329.799988,331.489990,329.450012,330.619995,330.619995,157384200
2004-10-29,329.779999,332.320007,329.549988,330.480011,330.480011,124883200
2004-11-01,328.950012,332.200012,328.950012,331.160004,331.160004,106706200
2004-11-02,331.899994,334.279999,331.059998,334.279999,334.279999,96259600
2004-11-03,336.399994,337.109985,334.899994,335.570007,335.570007,118067000
2004-11-04,335.510010,335.510010,331.980011,333.559998,333.559998,105752000
2004-11-05,336.549988,338.779999,335.529999,336.359985,336.359985,135859400
2004-11-08,336.859985,337.459991,335.690002,337.000000,337.000000,102814800
2004-11-09,337.339996,337.929993,336.029999,336.579987,336.579987,87370600
2004-11-10,337.329987,338.989990,337.329987,338.429993,338.429993,98650800
2004-11-11,338.760010,342.369995,337.359985,342.369995,342.369995,114222400
2004-11-12,343.750000,344.380005,342.950012,343.609985,343.609985,116902200
2004-11-15,344.799988,345.899994,342.220001,342.480011,342.480011,95933600
2004-11-16,342.739990,343.000000,338.799988,339.540009,339.540009,111969000
2004-11-17,339.820007,342.220001,338.579987,342.220001,342.220001,138420400
2004-11-18,341.179993,342.140015,340.450012,341.679993,341.679993,129374400
2004-11-19,341.750000,343.290009,338.989990,339.440002,339.440002,122533800
2004-11-22,337.730011,337.730011,335.279999,337.450012,337.450012,80774200
2004-11-23,339.390015,339.769989,336.670013,337.149994,337.149994,92544200
2004-11-24,338.920013,339.010010,336.589996,337.269989,337.269989,107586200
2004-11-25,337.980011,340.450012,337.869995,340.209991,340.209991,71797600
2004-11-26,339.130005,340.369995,338.149994,340.200012,340.200012,58017200
2004-11-29,340.250000,343.029999,339.600006,339.600006,339.600006,105876600
2004-11-30,339.980011,340.429993,336.630005,337.149994,337.149994,114996600
2004-12-01,337.010010,342.750000,336.279999,342.750000,342.750000,131604200
2004-12-02,343.130005,345.179993,342.130005,344.450012,344.450012,178452800
2004-12-03,345.820007,345.970001,342.290009,343.480011,343.480011,130217200
2004-12-06,342.119995,342.549988,340.660004,342.230011,342.230011,70862400
2004-12-07,342.350006,344.690002,341.959991,343.369995,343.369995,104743000
2004-12-08,341.279999,343.779999,340.790009,343.309998,343.309998,92649400
2004-12-09,342.589996,343.160004,339.179993,340.130005,340.130005,100333400
2004-12-10,341.260010,342.260010,340.510010,341.799988,341.799988,85110200
2004-12-13,342.670013,345.369995,342.579987,345.309998,345.309998,110385400
2004-12-14,346.299988,346.670013,344.950012,346.170013,346.170013,94798000
2004-12-15,346.029999,346.209991,344.440002,344.510010,344.510010,82958200
2004-12-16,345.179993,346.510010,345.179993,346.429993,346.429993,108851800
2004-12-17,346.660004,346.790009,342.549988,343.489990,343.489990,115383000
2004-12-20,343.239990,345.579987,343.239990,343.420013,343.420013,74270800
2004-12-21,343.609985,344.459991,343.070007,344.000000,344.000000,68385200
2004-12-22,345.850006,347.000000,345.190002,346.809998,346.809998,125938000
2004-12-23,346.700012,348.700012,346.440002,348.329987,348.329987,88735000
2004-12-24,348.399994,348.399994,347.209991,348.070007,348.070007,14632600
2004-12-27,347.529999,348.859985,347.529999,347.809998,347.809998,30663800
2004-12-28,347.630005,348.410004,346.899994,348.410004,348.410004,31954400
2004-12-29,348.489990,348.649994,346.420013,347.320007,347.320007,41843800
2004-12-30,347.250000,347.920013,347.109985,347.269989,347.269989,27534200
2004-12-31,347.299988,348.079987,346.980011,348.079987,348.079987,10727800
2005-01-03,348.220001,351.910004,347.700012,351.910004,351.910004,90940400
2005-01-04,350.709991,353.720001,350.660004,352.679993,352.679993,94935800
2005-01-05,350.350006,352.010010,349.959991,350.160004,350.160004,99853200
2005-01-06,350.250000,353.640015,350.170013,353.600006,353.600006,111754000
2005-01-07,352.920013,355.049988,352.230011,354.459991,354.459991,125490400
2005-01-10,354.380005,355.390015,353.390015,355.130005,355.130005,89715800
2005-01-11,354.899994,355.600006,351.660004,352.380005,352.380005,118370600
2005-01-12,352.519989,353.140015,349.029999,350.100006,350.100006,119159800
2005-01-13,352.059998,352.529999,349.760010,351.089996,351.089996,124490600
2005-01-14,349.619995,352.970001,349.450012,352.730011,352.730011,164100600
2005-01-17,353.320007,354.570007,353.320007,354.239990,354.239990,89096600
2005-01-18,354.660004,354.700012,352.519989,354.220001,354.220001,111605600
2005-01-19,354.380005,355.890015,353.670013,353.940002,353.940002,155547000
2005-01-20,352.269989,353.200012,351.200012,352.750000,352.750000,21645800
2005-01-21,352.410004,353.989990,351.989990,353.549988,353.549988,90080800
2005-01-24,352.230011,353.760010,351.420013,353.559998,353.559998,99872000
2005-01-25,352.880005,356.510010,352.839996,356.359985,356.359985,111161200
2005-01-26,357.019989,357.510010,356.130005,356.510010,356.510010,118476800
2005-01-27,357.980011,358.570007,356.619995,358.570007,358.570007,129213200
2005-01-28,358.850006,359.480011,356.570007,357.019989,357.019989,96572400
2005-01-31,358.369995,360.420013,358.369995,360.420013,360.420013,102406200
2005-02-01,360.720001,364.410004,360.079987,364.410004,364.410004,131308800
2005-02-02,365.149994,365.920013,364.239990,365.459991,365.459991,151631400
2005-02-03,364.269989,365.480011,363.529999,364.829987,364.829987,120640000
2005-02-04,364.369995,367.679993,364.369995,367.320007,367.320007,118170400
2005-02-07,369.089996,369.589996,367.829987,369.130005,369.130005,116481000
2005-02-08,368.760010,369.290009,367.670013,369.100006,369.100006,104173800
2005-02-09,368.929993,369.940002,367.519989,368.359985,368.359985,108040800
2005-02-10,368.130005,368.929993,367.059998,367.480011,367.480011,111143000
2005-02-11,368.790009,371.049988,368.149994,371.049988,371.049988,92608400
2005-02-14,370.989990,371.929993,370.720001,371.799988,371.799988,84933200
2005-02-15,371.739990,374.339996,371.609985,373.809998,373.809998,107940600
2005-02-16,373.649994,373.649994,370.910004,372.519989,372.519989,114082600
2005-02-17,373.109985,375.329987,372.910004,373.980011,373.980011,137783000
2005-02-18,373.429993,375.839996,373.369995,375.470001,375.470001,122136200
2005-02-21,375.950012,376.140015,373.899994,374.989990,374.989990,49307600
2005-02-22,373.709991,374.429993,370.410004,373.130005,373.130005,132209400
2005-02-23,369.579987,371.079987,368.670013,370.679993,370.679993,127523400
2005-02-24,370.869995,371.200012,369.910004,370.290009,370.290009,132356000
2005-02-25,372.399994,374.649994,372.399994,374.559998,374.559998,105526600
2005-02-28,375.750000,377.019989,374.369995,374.369995,374.369995,121447200
2005-03-01,373.510010,376.190002,373.450012,375.709991,375.709991,243224600
2005-03-02,375.880005,376.269989,374.239990,376.269989,376.269989,146398000
2005-03-03,374.519989,376.899994,374.489990,376.160004,376.160004,149655800
2005-03-04,376.910004,378.649994,376.079987,378.649994,378.649994,119748800
2005-03-07,379.160004,380.190002,378.890015,379.760010,379.760010,101325600
2005-03-08,378.869995,379.029999,377.029999,377.679993,377.679993,114255200
2005-03-09,377.820007,379.070007,375.589996,376.320007,376.320007,103812400
2005-03-10,373.519989,374.440002,372.600006,372.600006,372.600006,121397200
2005-03-11,374.239990,374.579987,372.010010,372.149994,372.149994,90672400
2005-03-14,371.470001,372.549988,370.839996,372.160004,372.160004,64621600
2005-03-15,372.700012,374.029999,372.619995,373.880005,373.880005,76072800
2005-03-16,373.160004,373.190002,368.230011,368.369995,368.369995,131283200
2005-03-17,368.190002,369.190002,367.369995,368.359985,368.359985,120461800
2005-03-18,368.790009,370.630005,366.500000,369.839996,369.839996,117799800
2005-03-21,369.589996,370.989990,368.950012,369.059998,369.059998,50673600
2005-03-22,369.920013,370.109985,367.200012,369.670013,369.670013,116578200
2005-03-23,366.769989,369.130005,366.589996,369.059998,369.059998,139101600
2005-03-24,369.209991,372.450012,368.839996,371.619995,371.619995,94803600
2005-03-25,null,null,null,null,null,null
2005-03-28,null,null,null,null,null,null
2005-03-29,370.089996,371.679993,368.869995,371.470001,371.470001,86694600
2005-03-30,368.339996,369.910004,368.149994,368.980011,368.980011,148769600
2005-03-31,371.369995,371.480011,369.429993,369.559998,369.559998,133666200
2005-04-01,370.089996,371.440002,368.200012,368.200012,368.200012,113886000
2005-04-04,368.649994,368.649994,365.220001,366.910004,366.910004,105555000
2005-04-05,368.709991,369.380005,368.029999,369.070007,369.070007,78595200
2005-04-06,369.609985,371.170013,369.609985,371.170013,371.170013,91454200
2005-04-07,370.609985,373.220001,370.609985,372.790009,372.790009,111257200
2005-04-08,373.709991,374.260010,373.049988,373.609985,373.609985,110162400
2005-04-11,372.200012,373.369995,371.859985,372.329987,372.329987,90427000
2005-04-12,372.799988,372.859985,369.269989,370.309998,370.309998,93978000
2005-04-13,371.140015,372.429993,370.440002,370.679993,370.679993,126575600
2005-04-14,368.630005,370.109985,368.239990,368.899994,368.899994,113955600
2005-04-15,365.809998,366.559998,364.250000,364.260010,364.260010,156632800
2005-04-18,356.929993,358.600006,355.390015,355.880005,355.880005,198206800
2005-04-19,357.410004,357.970001,355.760010,356.649994,356.649994,134256200
2005-04-20,358.100006,358.540009,353.510010,353.890015,353.890015,166104200
2005-04-21,352.070007,355.160004,352.040009,353.260010,353.260010,124892600
2005-04-22,356.679993,357.079987,355.130005,356.179993,356.179993,118971000
2005-04-25,355.329987,357.470001,354.230011,357.100006,357.100006,135962400
2005-04-26,357.279999,357.540009,355.089996,356.190002,356.190002,135117400
2005-04-27,355.730011,355.730011,349.369995,350.529999,350.529999,134417600
2005-04-28,350.920013,351.269989,345.549988,346.950012,346.950012,157057000
2005-04-29,346.010010,349.700012,345.920013,348.200012,348.200012,158727600
2005-05-02,348.700012,351.089996,348.369995,348.369995,348.369995,136497600
2005-05-03,349.570007,349.880005,347.799988,349.079987,349.079987,139372400
2005-05-04,349.779999,351.200012,348.510010,351.179993,351.179993,131032800
2005-05-05,352.700012,355.410004,352.440002,354.779999,354.779999,92094200
2005-05-06,356.519989,357.019989,353.920013,356.649994,356.649994,108906400
2005-05-09,356.709991,356.739990,354.950012,355.929993,355.929993,100766800
2005-05-10,356.660004,357.369995,353.420013,354.040009,354.040009,157195200
2005-05-11,353.600006,355.109985,352.429993,352.779999,352.779999,131039200
2005-05-12,353.890015,355.570007,353.890015,354.920013,354.920013,137191800
2005-05-13,354.149994,355.510010,353.350006,355.510010,355.510010,111802200
2005-05-16,355.119995,355.579987,353.940002,354.839996,354.839996,61952000
2005-05-17,356.079987,356.100006,354.390015,355.350006,355.350006,80628400
2005-05-18,357.149994,360.989990,356.869995,360.989990,360.989990,173486400
2005-05-19,361.559998,363.570007,361.540009,363.209991,363.209991,123776200
2005-05-20,363.339996,365.209991,362.480011,363.880005,363.880005,127273400
2005-05-23,365.230011,366.070007,364.380005,366.070007,366.070007,94125400
2005-05-24,365.959991,366.260010,363.769989,365.100006,365.100006,105245200
2005-05-25,365.049988,366.470001,364.450012,366.040009,366.040009,95383800
2005-05-26,366.420013,369.670013,366.269989,368.260010,368.260010,83484600
2005-05-27,367.739990,368.390015,366.059998,366.940002,366.940002,74352000
2005-05-30,367.059998,368.459991,365.890015,368.420013,368.420013,44006400
2005-05-31,368.559998,368.559998,364.679993,364.679993,364.679993,141239400
2005-06-01,365.779999,371.519989,365.519989,371.519989,371.519989,124425200
2005-06-02,371.179993,372.600006,370.660004,372.399994,372.399994,108555400
2005-06-03,372.609985,373.390015,370.489990,371.519989,371.519989,87166600
2005-06-06,371.239990,371.700012,368.059998,368.769989,368.769989,69504200
2005-06-07,369.920013,373.000000,369.839996,372.459991,372.459991,96566600
2005-06-08,371.959991,373.290009,371.420013,372.799988,372.799988,124407400
2005-06-09,372.269989,373.380005,370.980011,373.350006,373.350006,93735200
2005-06-10,374.570007,377.130005,374.570007,376.089996,376.089996,105185000
2005-06-13,375.679993,377.579987,375.220001,377.450012,377.450012,91599400
2005-06-14,376.709991,377.690002,376.019989,377.690002,377.690002,128687400
2005-06-15,377.950012,378.950012,375.200012,375.820007,375.820007,146390000
2005-06-16,377.570007,379.829987,377.570007,378.950012,378.950012,127012200
2005-06-17,379.470001,382.309998,378.929993,380.269989,380.269989,144545000
2005-06-20,380.220001,380.299988,377.290009,379.049988,379.049988,88589200
2005-06-21,380.079987,381.589996,379.739990,381.390015,381.390015,92009800
2005-06-22,381.489990,384.179993,381.000000,382.359985,382.359985,108485000
2005-06-23,383.160004,383.970001,381.500000,383.200012,383.200012,91848000
2005-06-24,379.769989,380.769989,379.269989,379.970001,379.970001,124700800
2005-06-27,378.160004,378.200012,375.769989,377.269989,377.269989,112483600
2005-06-28,377.910004,381.839996,377.769989,381.839996,381.839996,127976200
2005-06-29,382.910004,384.549988,381.690002,383.339996,383.339996,114854600
2005-06-30,383.089996,385.440002,382.480011,383.829987,383.829987,120126600
2005-07-01,382.850006,388.260010,382.720001,388.260010,388.260010,122823600
2005-07-04,388.089996,390.000000,387.549988,389.839996,389.839996,59248000
2005-07-05,389.750000,390.170013,386.679993,389.109985,389.109985,99555000
2005-07-06,390.510010,391.440002,389.440002,390.329987,390.329987,103547200
2005-07-07,389.190002,389.269989,375.160004,383.799988,383.799988,224876000
2005-07-08,387.579987,388.660004,386.459991,388.600006,388.600006,108860600
2005-07-11,389.929993,391.640015,389.730011,390.929993,390.929993,116447200
2005-07-12,390.660004,391.000000,388.100006,389.350006,389.350006,106773800
2005-07-13,389.760010,391.910004,389.700012,391.910004,391.910004,137252400
2005-07-14,392.519989,395.329987,392.429993,393.720001,393.720001,148725800
2005-07-15,393.420013,394.750000,392.529999,393.679993,393.679993,126227600
2005-07-18,392.679993,395.230011,392.209991,392.880005,392.880005,171779200
2005-07-19,393.459991,397.929993,393.440002,396.959991,396.959991,291485400
2005-07-20,396.890015,398.399994,393.910004,395.579987,395.579987,211335600
2005-07-21,397.279999,399.019989,393.959991,395.929993,395.929993,183576800
2005-07-22,395.429993,396.739990,393.320007,394.299988,394.299988,107389800
2005-07-25,395.980011,396.019989,393.779999,394.540009,394.540009,95296600
2005-07-26,393.890015,396.489990,393.209991,395.549988,395.549988,104185600
2005-07-27,396.350006,397.010010,394.630005,395.100006,395.100006,191739000
2005-07-28,395.489990,396.399994,394.209991,394.970001,394.970001,130500800
2005-07-29,395.859985,397.529999,394.859985,395.769989,395.769989,123305400
2005-08-01,396.209991,397.309998,395.450012,396.959991,396.959991,93580600
2005-08-02,396.510010,397.989990,396.179993,397.980011,397.980011,107220800
2005-08-03,396.859985,397.989990,395.850006,396.920013,396.920013,128795400
2005-08-04,397.320007,397.380005,394.170013,394.679993,394.679993,122795200
2005-08-05,393.119995,394.000000,391.309998,391.309998,391.309998,105754600
2005-08-08,392.149994,392.790009,390.700012,391.429993,391.429993,82752000
2005-08-09,391.929993,395.920013,391.779999,395.880005,395.880005,130207800
2005-08-10,396.649994,401.769989,396.649994,401.570007,401.570007,127126400
2005-08-11,399.709991,401.630005,398.579987,400.149994,400.149994,132029200
2005-08-12,399.850006,399.899994,395.809998,396.059998,396.059998,38656600
2005-08-15,395.369995,396.799988,394.920013,395.660004,395.660004,64800200
2005-08-16,396.929993,397.290009,393.609985,394.640015,394.640015,86938400
2005-08-17,393.329987,394.179993,391.500000,393.529999,393.529999,99810200
2005-08-18,393.220001,393.859985,390.359985,391.380005,391.380005,90042000
2005-08-19,391.350006,393.989990,390.869995,393.970001,393.970001,86766600
2005-08-22,394.880005,395.769989,393.869995,394.670013,394.670013,65042200
2005-08-23,393.630005,393.630005,391.619995,391.730011,391.730011,81910800
2005-08-24,390.750000,390.829987,387.440002,389.859985,389.859985,99605000
2005-08-25,388.070007,388.070007,385.959991,386.929993,386.929993,100038200
2005-08-26,386.649994,388.459991,384.880005,385.149994,385.149994,107683200
2005-08-29,382.570007,385.739990,382.160004,385.649994,385.649994,63150800
2005-08-30,387.109985,388.119995,385.890015,386.079987,386.079987,89343600
2005-08-31,386.220001,390.190002,386.040009,389.600006,389.600006,131936400
2005-09-01,390.700012,391.890015,389.359985,389.880005,389.880005,105341400
2005-09-02,390.350006,391.200012,388.059998,389.309998,389.309998,96491200
2005-09-05,388.970001,391.459991,388.950012,391.459991,391.459991,93980000
2005-09-06,391.549988,394.720001,391.549988,394.149994,394.149994,98352400
2005-09-07,394.709991,395.730011,393.519989,394.299988,394.299988,170710000
2005-09-08,394.619995,395.100006,393.109985,393.920013,393.920013,113557800
2005-09-09,394.529999,396.109985,394.170013,394.910004,394.910004,98359400
2005-09-12,396.630005,397.119995,395.230011,395.700012,395.700012,118364600
2005-09-13,395.829987,396.089996,393.070007,393.299988,393.299988,101112000
2005-09-14,393.329987,394.579987,393.209991,393.899994,393.899994,105296800
2005-09-15,393.859985,396.019989,393.059998,394.920013,394.920013,110505000
2005-09-16,394.670013,399.140015,394.670013,398.100006,398.100006,124121400
2005-09-19,396.890015,400.600006,396.489990,399.160004,399.160004,84987000
2005-09-20,400.010010,401.850006,400.010010,401.410004,401.410004,117804600
2005-09-21,398.899994,400.170013,396.480011,396.480011,396.480011,124050400
2005-09-22,395.549988,395.549988,392.529999,393.609985,393.609985,126753000
2005-09-23,393.929993,394.609985,393.230011,394.329987,394.329987,103933400
2005-09-26,396.690002,399.690002,396.690002,399.369995,399.369995,117231800
2005-09-27,399.290009,400.160004,397.410004,398.130005,398.130005,104274000
2005-09-28,399.609985,402.130005,399.609985,401.989990,401.989990,113795400
2005-09-29,402.339996,402.420013,399.739990,400.410004,400.410004,95614400
2005-09-30,403.440002,404.089996,402.190002,402.989990,402.989990,102598600
2005-10-03,405.410004,407.839996,404.350006,407.839996,407.839996,140317000
2005-10-04,407.649994,408.899994,405.850006,408.660004,408.660004,119329400
2005-10-05,405.690002,407.369995,404.959991,404.959991,404.959991,119172200
2005-10-06,401.350006,401.429993,398.420013,399.890015,399.890015,161016200
2005-10-07,398.230011,400.589996,397.589996,398.660004,398.660004,108786200
2005-10-10,399.890015,400.630005,397.899994,398.269989,398.269989,69730800
2005-10-11,398.429993,400.190002,397.429993,397.899994,397.899994,95962200
2005-10-12,396.429993,396.429993,393.579987,393.700012,393.700012,113828200
2005-10-13,392.709991,393.980011,389.769989,391.369995,391.369995,123090000
2005-10-14,392.140015,395.010010,391.040009,394.309998,394.309998,126510800
2005-10-17,395.929993,396.450012,393.679993,394.309998,394.309998,94281000
2005-10-18,395.950012,395.950012,393.299988,393.920013,393.920013,92202600
2005-10-19,390.929993,391.470001,387.059998,387.059998,387.059998,161634400
2005-10-20,392.559998,392.600006,388.320007,389.059998,389.059998,107712200
2005-10-21,386.359985,389.540009,384.859985,386.079987,386.079987,115139600
2005-10-24,386.660004,389.929993,386.299988,389.730011,389.730011,85558200
2005-10-25,391.410004,391.559998,387.790009,388.679993,388.679993,105669000
2005-10-26,388.850006,391.200012,388.730011,390.709991,390.709991,102630400
2005-10-27,388.899994,389.880005,385.459991,386.089996,386.089996,155859200
2005-10-28,384.799988,387.079987,383.309998,385.950012,385.950012,109889400
2005-10-31,390.519989,394.410004,390.250000,394.160004,394.160004,154336000
2005-11-01,394.279999,396.170013,393.279999,394.619995,394.619995,112015600
2005-11-02,394.029999,397.119995,393.450012,397.119995,397.119995,128868000
2005-11-03,397.529999,400.339996,396.529999,399.910004,399.910004,147610800
2005-11-04,399.640015,400.700012,398.700012,399.529999,399.529999,107111000
2005-11-07,399.140015,402.140015,398.500000,401.140015,401.140015,119370800
2005-11-08,401.679993,403.619995,401.450012,402.799988,402.799988,116423200
2005-11-09,403.440002,404.709991,401.940002,403.890015,403.890015,109613600
2005-11-10,406.299988,407.579987,405.399994,406.299988,406.299988,135998800
2005-11-11,409.519989,411.059998,408.380005,410.820007,410.820007,124141400
2005-11-14,410.089996,413.940002,409.730011,412.029999,412.029999,106248200
2005-11-15,411.980011,413.640015,411.140015,412.609985,412.609985,103500400
2005-11-16,411.899994,412.500000,409.489990,410.769989,410.769989,101620400
2005-11-17,411.850006,414.640015,411.850006,413.239990,413.239990,116193000
2005-11-18,415.730011,417.660004,415.320007,416.239990,416.239990,123831400
2005-11-21,417.480011,418.519989,415.989990,417.549988,417.549988,84161000
2005-11-22,418.040009,418.700012,416.929993,418.519989,418.519989,87571200
2005-11-23,419.850006,420.079987,417.880005,419.790009,419.790009,94139600
2005-11-24,419.519989,420.109985,416.329987,417.839996,417.839996,62262800
2005-11-25,418.059998,418.859985,417.420013,418.299988,418.299988,52836200
2005-11-28,419.679993,422.059998,417.230011,417.630005,417.630005,87835800
2005-11-29,417.459991,421.559998,416.170013,420.329987,420.329987,138475600
2005-11-30,419.850006,420.630005,418.450012,418.790009,418.790009,116317400
2005-12-01,419.720001,426.500000,419.720001,426.170013,426.170013,100350400
2005-12-02,427.989990,430.089996,426.410004,429.480011,429.480011,109085400
2005-12-05,429.850006,430.779999,427.820007,428.850006,428.850006,81694800
2005-12-06,429.410004,433.579987,428.950012,432.670013,432.670013,108583600
2005-12-07,433.160004,436.380005,430.950012,431.519989,431.519989,134413200
2005-12-08,429.679993,432.230011,428.839996,432.230011,432.230011,94512400
2005-12-09,431.399994,433.299988,430.029999,431.130005,431.130005,93421600
2005-12-12,432.859985,434.489990,431.869995,432.799988,432.799988,88377800
2005-12-13,432.850006,434.130005,432.380005,433.170013,433.170013,88581600
2005-12-14,433.660004,434.549988,430.230011,430.950012,430.950012,102146400
2005-12-15,432.309998,432.940002,430.989990,432.079987,432.079987,100927800
2005-12-16,432.489990,436.730011,432.489990,436.170013,436.170013,142153400
2005-12-19,435.390015,436.970001,434.720001,435.309998,435.309998,82482200
2005-12-20,434.230011,435.609985,433.269989,435.459991,435.459991,88606400
2005-12-21,435.940002,439.410004,435.859985,438.989990,438.989990,110175000
2005-12-22,438.059998,439.260010,437.899994,438.450012,438.450012,73924200
2005-12-23,438.989990,440.290009,438.440002,439.160004,439.160004,38284400
2005-12-26,null,null,null,null,null,null
2005-12-27,439.720001,441.109985,439.489990,440.320007,440.320007,25938400
2005-12-28,439.059998,440.739990,438.720001,439.100006,439.100006,37730000
2005-12-29,440.089996,441.260010,439.959991,440.869995,440.869995,44474800
2005-12-30,440.299988,440.450012,436.450012,436.779999,436.779999,38548600
2006-01-02,437.549988,440.649994,437.549988,440.519989,440.519989,41662000
2006-01-03,441.369995,445.790009,439.940002,441.929993,441.929993,119866000
2006-01-04,445.640015,446.720001,443.179993,445.000000,445.000000,129841000
2006-01-05,444.989990,445.119995,442.390015,443.130005,443.130005,105457000
2006-01-06,443.369995,446.109985,442.980011,446.109985,446.109985,102209400
2006-01-09,447.470001,448.609985,447.029999,447.880005,447.880005,110908000
2006-01-10,447.700012,447.700012,443.720001,443.899994,443.899994,117135400
2006-01-11,445.760010,447.470001,445.079987,446.309998,446.309998,98459000
2006-01-12,446.950012,447.690002,445.420013,447.399994,447.399994,117477200
2006-01-13,445.510010,445.690002,440.230011,441.369995,441.369995,143664200
2006-01-16,441.029999,442.970001,439.549988,441.989990,441.989990,87783400
2006-01-17,439.570007,439.799988,437.920013,438.510010,438.510010,116858400
2006-01-18,432.619995,436.350006,431.739990,434.209991,434.209991,142365200
2006-01-19,436.420013,437.660004,435.929993,436.619995,436.619995,135518400
2006-01-20,437.420013,438.399994,431.970001,432.200012,432.200012,125375400
2006-01-23,428.160004,432.380005,427.899994,431.880005,431.880005,102237000
2006-01-24,432.329987,433.399994,429.700012,431.510010,431.510010,106008600
2006-01-25,433.260010,436.459991,432.570007,436.459991,436.459991,121427200
2006-01-26,438.070007,443.630005,437.809998,443.630005,443.630005,150314400
2006-01-27,446.950012,449.730011,445.630005,449.670013,449.670013,131617600
2006-01-30,449.429993,451.869995,447.769989,450.700012,450.700012,99906400
2006-01-31,452.350006,454.459991,449.769989,450.500000,450.500000,130995600
2006-02-01,449.859985,456.170013,449.130005,455.700012,455.700012,171185800
2006-02-02,456.190002,457.459991,450.410004,450.410004,450.410004,143933800
2006-02-03,450.820007,453.709991,449.109985,451.269989,451.269989,149198200
2006-02-06,453.320007,455.100006,451.619995,452.519989,452.519989,114081000
2006-02-07,455.470001,455.589996,451.059998,453.029999,453.029999,160614800
2006-02-08,449.269989,453.459991,448.660004,452.619995,452.619995,112633800
2006-02-09,455.470001,458.019989,454.989990,457.869995,457.869995,135693400
2006-02-10,457.019989,460.390015,455.290009,456.260010,456.260010,112947600
2006-02-13,456.649994,459.480011,455.450012,459.480011,459.480011,101755800
2006-02-14,460.220001,461.049988,457.940002,460.040009,460.040009,95550000
2006-02-15,460.750000,462.130005,459.369995,460.559998,460.559998,113604000
2006-02-16,462.160004,462.269989,459.940002,461.660004,461.660004,102359000
2006-02-17,462.109985,464.690002,461.510010,463.600006,463.600006,127432000
2006-02-20,463.660004,464.910004,463.130005,464.640015,464.640015,64761600
2006-02-21,465.489990,467.119995,463.160004,464.320007,464.320007,111760800
2006-02-22,463.309998,466.260010,461.630005,466.019989,466.019989,110941600
2006-02-23,466.290009,467.149994,463.260010,464.589996,464.589996,109580000
2006-02-24,464.690002,466.029999,463.390015,464.570007,464.570007,99003000
2006-02-27,465.290009,467.529999,465.290009,467.529999,467.529999,100414400
2006-02-28,466.510010,467.010010,458.190002,458.720001,458.720001,163919800
2006-03-01,459.890015,462.220001,459.119995,461.700012,461.700012,142069000
2006-03-02,462.570007,463.989990,455.040009,457.260010,457.260010,150189400
2006-03-03,457.160004,459.019989,452.570007,455.250000,455.250000,131752800
2006-03-06,458.299988,458.679993,456.420013,457.859985,457.859985,122635800
2006-03-07,455.170013,455.690002,452.679993,455.170013,455.170013,120416000
2006-03-08,454.700012,455.290009,449.149994,451.380005,451.380005,138082000
2006-03-09,454.760010,455.309998,452.709991,454.420013,454.420013,105270200
2006-03-10,453.179993,458.589996,452.399994,458.589996,458.589996,131688000
2006-03-13,460.760010,462.329987,460.350006,461.670013,461.670013,92788400
2006-03-14,461.019989,462.929993,460.399994,462.579987,462.579987,95444400
2006-03-15,464.630005,465.369995,463.540009,464.500000,464.500000,105045200
2006-03-16,464.359985,465.000000,462.730011,464.170013,464.170013,88503000
2006-03-17,464.769989,467.549988,462.459991,464.049988,464.049988,212814200
2006-03-20,466.279999,467.559998,465.390015,466.529999,466.529999,103609800
2006-03-21,466.600006,467.079987,463.179993,467.079987,467.079987,127545200
2006-03-22,465.220001,469.290009,464.720001,469.029999,469.029999,140871800
2006-03-23,470.470001,471.709991,469.299988,470.750000,470.750000,130919800
2006-03-24,471.239990,473.019989,470.570007,472.070007,472.070007,109957200
2006-03-27,472.109985,473.130005,469.470001,469.760010,469.760010,107050600
2006-03-28,469.959991,472.000000,466.369995,467.750000,467.750000,101896000
2006-03-29,467.429993,469.070007,466.489990,468.989990,468.989990,119734600
2006-03-30,471.470001,472.880005,469.420013,472.579987,472.579987,117144200
2006-03-31,470.739990,471.529999,468.540009,468.690002,468.690002,102941200
2006-04-03,471.450012,471.450012,468.920013,471.329987,471.329987,99955000
2006-04-04,470.279999,470.450012,467.950012,467.950012,467.950012,137836000
2006-04-05,470.029999,470.519989,464.640015,468.529999,468.529999,132608800
2006-04-06,470.470001,471.179993,468.339996,469.600006,469.600006,128907400
2006-04-07,470.230011,472.929993,468.190002,468.679993,468.679993,112470800
2006-04-10,468.220001,470.670013,467.480011,470.660004,470.660004,94209400
2006-04-11,470.230011,470.600006,463.390015,464.140015,464.140015,138513400
2006-04-12,463.010010,464.910004,461.190002,463.619995,463.619995,131103000
2006-04-13,463.420013,464.440002,461.359985,462.760010,462.760010,120163600
2006-04-14,null,null,null,null,null,null
2006-04-17,null,null,null,null,null,null
2006-04-18,462.200012,462.890015,460.089996,462.730011,462.730011,118251400
2006-04-19,467.399994,469.019989,466.380005,468.859985,468.859985,122861000
2006-04-20,470.809998,474.679993,470.480011,472.640015,472.640015,177848800
2006-04-21,474.049988,478.220001,473.799988,478.000000,478.000000,164825000
2006-04-24,475.920013,477.049988,475.359985,475.640015,475.640015,129632400
2006-04-25,475.790009,478.440002,475.130005,476.040009,476.040009,151736600
2006-04-26,475.359985,477.929993,475.359985,477.470001,477.470001,129132000
2006-04-27,476.279999,476.519989,470.329987,474.440002,474.440002,141788800
2006-04-28,473.269989,473.339996,468.440002,469.399994,469.399994,119828000
2006-05-01,null,null,null,null,null,null
2006-05-02,467.670013,470.230011,467.559998,470.130005,470.130005,134719000
2006-05-03,473.239990,473.750000,463.760010,464.640015,464.640015,132312800
2006-05-04,465.109985,467.010010,463.339996,466.589996,466.589996,108562400
2006-05-05,467.369995,471.720001,466.609985,471.720001,471.720001,123846200
2006-05-08,473.149994,474.260010,472.079987,472.670013,472.670013,102447800
2006-05-09,473.440002,473.519989,471.089996,473.519989,473.519989,133156200
2006-05-10,470.959991,472.540009,469.070007,469.070007,469.070007,113628200
2006-05-11,470.339996,473.320007,466.880005,466.880005,466.880005,110417000
2006-05-12,464.119995,464.209991,455.089996,455.089996,455.089996,145145400
2006-05-15,451.980011,453.489990,446.790009,450.089996,450.089996,166229600
2006-05-16,450.649994,453.459991,448.019989,451.079987,451.079987,126880600
2006-05-17,452.609985,453.339996,436.470001,436.470001,436.470001,158473200
2006-05-18,437.410004,441.410004,432.010010,437.100006,437.100006,210380800
2006-05-19,436.179993,440.600006,436.179993,438.980011,438.980011,152962200
2006-05-22,434.750000,436.380005,426.179993,428.779999,428.779999,173594600
2006-05-23,431.649994,442.309998,431.480011,439.579987,439.579987,198744800
2006-05-24,436.589996,438.040009,430.440002,435.839996,435.839996,167803800
2006-05-25,436.660004,440.679993,432.489990,440.279999,440.279999,90448200
2006-05-26,444.489990,446.279999,440.480011,446.279999,446.279999,119770600
2006-05-29,446.109985,446.399994,444.329987,445.790009,445.790009,44591000
2006-05-30,446.119995,446.570007,434.500000,434.700012,434.700012,113465200
2006-05-31,431.700012,440.660004,428.980011,440.410004,440.410004,145004600
2006-06-01,439.679993,442.350006,435.619995,441.579987,441.579987,111480000
2006-06-02,445.049988,445.980011,436.760010,438.899994,438.899994,118039800
2006-06-05,439.600006,439.600006,434.149994,436.209991,436.209991,64973000
2006-06-06,429.790009,433.390015,427.019989,427.880005,427.880005,132099800
2006-06-07,429.130005,433.299988,425.070007,432.059998,432.059998,128505600
2006-06-08,422.559998,425.470001,419.640015,419.640015,419.640015,177876200
2006-06-09,426.059998,427.890015,423.170013,426.470001,426.470001,120287600
2006-06-12,425.790009,428.399994,421.720001,421.720001,421.720001,115204600
2006-06-13,414.630005,416.809998,410.290009,412.869995,412.869995,182444200
2006-06-14,413.839996,415.170013,409.559998,412.980011,412.980011,148051400
2006-06-15,415.820007,423.959991,415.820007,423.730011,423.730011,136747200
2006-06-16,429.140015,429.640015,420.519989,420.519989,420.519989,167976600
2006-06-19,422.010010,426.709991,422.010010,423.559998,423.559998,104603000
2006-06-20,420.489990,425.190002,419.179993,425.179993,425.179993,122490800
2006-06-21,426.980011,427.309998,420.059998,426.640015,426.640015,122035200
2006-06-22,431.130005,432.350006,426.880005,429.260010,429.260010,110371200
2006-06-23,430.140015,431.679993,427.230011,429.140015,429.140015,87369400
2006-06-26,430.299988,431.390015,426.640015,427.230011,427.230011,77863400
2006-06-27,429.459991,429.519989,421.890015,422.799988,422.799988,90287400
2006-06-28,420.980011,426.410004,420.190002,423.809998,423.809998,94790600
2006-06-29,427.679993,432.929993,426.299988,432.200012,432.200012,111042700
2006-06-30,438.230011,441.540009,435.839996,440.250000,440.250000,130299900
2006-07-03,440.790009,443.470001,440.609985,443.470001,443.470001,80130400
2006-07-04,444.380005,444.380005,441.600006,444.380005,444.380005,52644600
2006-07-05,441.850006,443.059998,438.010010,439.149994,439.149994,85579800
2006-07-06,440.179993,443.130005,439.519989,442.910004,442.910004,107329100
2006-07-07,441.690002,442.790009,438.820007,440.700012,440.700012,98423600
2006-07-10,441.190002,443.299988,438.609985,442.579987,442.579987,82781400
2006-07-11,441.149994,441.859985,437.519989,438.570007,438.570007,98652200
2006-07-12,441.200012,442.910004,439.679993,440.429993,440.429993,88105200
2006-07-13,438.720001,438.720001,432.839996,434.410004,434.410004,111703700
2006-07-14,429.779999,432.910004,428.089996,428.329987,428.329987,98673800
2006-07-17,429.299988,429.480011,422.709991,427.230011,427.230011,119475100
2006-07-18,426.309998,429.980011,423.980011,426.799988,426.799988,134009800
2006-07-19,429.230011,437.489990,428.350006,437.440002,437.440002,134382200
2006-07-20,438.880005,441.250000,437.309998,438.720001,438.720001,128979300
2006-07-21,436.829987,438.890015,435.089996,436.299988,436.299988,104402200
2006-07-24,437.510010,446.489990,436.809998,445.920013,445.920013,95568200
2006-07-25,447.269989,447.589996,442.850006,444.049988,444.049988,104911900
2006-07-26,445.540009,447.220001,444.559998,446.380005,446.380005,87416400
2006-07-27,448.769989,452.510010,448.089996,452.489990,452.489990,142894600
2006-07-28,450.480011,456.220001,450.339996,456.220001,456.220001,100479600
2006-07-31,455.750000,457.640015,453.109985,454.059998,454.059998,117707100
2006-08-01,452.929993,456.600006,449.179993,449.959991,449.959991,142206300
2006-08-02,451.869995,455.299988,450.880005,455.299988,455.299988,140439200
2006-08-03,455.519989,456.029999,448.279999,450.649994,450.649994,159777400
2006-08-04,453.500000,457.619995,452.000000,455.799988,455.799988,128614200
2006-08-07,451.200012,452.899994,449.260010,451.089996,451.089996,85886000
2006-08-08,453.579987,454.179993,449.230011,450.200012,450.200012,91663000
2006-08-09,452.339996,454.309998,447.519989,453.290009,453.290009,138197800
2006-08-10,449.230011,452.649994,446.339996,451.549988,451.549988,147578600
2006-08-11,450.920013,454.170013,450.369995,451.760010,451.760010,103511700
2006-08-14,454.380005,456.049988,453.709991,456.049988,456.049988,101141200
2006-08-15,454.480011,462.149994,454.480011,461.250000,461.250000,107168500
2006-08-16,461.989990,463.839996,460.109985,462.850006,462.850006,132395200
2006-08-17,463.130005,463.859985,461.440002,463.239990,463.239990,126954700
2006-08-18,463.029999,465.420013,462.760010,463.920013,463.920013,116005600
2006-08-21,463.589996,464.220001,461.670013,462.959991,462.959991,78650000
2006-08-22,464.750000,465.380005,459.989990,463.820007,463.820007,96466800
2006-08-23,463.600006,464.160004,460.589996,461.049988,461.049988,105886000
2006-08-24,461.910004,465.940002,459.459991,463.739990,463.739990,109487500
2006-08-25,464.720001,466.649994,464.140015,465.140015,465.140015,94264000
2006-08-28,464.519989,468.100006,463.570007,467.779999,467.779999,54916800
2006-08-29,468.100006,470.790009,467.500000,467.769989,467.769989,112853500
2006-08-30,469.420013,470.989990,468.369995,470.140015,470.140015,97461600
2006-08-31,471.059998,471.459991,468.660004,469.010010,469.010010,109155000
2006-09-01,469.220001,473.000000,469.149994,470.929993,470.929993,92563000
2006-09-04,471.700012,474.399994,471.700012,473.579987,473.579987,70042400
2006-09-05,473.480011,473.570007,468.750000,471.739990,471.739990,96393400
2006-09-06,471.679993,471.920013,466.170013,466.739990,466.739990,117979100
2006-09-07,464.619995,465.230011,462.670013,463.459991,463.459991,124870100
2006-09-08,464.670013,465.989990,462.929993,464.470001,464.470001,111677100
2006-09-11,462.089996,463.000000,460.170013,462.549988,462.549988,102843500
2006-09-12,463.630005,469.630005,460.739990,468.980011,468.980011,122639000
2006-09-13,470.820007,472.029999,469.850006,471.140015,471.140015,123749400
2006-09-14,471.869995,474.420013,470.369995,471.480011,471.480011,115422100
2006-09-15,471.839996,476.429993,471.839996,474.850006,474.850006,139126500
2006-09-18,475.619995,476.359985,473.059998,474.720001,474.720001,84542600
2006-09-19,475.109985,475.209991,468.760010,470.320007,470.320007,114960200
2006-09-20,470.450012,477.329987,470.040009,476.459991,476.459991,115908500
2006-09-21,476.220001,480.589996,475.920013,478.049988,478.049988,116743500
2006-09-22,474.690002,476.170013,471.920013,472.989990,472.989990,142760400
2006-09-25,474.519989,476.850006,471.779999,473.820007,473.820007,117283500
2006-09-26,476.329987,481.279999,475.850006,480.519989,480.519989,138142400
2006-09-27,482.320007,482.970001,478.989990,481.899994,481.899994,116095000
2006-09-28,482.000000,484.010010,481.480011,482.540009,482.540009,95920200
2006-09-29,482.750000,485.799988,482.529999,483.619995,483.619995,94005200
2006-10-02,484.920013,485.829987,480.500000,482.899994,482.899994,86549000
2006-10-03,480.890015,481.739990,478.670013,481.649994,481.649994,97362800
2006-10-04,482.649994,486.239990,482.320007,484.399994,484.399994,116261500
2006-10-05,487.420013,488.309998,485.730011,486.160004,486.160004,128568800
2006-10-06,486.220001,486.700012,483.730011,486.209991,486.209991,99716000
2006-10-09,484.290009,487.230011,484.079987,487.220001,487.220001,85702800
2006-10-10,488.070007,490.209991,487.690002,489.799988,489.799988,108084300
2006-10-11,488.589996,490.010010,486.429993,490.010010,490.010010,91280000
2006-10-12,489.420013,493.179993,489.420013,492.839996,492.839996,114496400
2006-10-13,494.029999,494.049988,491.290009,492.679993,492.679993,102756300
2006-10-16,492.750000,494.140015,491.320007,493.390015,493.390015,106893200
2006-10-17,492.420013,492.500000,486.779999,487.010010,487.010010,124296000
2006-10-18,487.609985,492.570007,487.609985,490.109985,490.109985,159693400
2006-10-19,488.339996,492.000000,487.059998,490.359985,490.359985,119499200
2006-10-20,491.670013,493.089996,487.589996,489.299988,489.299988,131130000
2006-10-23,490.559998,492.989990,487.709991,492.299988,492.299988,91652600
2006-10-24,491.630005,493.429993,491.579987,492.890015,492.890015,85950400
2006-10-25,492.390015,493.720001,491.630005,492.709991,492.709991,106639700
2006-10-26,495.730011,495.730011,492.149994,492.940002,492.940002,141698600
2006-10-27,493.179993,493.950012,487.600006,489.989990,489.989990,131831900
2006-10-30,485.309998,488.380005,484.320007,487.950012,487.950012,111483700
2006-10-31,486.809998,490.670013,486.040009,486.570007,486.570007,144662200
2006-11-01,485.640015,488.760010,485.230011,486.049988,486.049988,127234900
2006-11-02,484.790009,486.739990,482.399994,484.040009,484.040009,158760700
2006-11-03,484.630005,490.750000,484.630005,487.940002,487.940002,116936200
2006-11-06,489.869995,494.209991,489.519989,494.059998,494.059998,136367600
2006-11-07,494.049988,496.679993,494.049988,496.679993,496.679993,131646500
2006-11-08,494.739990,498.450012,494.369995,497.510010,497.510010,120915500
2006-11-09,496.690002,498.440002,492.570007,493.820007,493.820007,152319100
2006-11-10,493.230011,494.049988,490.890015,492.959991,492.959991,109506000
2006-11-13,493.010010,495.230011,491.980011,494.209991,494.209991,95540200
2006-11-14,494.570007,495.350006,491.890015,493.690002,493.690002,99342200
2006-11-15,496.390015,496.980011,495.279999,496.980011,496.980011,113200700
2006-11-16,496.579987,497.630005,495.510010,495.989990,495.989990,97191600
2006-11-17,495.549988,496.429993,490.980011,492.619995,492.619995,146892300
2006-11-20,490.950012,492.609985,487.420013,491.700012,491.700012,119217100
2006-11-21,491.420013,494.269989,491.119995,491.730011,491.730011,112094100
2006-11-22,493.260010,494.410004,488.450012,490.309998,490.309998,123832600
2006-11-23,490.730011,490.980011,486.529999,488.269989,488.269989,69221600
2006-11-24,487.079987,487.700012,482.100006,484.910004,484.910004,102567200
2006-11-27,484.160004,485.989990,478.329987,478.329987,478.329987,124483600
2006-11-28,477.500000,480.429993,475.399994,478.489990,478.489990,152997000
2006-11-29,481.720001,482.440002,479.540009,481.989990,481.989990,127673300
2006-11-30,482.769989,482.950012,476.750000,477.670013,477.670013,141020700
2006-12-01,478.399994,480.489990,470.540009,473.320007,473.320007,168524100
2006-12-04,473.750000,475.179993,471.250000,473.750000,473.750000,114232700
2006-12-05,475.480011,478.399994,472.910004,477.640015,477.640015,118613500
2006-12-06,478.359985,478.359985,474.880005,476.440002,476.440002,95771600
2006-12-07,475.049988,479.720001,474.809998,476.899994,476.899994,110843100
2006-12-08,476.000000,477.899994,473.049988,476.529999,476.529999,112498800
2006-12-11,478.000000,481.040009,478.000000,479.690002,479.690002,100826800
2006-12-12,479.540009,482.679993,479.230011,482.660004,482.660004,138006100
2006-12-13,483.459991,489.600006,482.809998,488.790009,488.790009,165429400
2006-12-14,490.730011,494.640015,490.730011,493.940002,493.940002,167233100
2006-12-15,495.179993,497.399994,493.660004,495.109985,495.109985,208875900
2006-12-18,494.760010,496.059998,494.380005,494.380005,494.380005,110639800
2006-12-19,492.440002,495.140015,490.399994,493.429993,493.429993,103348000
2006-12-20,495.980011,496.910004,495.149994,495.589996,495.589996,98432600
2006-12-21,494.010010,496.619995,493.799988,494.619995,494.619995,80619800
2006-12-22,493.670013,494.489990,490.670013,490.769989,490.769989,55103600
2006-12-27,494.459991,497.779999,493.470001,497.779999,497.779999,48959200
2006-12-28,498.000000,499.170013,496.390015,497.179993,497.179993,50208000
2006-12-29,496.559998,497.720001,495.109985,495.339996,495.339996,43577600
2007-01-01,null,null,null,null,null,null
2007-01-02,497.910004,501.390015,497.859985,501.000000,501.000000,68535200
2007-01-03,501.480011,501.799988,499.850006,501.350006,501.350006,96484400
2007-01-04,498.200012,500.959991,497.929993,500.329987,500.329987,117535300
2007-01-05,498.390015,499.209991,494.040009,494.049988,494.049988,125123300
2007-01-08,495.369995,495.880005,491.420013,492.809998,492.809998,113168100
2007-01-09,495.040009,497.970001,494.359985,495.869995,495.869995,139352700
2007-01-10,493.899994,494.200012,490.929993,492.489990,492.489990,122569400
2007-01-11,495.500000,500.320007,493.220001,500.160004,500.160004,137645400
2007-01-12,499.440002,503.309998,499.179993,502.839996,502.839996,119340200
2007-01-15,504.880005,506.109985,504.750000,505.380005,505.380005,113805600
2007-01-16,505.940002,506.720001,504.250000,504.809998,504.809998,111554500
2007-01-17,505.880005,506.049988,502.470001,505.260010,505.260010,127747600
2007-01-18,506.709991,508.640015,504.239990,505.529999,505.529999,141957400
2007-01-19,504.500000,507.190002,502.750000,507.119995,507.119995,131767800
2007-01-22,508.399994,509.000000,502.329987,503.510010,503.510010,118759300
2007-01-23,503.839996,504.269989,498.970001,502.820007,502.820007,120595100
2007-01-24,504.440002,507.010010,503.260010,506.549988,506.549988,105489200
2007-01-25,506.790009,508.519989,502.149994,503.029999,503.029999,130900200
2007-01-26,499.649994,501.609985,496.619995,499.799988,499.799988,155112500
2007-01-29,499.690002,501.769989,498.470001,500.309998,500.309998,89481200
2007-01-30,500.010010,503.570007,499.130005,502.829987,502.829987,108027500
2007-01-31,502.000000,502.959991,499.309998,499.809998,499.809998,133050500
2007-02-01,505.089996,507.920013,504.470001,505.589996,505.589996,153543400
2007-02-02,507.230011,508.390015,505.910004,506.779999,506.779999,133909900
2007-02-05,506.880005,506.880005,505.390015,506.190002,506.190002,93891600
2007-02-06,506.209991,509.350006,506.209991,507.399994,507.399994,133345400
2007-02-07,507.809998,509.880005,507.500000,509.079987,509.079987,117011600
2007-02-08,508.350006,508.709991,503.809998,504.779999,504.779999,147673300
2007-02-09,507.320007,508.660004,507.029999,507.299988,507.299988,114508400
2007-02-12,504.630005,505.500000,502.500000,503.769989,503.769989,112818200
2007-02-13,504.070007,507.000000,504.070007,506.660004,506.660004,117255100
2007-02-14,508.010010,508.640015,506.339996,508.070007,508.070007,127858800
2007-02-15,508.670013,509.179993,506.179993,507.769989,507.769989,133146500
2007-02-16,507.070007,508.500000,505.790009,506.100006,506.100006,131989300
2007-02-19,507.000000,510.869995,507.000000,509.220001,509.220001,103708200
2007-02-20,509.470001,509.549988,504.910004,508.019989,508.019989,115672800
2007-02-21,509.839996,511.250000,507.350006,508.779999,508.779999,240897800
2007-02-22,510.700012,512.469971,509.329987,509.329987,509.329987,168291200
2007-02-23,510.559998,511.450012,508.730011,510.609985,510.609985,127564700
2007-02-26,511.029999,512.380005,510.239990,511.170013,511.170013,126222300
2007-02-27,507.399994,507.399994,499.010010,500.329987,500.329987,213662300
2007-02-28,491.760010,496.220001,490.049988,490.209991,490.209991,283289500
2007-03-01,489.579987,493.709991,477.489990,481.959991,481.959991,355417500
2007-03-02,484.059998,486.190002,477.070007,480.200012,480.200012,215757000
2007-03-05,471.160004,476.769989,469.850006,475.589996,475.589996,201966200
2007-03-06,479.559998,479.769989,476.489990,478.160004,478.160004,170620900
2007-03-07,480.279999,483.519989,477.510010,481.899994,481.899994,171946600
2007-03-08,486.029999,489.369995,484.769989,489.029999,489.029999,179275500
2007-03-09,489.040009,492.019989,486.160004,490.350006,490.350006,160777700
2007-03-12,493.850006,494.399994,488.250000,489.540009,489.540009,154905800
2007-03-13,489.980011,490.290009,484.380005,484.380005,484.380005,162629900
2007-03-14,476.559998,478.869995,473.079987,473.380005,473.380005,232179300
2007-03-15,480.239990,483.390015,477.130005,483.390015,483.390015,216574000
2007-03-16,482.420013,485.700012,480.630005,482.140015,482.140015,236076000
2007-03-19,490.049988,492.440002,486.970001,492.440002,492.440002,206039700
2007-03-20,494.820007,498.959991,490.880005,498.290009,498.290009,205115100
2007-03-21,497.940002,501.929993,497.929993,500.890015,500.890015,155302400
2007-03-22,507.920013,511.059998,505.890015,509.010010,509.010010,197468600
2007-03-23,508.850006,515.330017,507.350006,513.840027,513.840027,177462400
2007-03-26,514.729980,515.859985,507.250000,508.799988,508.799988,183330000
2007-03-27,511.649994,511.980011,506.709991,508.209991,508.209991,131042800
2007-03-28,505.899994,506.720001,503.000000,505.109985,505.109985,137438100
2007-03-29,507.500000,511.880005,507.420013,511.850006,511.850006,121546300
2007-03-30,510.540009,514.460022,509.109985,510.500000,510.500000,139576200
2007-04-02,510.500000,513.330017,509.760010,512.020020,512.020020,140558300
2007-04-03,514.679993,516.039978,512.489990,516.039978,516.039978,128129300
2007-04-04,517.799988,517.919983,515.669983,517.599976,517.599976,147280200
2007-04-05,517.260010,519.309998,516.169983,519.289978,519.289978,112099400
2007-04-10,519.260010,525.349976,519.130005,524.090027,524.090027,128617100
2007-04-11,524.150024,526.809998,521.429993,522.099976,522.099976,138388800
2007-04-12,520.729980,521.739990,516.049988,518.909973,518.909973,136836900
2007-04-13,519.799988,524.210022,519.719971,523.679993,523.679993,133290400
2007-04-16,528.530029,532.229980,527.320007,532.090027,532.090027,184434800
2007-04-17,531.429993,533.590027,529.210022,532.679993,532.679993,158149300
2007-04-18,531.580017,532.349976,528.469971,531.239990,531.239990,170435300
2007-04-19,525.909973,529.000000,523.750000,528.659973,528.659973,142974500
2007-04-20,531.190002,539.080017,530.929993,536.359985,536.359985,207597200
2007-04-23,538.609985,538.869995,534.090027,535.469971,535.469971,160507600
2007-04-24,535.250000,536.359985,530.640015,532.559998,532.559998,162182200
2007-04-25,535.630005,536.679993,532.830017,535.330017,535.330017,188322100
2007-04-26,536.880005,537.809998,533.469971,534.039978,534.039978,168571700
2007-04-27,533.179993,534.380005,529.049988,530.489990,530.489990,158913000
2007-04-30,528.359985,532.469971,528.359985,530.809998,530.809998,99775800
2007-05-02,532.090027,534.460022,529.650024,532.229980,532.229980,166085700
2007-05-03,536.559998,537.130005,533.039978,536.119995,536.119995,234043900
2007-05-04,536.859985,540.770020,536.450012,539.640015,539.640015,174792300
2007-05-07,540.049988,540.320007,537.320007,540.030029,540.030029,101585400
2007-05-08,539.239990,539.239990,535.080017,535.700012,535.700012,148472400
2007-05-09,535.400024,537.090027,532.960022,534.299988,534.299988,153898800
2007-05-10,535.159973,535.659973,528.630005,529.229980,529.229980,139112200
2007-05-11,525.409973,532.000000,521.099976,531.200012,531.200012,162643300
2007-05-14,533.000000,533.719971,528.729980,529.890015,529.890015,106450100
2007-05-15,528.030029,532.940002,525.650024,531.390015,531.390015,141626300
2007-05-16,530.900024,531.840027,526.820007,527.549988,527.549988,141523600
2007-05-17,528.880005,532.270020,527.929993,531.530029,531.530029,98501800
2007-05-18,531.409973,538.289978,531.409973,536.690002,536.690002,160936300
2007-05-21,538.400024,539.739990,535.729980,538.380005,538.380005,129338200
2007-05-22,538.250000,541.799988,536.890015,540.570007,540.570007,149628800
2007-05-23,541.030029,542.070007,540.299988,541.609985,541.609985,146214200
2007-05-24,538.780029,540.750000,535.750000,535.989990,535.989990,146951500
2007-05-25,532.619995,535.890015,531.650024,535.479980,535.479980,118664300
2007-05-28,536.299988,537.780029,536.000000,537.559998,537.559998,19438000
2007-05-29,538.419983,538.419983,535.820007,537.190002,537.190002,124436100
2007-05-30,533.380005,535.400024,531.309998,535.010010,535.010010,130803700
2007-05-31,538.900024,541.640015,538.510010,540.390015,540.390015,160073300
2007-06-01,541.010010,544.270020,540.669983,543.929993,543.929993,136479200
2007-06-04,543.700012,545.890015,543.080017,545.690002,545.690002,125954300
2007-06-05,546.000000,547.820007,543.590027,544.750000,544.750000,149120500
2007-06-06,543.929993,545.010010,536.890015,537.510010,537.510010,152173600
2007-06-07,539.260010,540.960022,533.909973,535.049988,535.049988,199462300
2007-06-08,532.270020,535.989990,530.799988,534.690002,534.690002,181317100
2007-06-11,537.640015,538.280029,536.070007,537.799988,537.799988,131470300
2007-06-12,536.809998,538.650024,532.539978,534.109985,534.109985,132654400
2007-06-13,532.760010,537.320007,530.530029,536.400024,536.400024,136489300
2007-06-14,540.940002,545.340027,540.489990,545.340027,545.340027,152324400
2007-06-15,546.690002,552.369995,546.219971,551.909973,551.909973,223243400
2007-06-18,552.059998,553.059998,549.760010,551.270020,551.270020,128694800
2007-06-19,550.630005,552.400024,549.500000,550.359985,550.359985,117116900
2007-06-20,551.830017,554.960022,551.309998,552.140015,552.140015,158714200
2007-06-21,550.070007,551.690002,547.219971,550.539978,550.539978,162410600
2007-06-22,551.820007,552.619995,548.099976,548.750000,548.750000,145762900
2007-06-25,545.179993,548.700012,543.729980,548.219971,548.219971,147895600
2007-06-26,544.539978,546.150024,542.880005,543.260010,543.260010,182182800
2007-06-27,540.559998,542.140015,538.739990,539.619995,539.619995,175506400
2007-06-28,543.659973,546.020020,542.760010,546.020020,546.020020,149063200
2007-06-29,547.349976,548.210022,543.849976,548.210022,548.210022,132685100
2007-07-02,545.500000,550.359985,545.500000,549.840027,549.840027,112914000
2007-07-03,553.190002,553.880005,552.409973,553.039978,553.039978,130698500
2007-07-04,553.450012,554.619995,552.200012,554.250000,554.250000,83335200
2007-07-05,555.609985,555.630005,549.919983,550.799988,550.799988,110271800
2007-07-06,550.969971,555.000000,550.460022,555.000000,555.000000,103658100
2007-07-09,556.799988,558.260010,556.080017,557.429993,557.429993,104575200
2007-07-10,558.770020,559.950012,553.760010,554.950012,554.950012,242535000
2007-07-11,550.539978,554.479980,549.340027,553.559998,553.559998,152200600
2007-07-12,554.549988,560.140015,551.340027,560.140015,560.140015,183003900
2007-07-13,563.469971,563.979980,560.359985,560.929993,560.929993,168671600
2007-07-16,563.020020,563.659973,560.380005,561.900024,561.900024,167635600
2007-07-17,560.309998,561.559998,558.049988,560.789978,560.789978,145071800
2007-07-18,556.789978,559.830017,555.630005,555.630005,555.630005,146705400
2007-07-19,559.250000,561.169983,557.789978,560.250000,560.250000,127232500
2007-07-20,559.710022,561.570007,554.989990,555.020020,555.020020,152503800
2007-07-23,554.710022,558.950012,554.669983,558.950012,558.950012,117853900
2007-07-24,557.979980,558.830017,551.030029,551.590027,551.590027,144856900
2007-07-25,547.320007,551.669983,544.559998,546.880005,546.880005,165118800
2007-07-26,549.580017,549.840027,533.039978,533.039978,533.039978,235731200
2007-07-27,528.549988,535.940002,525.780029,526.690002,526.690002,228100600
2007-07-30,527.109985,530.739990,523.760010,525.760010,525.760010,167581100
2007-07-31,529.440002,534.039978,528.500000,533.989990,533.989990,166511300
2007-08-01,523.460022,528.780029,519.039978,524.450012,524.450012,201121300
2007-08-02,530.159973,530.489990,525.210022,527.760010,527.760010,167892900
2007-08-03,528.130005,528.359985,520.099976,521.520020,521.520020,154538100
2007-08-06,515.719971,519.859985,515.080017,516.039978,516.039978,167681100
2007-08-07,521.739990,522.080017,517.619995,521.429993,521.429993,154788300
2007-08-08,526.320007,532.830017,525.460022,530.979980,530.979980,211924800
2007-08-09,530.239990,530.239990,514.440002,517.849976,517.849976,261515200
2007-08-10,507.820007,509.279999,497.790009,502.040009,502.040009,375684100
2007-08-13,508.209991,513.919983,506.540009,513.250000,513.250000,191575500
2007-08-14,511.940002,515.340027,507.059998,508.429993,508.429993,189871200
2007-08-15,503.209991,507.600006,501.269989,506.040009,506.040009,188768000
2007-08-16,496.899994,497.549988,487.059998,487.059998,487.059998,275254800
2007-08-17,485.350006,506.899994,479.489990,499.000000,499.000000,527820900
2007-08-20,503.850006,508.170013,503.220001,504.570007,504.570007,155789400
2007-08-21,506.179993,507.869995,499.829987,505.609985,505.609985,143303000
2007-08-22,507.950012,515.440002,507.709991,514.299988,514.299988,147495700
2007-08-23,519.299988,521.150024,514.750000,514.750000,514.750000,132155000
2007-08-24,512.650024,520.479980,512.650024,518.099976,518.099976,133959700
2007-08-27,519.789978,521.210022,517.809998,518.119995,518.119995,68825400
2007-08-28,517.299988,517.510010,506.959991,508.010010,508.010010,144155100
2007-08-29,504.320007,511.350006,503.140015,510.790009,510.790009,132189800
2007-08-30,515.909973,518.780029,510.350006,517.669983,517.669983,132542500
2007-08-31,521.320007,525.270020,519.719971,522.729980,522.729980,141200200
2007-09-03,523.770020,525.929993,522.919983,525.359985,525.359985,72701400
2007-09-04,524.340027,531.750000,522.320007,531.000000,531.000000,131164100
2007-09-05,530.239990,530.239990,522.919983,523.020020,523.020020,144836900
2007-09-06,526.039978,527.289978,520.809998,527.210022,527.210022,142599100
2007-09-07,526.169983,529.250000,516.489990,517.429993,517.429993,185333600
2007-09-10,517.479980,520.049988,512.419983,512.900024,512.900024,157286800
2007-09-11,518.070007,521.880005,516.679993,521.530029,521.530029,145000100
2007-09-12,522.429993,524.179993,518.590027,523.380005,523.380005,126811600
2007-09-13,522.780029,531.719971,521.650024,530.960022,530.960022,145220600
2007-09-14,529.140015,530.239990,524.380005,528.359985,528.359985,140624700
2007-09-17,527.510010,527.510010,521.710022,522.989990,522.989990,133209900
2007-09-18,522.030029,531.349976,521.559998,531.000000,531.000000,184056500
2007-09-19,541.169983,545.059998,537.809998,543.539978,543.539978,208262000
2007-09-20,540.250000,543.030029,539.409973,542.450012,542.450012,143398300
2007-09-21,540.690002,546.559998,540.690002,544.650024,544.650024,247930900
2007-09-24,543.880005,544.429993,540.630005,541.630005,541.630005,142766900
2007-09-25,539.299988,539.770020,533.460022,534.989990,534.989990,209139700
2007-09-26,536.650024,541.510010,536.650024,539.369995,539.369995,171118600
2007-09-27,542.549988,544.419983,541.590027,542.239990,542.239990,170159000
2007-09-28,542.140015,542.750000,537.719971,540.979980,540.979980,237318200
2007-10-01,538.409973,545.849976,537.510010,545.570007,545.570007,184260000
2007-10-02,548.679993,549.020020,542.140015,542.929993,542.929993,238202600
2007-10-03,543.469971,543.849976,539.030029,540.530029,540.530029,193650900
2007-10-04,538.109985,542.929993,537.760010,541.750000,541.750000,259056800
2007-10-05,542.630005,546.710022,542.289978,546.599976,546.599976,314890100
2007-10-08,547.299988,548.450012,545.640015,545.789978,545.789978,225027800
2007-10-09,545.539978,551.309998,544.229980,550.719971,550.719971,440142200
2007-10-10,551.260010,557.030029,549.349976,554.570007,554.570007,303458500
2007-10-11,555.039978,559.429993,555.039978,558.010010,558.010010,235363200
2007-10-12,553.640015,559.140015,552.030029,559.140015,559.140015,198090800
2007-10-15,558.010010,558.830017,552.780029,553.070007,553.070007,144199000
2007-10-16,551.559998,552.239990,547.679993,550.299988,550.299988,155250800
2007-10-17,549.520020,556.030029,549.179993,554.549988,554.549988,167357700
2007-10-18,555.890015,556.989990,549.020020,551.530029,551.530029,144024500
2007-10-19,550.250000,554.380005,549.440002,551.049988,551.049988,148765000
2007-10-22,541.440002,543.400024,538.510010,541.429993,541.429993,150378700
2007-10-23,545.630005,548.599976,544.719971,546.369995,546.369995,127949900
2007-10-24,546.760010,547.520020,542.140015,543.340027,543.340027,163524100
2007-10-25,546.409973,548.590027,544.650024,545.940002,545.940002,255782800
2007-10-26,546.280029,548.289978,542.770020,547.159973,547.159973,166630100
2007-10-29,551.150024,551.690002,549.380005,550.849976,550.849976,112905700
2007-10-30,548.580017,549.789978,544.770020,545.250000,545.250000,141023200
2007-10-31,543.580017,547.849976,543.030029,547.849976,547.849976,141121600
2007-11-01,549.719971,549.780029,537.900024,540.919983,540.919983,165745300
2007-11-02,536.549988,539.950012,534.299988,537.250000,537.250000,196700500
2007-11-05,534.260010,535.789978,531.479980,534.020020,534.020020,132173200
2007-11-06,535.700012,536.489990,533.169983,533.700012,533.700012,119542300
2007-11-07,535.150024,535.929993,526.349976,530.270020,530.270020,146251600
2007-11-08,522.020020,526.590027,520.969971,523.169983,523.169983,199378700
2007-11-09,524.070007,525.200012,506.739990,510.649994,510.649994,213865500
2007-11-12,506.609985,509.029999,502.920013,508.320007,508.320007,190267000
2007-11-13,505.760010,509.510010,504.000000,507.890015,507.890015,152125900
2007-11-14,514.630005,515.669983,510.529999,512.320007,512.320007,169116800
2007-11-15,511.339996,513.000000,504.959991,506.779999,506.779999,155155800
2007-11-16,500.809998,503.420013,496.920013,500.079987,500.079987,179220700
2007-11-19,501.929993,504.630005,490.089996,491.089996,491.089996,181757000
2007-11-20,492.470001,495.040009,484.920013,493.839996,493.839996,213583900
2007-11-21,487.100006,488.529999,480.869995,483.529999,483.529999,187726500
2007-11-22,484.470001,487.570007,481.839996,484.929993,484.929993,108383600
2007-11-23,484.720001,493.149994,484.720001,492.470001,492.470001,156418300
2007-11-26,497.160004,499.510010,491.299988,491.820007,491.820007,148395500
2007-11-27,487.980011,494.829987,486.730011,492.239990,492.239990,146575500
2007-11-28,494.309998,501.390015,487.989990,500.209991,500.209991,148925400
2007-11-29,503.869995,504.309998,497.980011,501.910004,501.910004,166936200
2007-11-30,502.850006,509.869995,502.339996,507.579987,507.579987,187686700
2007-12-03,506.859985,508.910004,501.959991,502.880005,502.880005,141934000
2007-12-04,503.609985,503.730011,495.489990,497.519989,497.519989,137127100
2007-12-05,499.670013,508.649994,499.480011,507.799988,507.799988,124585600
2007-12-06,510.459991,515.340027,506.779999,510.429993,510.429993,153210000
2007-12-07,512.820007,516.390015,512.250000,513.590027,513.590027,137234500
2007-12-10,512.000000,518.239990,511.980011,516.840027,516.840027,105936400
2007-12-11,518.690002,518.820007,513.450012,515.489990,515.489990,99237200
2007-12-12,510.040009,521.489990,509.320007,516.200012,516.200012,243238600
2007-12-13,511.390015,511.980011,507.100006,507.899994,507.899994,150641000
2007-12-14,510.429993,512.239990,506.329987,511.279999,511.279999,130287300
2007-12-17,505.660004,506.160004,502.380005,503.459991,503.459991,132503200
2007-12-18,502.049988,508.690002,501.790009,502.720001,502.720001,128413000
2007-12-19,504.459991,505.850006,499.000000,502.630005,502.630005,139756900
2007-12-20,504.130005,508.299988,503.929993,506.790009,506.790009,100080500
2007-12-21,512.030029,514.799988,510.440002,513.710022,513.710022,181485500
2007-12-24,515.289978,516.440002,514.789978,516.190002,516.190002,18503600
2007-12-27,517.950012,519.080017,515.520020,516.429993,516.429993,64300400
2007-12-28,514.070007,516.919983,514.070007,515.690002,515.690002,46832800
2007-12-31,516.059998,516.320007,515.070007,515.770020,515.770020,16254600
2008-01-02,514.679993,518.270020,509.119995,509.769989,509.769989,93435400
2008-01-03,509.700012,510.329987,504.809998,508.670013,508.670013,121804400
2008-01-04,507.700012,511.160004,498.950012,500.600006,500.600006,174988000
2008-01-07,498.730011,501.799988,496.049988,500.630005,500.630005,149724600
2008-01-08,502.320007,502.720001,496.679993,497.230011,497.230011,133286000
2008-01-09,492.809998,493.760010,489.079987,491.739990,491.739990,174002300
2008-01-10,494.540009,494.540009,483.459991,484.100006,484.100006,141923400
2008-01-11,482.890015,483.829987,479.829987,481.829987,481.829987,148508500
2008-01-14,480.179993,487.179993,479.989990,484.720001,484.720001,100980400
2008-01-15,483.579987,484.390015,470.540009,470.540009,470.540009,160011900
2008-01-16,466.989990,468.149994,458.420013,462.609985,462.609985,221409900
2008-01-17,465.980011,469.220001,459.589996,460.250000,460.250000,178221000
2008-01-18,456.359985,463.700012,450.079987,450.079987,450.079987,263734900
2008-01-21,444.410004,444.760010,421.209991,422.450012,422.450012,295448400
2008-01-22,404.049988,437.660004,401.450012,433.269989,433.269989,354003000
2008-01-23,442.500000,442.730011,413.480011,417.130005,417.130005,268992000
2008-01-24,435.350006,444.230011,430.410004,444.230011,444.230011,225106300
2008-01-25,453.690002,453.690002,437.019989,438.690002,438.690002,223008100
2008-01-28,433.079987,440.279999,429.790009,439.320007,439.320007,174494600
2008-01-29,443.149994,448.489990,440.660004,446.079987,446.079987,160314200
2008-01-30,442.600006,445.540009,439.980011,443.040009,443.040009,135643500
2008-01-31,440.390015,443.119995,430.140015,441.329987,441.329987,218028000
2008-02-01,445.070007,454.059998,443.910004,451.609985,451.609985,194184200
2008-02-04,456.850006,457.130005,449.910004,451.910004,451.910004,107809300
2008-02-05,450.260010,453.250000,436.320007,436.809998,436.809998,203805100
2008-02-06,431.329987,442.690002,431.239990,442.329987,442.329987,151295400
2008-02-07,438.940002,440.190002,428.940002,432.149994,432.149994,163215200
2008-02-08,436.829987,439.190002,429.279999,432.100006,432.100006,122235900
2008-02-11,428.220001,434.899994,425.829987,427.739990,427.739990,142444100
2008-02-12,431.510010,444.000000,425.350006,443.890015,443.890015,197216500
2008-02-13,439.720001,447.320007,437.630005,444.179993,444.179993,144155700
2008-02-14,449.549988,450.489990,441.630005,442.529999,442.529999,145438300
2008-02-15,442.709991,445.359985,433.700012,434.809998,434.809998,155019000
2008-02-18,438.119995,446.200012,438.119995,444.619995,444.619995,92056600
2008-02-19,443.690002,452.380005,439.820007,448.769989,448.769989,176120800
2008-02-20,444.829987,450.670013,444.040009,446.690002,446.690002,198636900
2008-02-21,451.149994,457.549988,449.510010,453.140015,453.140015,166185400
2008-02-22,450.850006,456.670013,448.739990,451.630005,451.630005,148290400
2008-02-25,457.089996,461.709991,454.619995,459.010010,459.010010,115440900
2008-02-26,461.010010,464.470001,459.100006,464.339996,464.339996,133929300
2008-02-27,465.459991,466.109985,455.769989,462.579987,462.579987,151087400
2008-02-28,460.250000,461.130005,452.739990,452.910004,452.910004,137231200
2008-02-29,450.880005,452.880005,443.850006,446.529999,446.529999,149991600
2008-03-03,439.070007,444.329987,437.029999,441.480011,441.480011,198424900
2008-03-04,442.010010,446.140015,434.089996,436.299988,436.299988,150395500
2008-03-05,440.489990,444.959991,436.750000,444.399994,444.399994,130265000
2008-03-06,444.359985,444.450012,436.149994,437.269989,437.269989,146494900
2008-03-07,431.709991,437.989990,430.019989,435.089996,435.089996,194898600
2008-03-10,432.380005,434.140015,425.940002,427.959991,427.959991,137828000
2008-03-11,429.119995,439.429993,427.799988,433.640015,433.640015,281206100
2008-03-12,440.839996,442.820007,437.399994,439.809998,439.809998,249802300
2008-03-13,432.730011,435.350006,428.019989,434.549988,434.549988,326924100
2008-03-14,433.739990,441.609985,429.320007,432.299988,432.299988,294868500
2008-03-17,419.200012,423.929993,414.299988,415.920013,415.920013,347553600
2008-03-18,422.339996,428.079987,419.880005,427.480011,427.480011,263613300
2008-03-19,432.299988,433.420013,424.200012,426.940002,426.940002,351201900
2008-03-20,422.820007,426.670013,421.809998,425.790009,425.790009,405071600
2008-03-25,437.839996,439.209991,433.109985,437.000000,437.000000,310061300
2008-03-26,435.149994,438.109985,434.359985,438.109985,438.109985,219838000
2008-03-27,437.079987,445.239990,437.079987,441.980011,441.980011,213249100
2008-03-28,441.089996,443.679993,439.220001,440.989990,440.989990,165086100
2008-03-31,437.720001,442.880005,434.880005,442.429993,442.429993,184411400
2008-04-01,440.649994,454.119995,440.140015,453.619995,453.619995,262117600
2008-04-02,456.869995,457.410004,450.250000,456.950012,456.950012,265945900
2008-04-03,457.929993,458.070007,452.630005,455.299988,455.299988,219678100
2008-04-04,456.929993,460.899994,456.279999,460.809998,460.809998,225549600
2008-04-07,464.149994,466.179993,462.899994,465.380005,465.380005,210126000
2008-04-08,462.000000,464.440002,460.649994,464.440002,464.440002,187134800
2008-04-09,462.170013,465.359985,460.890015,461.269989,461.269989,223677400
2008-04-10,460.160004,461.489990,453.500000,459.480011,459.480011,244524800
2008-04-11,461.470001,462.880005,450.549988,453.429993,453.429993,241611100
2008-04-14,448.209991,452.010010,447.600006,450.760010,450.760010,171718600
2008-04-15,453.269989,455.899994,449.100006,453.279999,453.279999,195763400
2008-04-16,457.209991,463.220001,455.589996,463.220001,463.220001,234408900
2008-04-17,463.920013,465.440002,460.040009,462.540009,462.540009,213006900
2008-04-18,464.160004,476.309998,464.130005,474.750000,474.750000,282627900
2008-04-21,474.579987,475.230011,468.950012,470.670013,470.670013,209760800
2008-04-22,468.149994,470.950012,463.890015,466.079987,466.079987,232234500
2008-04-23,466.640015,471.709991,463.920013,471.239990,471.239990,258581100
2008-04-24,466.619995,467.359985,461.010010,466.140015,466.140015,240675800
2008-04-25,468.440002,470.690002,466.640015,467.839996,467.839996,199336000
2008-04-28,468.420013,473.950012,468.320007,472.200012,472.200012,163491900
2008-04-29,470.350006,473.950012,469.720001,471.220001,471.220001,187760700
2008-04-30,471.679993,476.390015,469.829987,475.559998,475.559998,190597300
2008-05-02,478.959991,483.420013,476.510010,481.209991,481.209991,227779600
2008-05-05,480.209991,482.269989,479.459991,481.380005,481.380005,92884800
2008-05-06,481.149994,483.390015,477.019989,480.660004,480.660004,213567400
2008-05-07,481.609985,487.380005,480.559998,485.299988,485.299988,124300300
2008-05-08,481.369995,484.790009,481.200012,484.609985,484.609985,115022000
2008-05-09,482.130005,482.450012,478.309998,480.399994,480.399994,106643800
2008-05-12,483.600006,484.920013,481.079987,482.070007,482.070007,52699400
2008-05-13,484.369995,484.369995,476.350006,480.480011,480.480011,117282800
2008-05-14,481.869995,489.459991,481.690002,488.390015,488.390015,112004200
2008-05-15,486.339996,490.640015,485.929993,489.899994,489.899994,91879600
2008-05-16,492.359985,494.929993,489.690002,490.779999,490.779999,127926500
2008-05-19,491.709991,496.119995,490.839996,496.119995,496.119995,95491000
2008-05-20,492.679993,493.579987,487.269989,487.269989,487.269989,100392800
2008-05-21,488.440002,490.260010,485.679993,487.619995,487.619995,141621500
2008-05-22,483.670013,487.200012,483.079987,485.609985,485.609985,110745400
2008-05-23,485.109985,485.239990,478.390015,478.390015,478.390015,99802400
2008-05-26,479.260010,480.839996,478.290009,478.290009,478.290009,35315800
2008-05-27,480.040009,480.799988,473.019989,473.839996,473.839996,93747200
2008-05-28,475.459991,484.529999,475.040009,481.660004,481.660004,99548400
2008-05-29,484.470001,486.109985,480.799988,483.809998,483.809998,86137600
2008-05-30,484.920013,487.859985,484.880005,485.519989,485.519989,107736400
2008-06-02,483.850006,483.940002,477.040009,479.149994,479.149994,88191400
2008-06-03,480.019989,484.070007,479.029999,483.899994,483.899994,123282800
2008-06-04,480.339996,480.339996,474.739990,478.570007,478.570007,113932700
2008-06-05,481.600006,483.790009,479.299988,482.260010,482.260010,117924700
2008-06-06,486.179993,487.320007,471.230011,471.230011,471.230011,142864400
2008-06-09,469.309998,472.470001,468.559998,469.820007,469.820007,116486700
2008-06-10,466.559998,467.130005,462.269989,464.190002,464.190002,140215700
2008-06-11,465.390015,467.839996,455.700012,456.339996,456.339996,144677700
2008-06-12,456.500000,460.950012,456.500000,459.109985,459.109985,130433500
2008-06-13,458.239990,460.600006,452.480011,459.959991,459.959991,104004800
2008-06-16,459.779999,460.989990,454.640015,458.700012,458.700012,101934700
2008-06-17,459.769989,464.320007,459.750000,459.829987,459.829987,107437300
2008-06-18,457.899994,458.339996,448.440002,450.570007,450.570007,121417700
2008-06-19,448.980011,452.779999,446.679993,446.679993,446.679993,139839500
2008-06-20,448.619995,449.940002,434.790009,437.329987,437.329987,206386100
2008-06-23,436.760010,440.630005,435.279999,437.440002,437.440002,108527000
2008-06-24,437.429993,440.170013,428.940002,437.380005,437.380005,158250600
2008-06-25,439.190002,441.100006,436.700012,439.559998,439.559998,109573600
2008-06-26,436.019989,436.709991,426.029999,426.029999,426.029999,258669600
2008-06-27,426.299988,428.540009,419.350006,425.920013,425.920013,182556200
2008-06-30,427.489990,428.790009,419.100006,425.929993,425.929993,187358200
2008-07-01,424.209991,424.209991,413.720001,414.519989,414.519989,174313700
2008-07-02,413.940002,417.690002,408.399994,408.399994,408.399994,151929700
2008-07-03,401.579987,409.929993,400.239990,408.549988,408.549988,180223100
2008-07-04,410.119995,410.149994,403.320007,403.359985,403.359985,75595400
2008-07-07,407.279999,412.200012,404.390015,411.119995,411.119995,90702200
2008-07-08,402.100006,404.959991,397.670013,402.790009,402.790009,140285500
2008-07-09,407.170013,411.179993,405.709991,410.829987,410.829987,126240500
2008-07-10,404.209991,407.950012,399.290009,401.929993,401.929993,143509100
2008-07-11,404.410004,405.890015,391.980011,391.980011,391.980011,145577300
2008-07-14,397.480011,399.649994,394.549988,395.350006,395.350006,127677100
2008-07-15,391.309998,391.410004,379.350006,383.660004,383.660004,251291100
2008-07-16,385.029999,385.029999,374.089996,383.989990,383.989990,218291600
2008-07-17,390.589996,396.739990,388.529999,392.660004,392.660004,183419000
2008-07-18,388.510010,395.940002,385.540009,395.940002,395.940002,179102200
2008-07-21,395.390015,403.160004,390.739990,400.359985,400.359985,131788100
2008-07-22,396.209991,400.559998,392.519989,400.200012,400.200012,154615100
2008-07-23,405.989990,407.579987,403.459991,405.380005,405.380005,151925900
2008-07-24,407.329987,408.279999,395.369995,396.649994,396.649994,125073800
2008-07-25,391.850006,397.230011,390.799988,395.769989,395.769989,156458400
2008-07-28,394.929993,396.959991,391.390015,392.980011,392.980011,106533200
2008-07-29,388.529999,396.779999,387.040009,395.100006,395.100006,132712400
2008-07-30,403.570007,405.350006,400.929993,404.390015,404.390015,132223600
2008-07-31,405.549988,406.220001,398.739990,399.950012,399.950012,163272000
2008-08-01,396.679993,399.029999,392.500000,394.529999,394.529999,131411400
2008-08-04,393.440002,400.119995,391.750000,392.480011,392.480011,123245100
2008-08-05,392.709991,403.459991,392.010010,403.459991,403.459991,153391600
2008-08-06,405.700012,410.619995,405.010010,410.510010,410.510010,132102200
2008-08-07,408.350006,412.380005,404.679993,405.690002,405.690002,140378700
2008-08-08,402.920013,408.519989,400.480011,408.519989,408.519989,140961700
2008-08-11,409.600006,412.570007,408.859985,412.130005,412.130005,113138100
2008-08-12,411.059998,416.720001,409.730011,415.559998,415.559998,137382900
2008-08-13,414.920013,417.420013,410.320007,410.329987,410.329987,128579800
2008-08-14,413.070007,413.190002,405.920013,409.410004,409.410004,110771500
2008-08-15,410.649994,414.230011,408.079987,409.859985,409.859985,94451000
2008-08-18,409.000000,414.470001,407.920013,410.510010,410.510010,76784600
2008-08-19,405.869995,405.869995,398.750000,398.750000,398.750000,106967800
2008-08-20,401.209991,404.149994,399.570007,402.589996,402.589996,93463600
2008-08-21,400.040009,403.089996,396.799988,400.230011,400.230011,92701200
2008-08-22,402.369995,408.200012,400.450012,408.190002,408.190002,88902600
2008-08-25,406.179993,407.910004,402.700012,402.700012,402.700012,46902000
2008-08-26,400.920013,405.209991,397.089996,403.239990,403.239990,85749200
2008-08-27,403.149994,407.690002,400.320007,406.119995,406.119995,82625000
2008-08-28,405.450012,412.769989,403.470001,411.130005,411.130005,109407000
2008-08-29,411.779999,415.109985,410.329987,412.839996,412.839996,100540800
2008-09-01,409.380005,413.420013,408.679993,412.089996,412.089996,63036000
2008-09-02,410.519989,416.279999,409.640015,414.700012,414.700012,137273200
2008-09-03,411.510010,413.059998,406.320007,406.320007,406.320007,95590200
2008-09-04,408.709991,409.839996,397.170013,397.170013,397.170013,162637600
2008-09-05,393.470001,395.489990,388.350006,389.220001,389.220001,163027700
2008-09-08,405.059998,405.269989,395.959991,398.790009,398.790009,165165700
2008-09-09,398.059998,402.299988,393.609985,395.730011,395.730011,140859300
2008-09-10,394.869995,397.209991,391.559998,393.899994,393.899994,126395400
2008-09-11,394.100006,395.250000,387.670013,392.559998,392.559998,125931600
2008-09-12,397.850006,399.570007,392.619995,399.570007,399.570007,117328800
2008-09-15,386.700012,388.690002,379.209991,385.040009,385.040009,221328800
2008-09-16,378.500000,381.130005,364.980011,371.200012,371.200012,290254500
2008-09-17,380.559998,380.559998,356.980011,356.980011,356.980011,272589800
2008-09-18,354.910004,361.739990,349.760010,351.660004,351.660004,244054500
2008-09-19,370.850006,381.829987,367.700012,381.829987,381.829987,359715000
2008-09-22,383.179993,385.429993,375.190002,375.190002,375.190002,155184600
2008-09-23,373.369995,374.339996,365.779999,367.640015,367.640015,163042000
2008-09-24,368.190002,370.089996,360.619995,360.619995,360.619995,126150000
2008-09-25,360.000000,369.350006,359.149994,369.350006,369.350006,191599200
2008-09-26,364.709991,364.709991,354.579987,354.579987,354.579987,212461800
2008-09-29,354.220001,354.220001,323.549988,323.549988,323.549988,258933000
2008-09-30,316.799988,333.420013,310.670013,331.450012,331.450012,245744500
2008-10-01,335.660004,336.730011,328.769989,334.239990,334.239990,180034600
2008-10-02,334.070007,342.980011,330.829987,330.829987,330.829987,190642000
2008-10-03,331.950012,344.230011,328.640015,344.019989,344.019989,159718200
2008-10-06,328.119995,329.890015,310.779999,312.559998,312.559998,188518000
2008-10-07,320.059998,320.519989,306.779999,309.440002,309.440002,182098200
2008-10-08,293.660004,308.290009,280.820007,285.660004,285.660004,269515600
2008-10-09,287.420013,296.570007,278.649994,281.970001,281.970001,178049100
2008-10-10,261.779999,270.899994,254.360001,258.049988,258.049988,302432400
2008-10-13,272.959991,285.269989,269.940002,285.269989,285.269989,207244900
2008-10-14,299.170013,302.769989,280.459991,284.510010,284.510010,400084000
2008-10-15,280.959991,281.429993,261.829987,263.000000,263.000000,233306100
2008-10-16,249.149994,262.209991,244.720001,248.039993,248.039993,260793700
2008-10-17,259.950012,260.970001,242.369995,252.259995,252.259995,278312900
2008-10-20,258.260010,269.410004,257.619995,269.410004,269.410004,221768100
2008-10-21,275.320007,275.730011,267.109985,269.359985,269.359985,151555600
2008-10-22,262.970001,265.940002,254.720001,255.080002,255.080002,167685300
2008-10-23,255.630005,258.950012,247.190002,257.850006,257.850006,177522400
2008-10-24,243.970001,247.229996,232.429993,245.919998,245.919998,246668900
2008-10-27,235.339996,241.809998,231.500000,237.100006,237.100006,166640300
2008-10-28,244.339996,244.369995,233.020004,237.960007,237.960007,191043500
2008-10-29,254.080002,259.630005,249.369995,259.579987,259.579987,198330700
2008-10-30,265.820007,266.209991,253.470001,257.649994,257.649994,191155800
2008-10-31,258.299988,267.690002,253.020004,267.690002,267.690002,156322800
2008-11-03,269.570007,273.010010,266.470001,273.010010,273.010010,124275100
2008-11-04,274.619995,291.130005,272.070007,291.130005,291.130005,167169900
2008-11-05,287.899994,287.899994,277.519989,279.440002,279.440002,156209100
2008-11-06,271.679993,275.420013,260.609985,260.609985,260.609985,167561700
2008-11-07,262.190002,268.570007,257.649994,265.720001,265.720001,128372300
2008-11-10,273.029999,278.190002,265.950012,267.130005,267.130005,105351400
2008-11-11,262.510010,264.399994,256.790009,257.130005,257.130005,110374600
2008-11-12,261.709991,262.869995,247.850006,249.250000,249.250000,120940800
2008-11-13,245.080002,251.839996,243.649994,249.960007,249.960007,116407500
2008-11-14,258.529999,258.929993,250.820007,252.470001,252.470001,119698200
2008-11-17,252.320007,254.059998,245.250000,246.330002,246.330002,109152200
2008-11-18,247.139999,250.779999,239.289993,250.619995,250.619995,114921200
2008-11-19,250.210007,250.210007,238.119995,238.119995,238.119995,133170300
2008-11-20,231.089996,232.770004,223.850006,227.820007,227.820007,156642200
2008-11-21,228.039993,232.940002,220.119995,222.929993,222.929993,170651100
2008-11-24,226.720001,245.860001,226.429993,245.860001,245.860001,141606900
2008-11-25,243.800003,251.009995,240.309998,245.839996,245.839996,162667800
2008-11-26,243.940002,249.320007,238.190002,245.160004,245.160004,107416600
2008-11-27,248.130005,253.259995,247.990005,253.259995,253.259995,116172300
2008-11-28,253.149994,254.380005,247.639999,252.550003,252.550003,125724700
2008-12-01,252.820007,252.820007,235.500000,235.500000,235.500000,112823200
2008-12-02,230.660004,241.669998,229.360001,241.339996,241.339996,130866800
2008-12-03,241.139999,243.339996,233.940002,242.039993,242.039993,118456300
2008-12-04,240.570007,248.559998,237.039993,240.800003,240.800003,139855400
2008-12-05,238.190002,239.199997,227.770004,229.440002,229.440002,119857500
2008-12-08,245.910004,249.130005,241.880005,248.119995,248.119995,136252300
2008-12-09,245.320007,256.410004,244.029999,253.389999,253.389999,138601200
2008-12-10,254.279999,257.220001,251.100006,256.149994,256.149994,127950400
2008-12-11,256.959991,257.529999,252.020004,254.770004,254.770004,159926000
2008-12-12,241.470001,250.380005,240.270004,247.750000,247.750000,0
2008-12-15,250.639999,252.410004,245.419998,247.110001,247.110001,87054200
2008-12-16,247.410004,249.529999,245.050003,248.259995,248.259995,84055800
2008-12-17,250.899994,251.169998,243.539993,247.759995,247.759995,151654500
2008-12-18,247.919998,251.259995,247.399994,249.880005,249.880005,141497200
2008-12-19,247.080002,253.110001,245.059998,249.539993,249.539993,189311800
2008-12-22,248.020004,248.020004,243.410004,243.440002,243.440002,89908200
2008-12-23,242.369995,248.889999,242.369995,244.500000,244.500000,63468600
2008-12-24,242.470001,242.800003,240.600006,241.899994,241.899994,22285200
2008-12-29,243.309998,245.250000,239.369995,240.809998,240.809998,52346400
2008-12-30,243.559998,246.580002,241.720001,246.580002,246.580002,42942200
2008-12-31,248.419998,249.070007,245.940002,245.940002,245.940002,18705800
2009-01-02,248.970001,258.230011,247.830002,258.230011,258.230011,59006800
2009-01-05,261.250000,262.200012,256.709991,261.779999,261.779999,87560000
2009-01-06,262.709991,271.910004,259.420013,269.269989,269.269989,114453700
2009-01-07,268.239990,269.519989,262.869995,265.040009,265.040009,115155700
2009-01-08,261.040009,266.100006,260.260010,264.589996,264.589996,86064000
2009-01-09,265.260010,269.739990,263.309998,266.179993,266.179993,98712600
2009-01-12,264.950012,266.799988,260.540009,261.799988,261.799988,94920800
2009-01-13,259.890015,262.059998,256.209991,260.739990,260.739990,164604600
2009-01-14,262.489990,263.010010,245.080002,247.320007,247.320007,161467100
2009-01-15,246.839996,248.960007,241.559998,243.600006,243.600006,158784700
2009-01-16,249.630005,254.020004,248.070007,248.550003,248.550003,130931600
2009-01-19,252.309998,255.300003,241.869995,245.220001,245.220001,108763900
2009-01-20,244.339996,246.690002,238.970001,240.110001,240.110001,123617400
2009-01-21,237.270004,240.500000,232.910004,237.710007,237.710007,175112900
2009-01-22,243.039993,243.210007,234.009995,235.460007,235.460007,134541200
2009-01-23,234.229996,235.509995,227.529999,234.139999,234.139999,127680700
2009-01-26,234.690002,248.419998,234.000000,247.880005,247.880005,178831100
2009-01-27,248.750000,248.770004,242.789993,248.589996,248.589996,149606100
2009-01-28,252.690002,258.369995,252.690002,257.160004,257.160004,163963800
2009-01-29,255.410004,256.010010,249.759995,252.350006,252.350006,123636900
2009-01-30,252.350006,253.199997,247.039993,248.600006,248.600006,114763800
2009-02-02,245.419998,247.279999,241.710007,245.960007,245.960007,148893000
2009-02-03,247.559998,251.490005,242.809998,250.830002,250.830002,116323100
2009-02-04,251.600006,257.779999,250.289993,254.789993,254.789993,141940200
2009-02-05,249.490005,253.149994,246.190002,252.509995,252.509995,133400300
2009-02-06,255.000000,262.559998,253.919998,261.350006,261.350006,158739600
2009-02-09,259.399994,263.950012,257.920013,262.720001,262.720001,131502800
2009-02-10,259.450012,260.220001,251.369995,251.369995,251.369995,136340500
2009-02-11,250.190002,253.940002,249.669998,253.279999,253.279999,93625400
2009-02-12,249.330002,249.470001,244.960007,248.270004,248.270004,161230400
2009-02-13,251.250000,254.190002,249.330002,251.119995,251.119995,103423400
2009-02-16,249.220001,250.399994,246.440002,247.149994,247.149994,67992200
2009-02-17,244.330002,244.440002,236.940002,238.169998,238.169998,109558800
2009-02-18,239.210007,239.770004,234.369995,238.300003,238.300003,127107600
2009-02-19,240.360001,241.699997,237.259995,237.669998,237.669998,117828000
2009-02-20,234.130005,234.199997,228.479996,229.130005,229.130005,143123200
2009-02-23,232.880005,233.339996,223.330002,223.979996,223.979996,117583800
2009-02-24,221.860001,223.080002,218.009995,222.550003,222.550003,157371500
2009-02-25,226.970001,227.669998,218.339996,220.690002,220.690002,136425900
2009-02-26,222.860001,225.600006,220.369995,223.669998,223.669998,148143500
2009-02-27,220.419998,220.860001,214.960007,219.809998,219.809998,162742000
2009-03-02,214.449997,214.449997,208.529999,208.839996,208.839996,210658900
2009-03-03,209.759995,211.169998,202.410004,202.570007,202.570007,154676000
2009-03-04,205.449997,211.710007,205.289993,211.580002,211.580002,137272400
2009-03-05,208.580002,209.669998,200.580002,200.580002,200.580002,145570200
2009-03-06,199.940002,204.320007,198.220001,199.500000,199.500000,140071100
2009-03-09,200.740005,200.740005,194.990005,199.250000,199.250000,112949300
2009-03-10,199.339996,211.550003,198.720001,210.440002,210.440002,138654600
2009-03-11,211.009995,214.369995,205.770004,210.330002,210.330002,151186000
2009-03-12,208.160004,211.979996,204.210007,211.309998,211.309998,125232300
2009-03-13,214.949997,216.279999,210.710007,211.740005,211.740005,124837900
2009-03-16,215.960007,216.979996,212.009995,215.789993,215.789993,116521500
2009-03-17,212.949997,213.630005,209.050003,210.869995,210.869995,111750200
2009-03-18,213.070007,214.029999,206.929993,209.339996,209.339996,108275400
2009-03-19,211.000000,214.970001,208.940002,210.380005,210.380005,188466300
2009-03-20,209.149994,213.330002,208.440002,212.710007,212.710007,156675200
2009-03-23,217.699997,221.300003,215.789993,220.899994,220.899994,139020900
2009-03-24,224.830002,225.210007,218.600006,221.470001,221.470001,162213700
2009-03-25,220.500000,226.179993,220.350006,225.550003,225.550003,118585100
2009-03-26,226.690002,226.770004,222.449997,224.800003,224.800003,98368600
2009-03-27,224.830002,225.169998,220.369995,221.729996,221.729996,95518400
2009-03-30,216.179993,216.509995,211.110001,211.110001,211.110001,90808000
2009-03-31,213.259995,217.059998,213.250000,216.979996,216.979996,98962200
2009-04-01,216.270004,220.759995,212.770004,220.699997,220.699997,111547400
2009-04-02,226.169998,232.589996,225.869995,232.050003,232.050003,149949900
2009-04-03,231.080002,235.279999,229.320007,230.759995,230.759995,142367600
2009-04-06,233.649994,235.960007,227.410004,228.850006,228.850006,125800600
2009-04-07,229.850006,230.500000,224.600006,227.389999,227.389999,99476000
2009-04-08,222.779999,229.869995,222.250000,228.240005,228.240005,101413600
2009-04-09,230.759995,233.720001,228.470001,232.839996,232.839996,138297100
2009-04-14,234.539993,238.470001,232.979996,235.449997,235.449997,144872000
2009-04-15,231.839996,237.550003,231.720001,235.899994,235.899994,101118200
2009-04-16,238.059998,240.020004,234.990005,238.490005,238.490005,112487200
2009-04-17,240.559998,244.979996,239.440002,243.809998,243.809998,139339200
2009-04-20,242.289993,242.919998,232.910004,233.770004,233.770004,111752600
2009-04-21,232.889999,236.320007,228.190002,234.720001,234.720001,120511200
2009-04-22,235.550003,237.630005,230.570007,236.880005,236.880005,122608700
2009-04-23,235.369995,240.149994,234.820007,235.300003,235.300003,103560800
2009-04-24,235.669998,239.490005,235.039993,239.339996,239.339996,99254000
2009-04-27,235.160004,238.850006,233.509995,238.139999,238.139999,83088800
2009-04-28,233.699997,236.449997,231.229996,234.830002,234.830002,87995800
2009-04-29,235.149994,238.720001,234.380005,238.070007,238.070007,138371000
2009-04-30,240.899994,243.940002,240.720001,240.759995,240.759995,180466300
2009-05-04,244.990005,251.600006,244.619995,251.470001,251.470001,113616200
2009-05-05,253.029999,254.320007,250.279999,252.160004,252.160004,137269600
2009-05-06,251.440002,257.589996,251.029999,255.279999,255.279999,141015900
2009-05-07,257.579987,263.250000,255.270004,256.690002,256.690002,170586900
2009-05-08,259.970001,263.750000,258.980011,261.350006,261.350006,127166400
2009-05-11,260.869995,260.869995,254.949997,256.470001,256.470001,107835500
2009-05-12,254.429993,259.269989,254.259995,255.330002,255.330002,115554800
2009-05-13,256.149994,257.609985,249.500000,250.190002,250.190002,154552100
2009-05-14,250.649994,251.350006,247.460007,249.020004,249.020004,121986100
2009-05-15,251.850006,253.820007,249.240005,252.919998,252.919998,99849200
2009-05-18,249.589996,259.489990,248.820007,259.170013,259.170013,94844200
2009-05-19,262.410004,263.630005,259.619995,262.230011,262.230011,126535000
2009-05-20,261.559998,267.149994,261.559998,266.299988,266.299988,109472100
2009-05-21,262.459991,263.609985,258.390015,259.019989,259.019989,78579200
2009-05-22,260.549988,262.480011,258.209991,260.140015,260.140015,74919400
2009-05-25,261.109985,261.480011,257.279999,260.660004,260.660004,29799400
2009-05-26,259.359985,263.619995,255.059998,263.429993,263.429993,83544600
2009-05-27,265.290009,265.670013,262.119995,264.200012,264.200012,87207600
2009-05-28,260.420013,262.980011,258.109985,260.899994,260.899994,99635600
2009-05-29,265.170013,265.170013,258.619995,259.450012,259.450012,110807500
2009-06-01,265.239990,268.910004,265.029999,268.420013,268.420013,78745800
2009-06-02,267.149994,270.089996,266.170013,268.989990,268.989990,87892000
2009-06-03,271.119995,271.119995,263.250000,264.369995,264.369995,80143400
2009-06-04,264.269989,266.109985,262.239990,263.799988,263.799988,75724200
2009-06-05,266.260010,270.049988,265.350006,266.929993,266.929993,110923800
2009-06-08,266.100006,266.119995,261.450012,262.390015,262.390015,73216000
2009-06-09,264.730011,266.179993,261.619995,263.029999,263.029999,81331800
2009-06-10,267.109985,269.829987,266.140015,266.959991,266.959991,96109400
2009-06-11,266.869995,268.640015,266.190002,268.109985,268.109985,73237200
2009-06-12,267.619995,268.119995,264.279999,265.480011,265.480011,74380800
2009-06-15,262.950012,263.140015,257.929993,258.260010,258.260010,94405600
2009-06-16,258.809998,259.709991,256.450012,257.010010,257.010010,86754200
2009-06-17,255.649994,256.109985,248.929993,251.229996,251.229996,122136000
2009-06-18,253.169998,254.429993,249.470001,253.520004,253.520004,97596400
2009-06-19,254.210007,257.809998,253.169998,257.160004,257.160004,122154900
2009-06-22,257.470001,257.690002,249.089996,249.089996,249.089996,85637800
2009-06-23,247.100006,250.429993,247.029999,248.690002,248.690002,97648000
2009-06-24,250.220001,255.199997,248.110001,254.630005,254.630005,91692600
2009-06-25,254.619995,254.619995,249.089996,254.119995,254.119995,82366000
2009-06-26,256.480011,257.839996,253.110001,254.429993,254.429993,78619800
2009-06-29,253.919998,258.760010,253.410004,258.239990,258.239990,64146400
2009-06-30,258.890015,258.890015,253.339996,254.710007,254.710007,81960000
2009-07-01,256.329987,261.440002,256.200012,260.290009,260.290009,82659000
2009-07-02,258.450012,258.450012,252.690002,252.690002,252.690002,92910200
2009-07-03,253.279999,253.869995,251.080002,253.699997,253.699997,58630200
2009-07-06,251.589996,251.589996,247.809998,249.639999,249.639999,75298800
2009-07-07,251.270004,252.710007,248.529999,249.039993,249.039993,82887400
2009-07-08,247.440002,248.190002,244.210007,244.630005,244.630005,82051000
2009-07-09,246.360001,248.910004,245.660004,247.110001,247.110001,69269800
2009-07-10,245.639999,246.190002,243.199997,243.199997,243.199997,68814600
2009-07-13,242.610001,249.789993,241.360001,249.789993,249.789993,76351400
2009-07-14,250.800003,252.509995,249.919998,251.910004,251.910004,80926000
2009-07-15,253.679993,260.820007,253.679993,260.820007,260.820007,96700400
2009-07-16,260.880005,265.540009,259.760010,263.480011,263.480011,96304600
2009-07-17,265.320007,267.690002,264.470001,266.399994,266.399994,94879600
2009-07-20,268.739990,270.459991,267.529999,269.480011,269.480011,72630600
2009-07-21,269.500000,273.320007,269.059998,270.679993,270.679993,87295600
2009-07-22,270.890015,271.299988,267.850006,271.190002,271.190002,87864600
2009-07-23,271.850006,276.559998,269.209991,276.149994,276.149994,101493700
2009-07-24,275.339996,278.700012,274.200012,276.149994,276.149994,89582800
2009-07-27,279.140015,279.679993,276.170013,278.140015,278.140015,95425400
2009-07-28,278.359985,279.519989,273.570007,274.239990,274.239990,103062600
2009-07-29,272.989990,278.809998,272.670013,277.320007,277.320007,112472800
2009-07-30,278.950012,284.690002,277.480011,283.820007,283.820007,126417200
2009-07-31,282.630005,285.239990,281.480011,283.170013,283.170013,122819200
2009-08-03,283.630005,289.339996,283.190002,287.489990,287.489990,105462200
2009-08-04,287.510010,287.510010,283.450012,286.910004,286.910004,99058600
2009-08-05,285.630005,289.109985,283.920013,285.239990,285.239990,103624000
2009-08-06,288.179993,290.149994,287.170013,288.109985,288.109985,97833800
2009-08-07,286.670013,291.839996,284.809998,290.500000,290.500000,102890200
2009-08-10,289.570007,289.910004,287.029999,288.609985,288.609985,64582000
2009-08-11,288.899994,290.049988,283.239990,284.170013,284.170013,89584600
2009-08-12,283.720001,288.950012,280.790009,288.950012,288.950012,119372800
2009-08-13,288.190002,293.250000,288.190002,290.019989,290.019989,164334800
2009-08-14,290.600006,292.390015,286.779999,288.019989,288.019989,112516300
2009-08-17,286.089996,286.089996,281.109985,282.010010,282.010010,104254400
2009-08-18,283.329987,284.459991,282.049988,284.459991,284.459991,76182200
2009-08-19,282.630005,284.959991,280.149994,284.049988,284.049988,84555600
2009-08-20,287.720001,288.869995,285.649994,288.119995,288.119995,91179200
2009-08-21,287.019989,295.709991,286.790009,294.489990,294.489990,117345600
2009-08-24,297.100006,298.809998,295.920013,297.880005,297.880005,93762800
2009-08-25,294.820007,300.540009,294.670013,300.029999,300.029999,91900000
2009-08-26,299.410004,302.260010,297.820007,298.640015,298.640015,103288000
2009-08-27,298.000000,300.820007,295.890015,296.899994,296.899994,80679400
2009-08-28,299.290009,302.760010,298.730011,300.200012,300.200012,88754400
2009-08-31,297.480011,298.290009,295.760010,296.269989,296.269989,66260000
2009-09-01,298.029999,298.929993,291.000000,291.000000,291.000000,103718800
2009-09-02,289.839996,289.839996,286.239990,289.049988,289.049988,111996000
2009-09-03,290.119995,291.989990,288.230011,289.010010,289.010010,88504600
2009-09-04,291.329987,293.640015,290.579987,293.160004,293.160004,97720600
2009-09-07,295.329987,298.470001,295.160004,298.410004,298.410004,67699000
2009-09-08,299.239990,301.320007,298.200012,300.809998,300.809998,100188800
2009-09-09,299.480011,304.250000,299.380005,304.250000,304.250000,95993800
2009-09-10,306.369995,307.100006,302.850006,305.970001,305.970001,108246000
2009-09-11,307.089996,309.200012,306.649994,308.000000,308.000000,110349700
2009-09-14,304.170013,307.029999,303.029999,306.899994,306.899994,87067400
2009-09-15,307.559998,309.660004,305.709991,308.369995,308.369995,127607700
2009-09-16,310.170013,313.299988,310.170013,312.760010,312.760010,132192100
2009-09-17,315.260010,315.260010,311.820007,313.880005,313.880005,127552900
2009-09-18,312.089996,315.480011,311.829987,313.630005,313.630005,152586500
2009-09-21,313.540009,313.739990,309.670013,311.339996,311.339996,79404800
2009-09-22,312.119995,314.670013,312.119995,312.720001,312.720001,75172200
2009-09-23,313.000000,314.549988,312.079987,313.359985,313.359985,76317400
2009-09-24,311.540009,314.799988,308.059998,308.519989,308.519989,112397100
2009-09-25,309.209991,309.570007,305.630005,305.630005,305.630005,83484200
2009-09-28,304.940002,311.899994,302.170013,311.899994,311.899994,82099600
2009-09-29,312.820007,313.970001,310.220001,312.119995,312.119995,81566600
2009-09-30,312.690002,314.390015,308.950012,311.350006,311.350006,111197500
2009-10-01,312.309998,313.670013,305.500000,305.739990,305.739990,107061300
2009-10-02,302.450012,303.079987,296.500000,299.299988,299.299988,144723900
2009-10-05,300.250000,301.730011,298.309998,301.220001,301.220001,84676400
2009-10-06,303.190002,309.630005,302.920013,309.279999,309.279999,106777800
2009-10-07,309.029999,312.209991,308.160004,309.209991,309.209991,91963400
2009-10-08,314.290009,314.799988,312.029999,314.760010,314.760010,104770000
2009-10-09,313.380005,316.739990,313.329987,315.549988,315.549988,100226000
2009-10-12,318.179993,321.750000,318.179993,320.709991,320.709991,107928200
2009-10-13,320.739990,322.029999,318.640015,319.529999,319.529999,104849800
2009-10-14,324.000000,326.540009,323.799988,325.470001,325.470001,124771100
2009-10-15,326.640015,326.839996,323.779999,325.190002,325.190002,100830300
2009-10-16,326.609985,328.510010,321.649994,322.309998,322.309998,129853700
2009-10-19,323.750000,327.279999,323.750000,327.029999,327.029999,78361400
2009-10-20,328.290009,328.470001,324.470001,324.920013,324.920013,90667000
2009-10-21,326.420013,327.149994,320.850006,325.500000,325.500000,102183700
2009-10-22,321.059998,321.790009,318.709991,320.690002,320.690002,100144000
2009-10-23,323.970001,325.369995,319.609985,320.140015,320.140015,87012200
2009-10-26,321.209991,321.899994,312.149994,312.649994,312.649994,182684200
2009-10-27,312.480011,314.730011,310.130005,311.130005,311.130005,216416900
2009-10-28,309.720001,310.000000,303.149994,303.290009,303.290009,193980800
2009-10-29,301.859985,309.829987,301.250000,309.649994,309.649994,180214100
2009-10-30,310.089996,310.790009,301.410004,302.359985,302.359985,144037000
2009-11-02,302.109985,304.690002,299.880005,302.820007,302.820007,115698400
2009-11-03,300.779999,301.679993,296.980011,300.109985,300.109985,101547000
2009-11-04,302.660004,306.790009,302.100006,305.880005,305.880005,113159100
2009-11-05,302.329987,309.119995,299.630005,307.829987,307.829987,131985200
2009-11-06,308.440002,309.750000,303.549988,307.140015,307.140015,100537100
2009-11-09,310.500000,314.600006,310.410004,314.459991,314.459991,81492000
2009-11-10,314.910004,315.519989,312.619995,313.260010,313.260010,81811400
2009-11-11,316.670013,320.059998,316.670013,317.970001,317.970001,114100500
2009-11-12,316.940002,320.059998,316.570007,317.059998,317.059998,107104000
2009-11-13,316.779999,317.989990,314.720001,317.369995,317.369995,77293600
2009-11-16,320.739990,322.480011,319.820007,322.160004,322.160004,73991600
2009-11-17,320.859985,323.179993,320.540009,321.079987,321.079987,73131600
2009-11-18,322.440002,322.910004,318.179993,319.420013,319.420013,84714200
2009-11-19,317.940002,319.329987,312.579987,313.309998,313.309998,91286800
2009-11-20,314.429993,315.839996,309.399994,310.029999,310.029999,96077400
2009-11-23,312.730011,318.420013,312.690002,317.040009,317.040009,66368000
2009-11-24,314.730011,318.760010,314.269989,315.859985,315.859985,73339200
2009-11-25,317.980011,319.160004,315.459991,318.239990,318.239990,70649800
2009-11-26,315.839996,316.040009,306.160004,306.720001,306.720001,104469400
2009-11-27,300.920013,311.600006,300.540009,309.519989,309.519989,136355100
2009-11-30,311.049988,311.049988,305.179993,305.899994,305.899994,145440200
2009-12-01,309.140015,315.440002,308.869995,315.440002,315.440002,135457300
2009-12-02,315.820007,317.980011,315.029999,316.440002,316.440002,148638600
2009-12-03,319.299988,320.130005,316.450012,317.609985,317.609985,135486300
2009-12-04,316.630005,323.950012,315.390015,321.130005,321.130005,153572500
2009-12-07,320.459991,321.920013,318.529999,320.250000,320.250000,106229100
2009-12-08,319.390015,321.600006,313.239990,315.429993,315.429993,171078900
2009-12-09,314.470001,316.059998,311.160004,312.880005,312.880005,152549300
2009-12-10,313.359985,318.000000,312.709991,317.690002,317.690002,193640300
2009-12-11,318.320007,322.339996,318.320007,320.140015,320.140015,200272800
2009-12-14,323.200012,323.989990,321.190002,322.510010,322.510010,153209300
2009-12-15,323.679993,325.329987,321.380005,325.190002,325.190002,141831700
2009-12-16,325.420013,328.609985,325.420013,328.609985,328.609985,166674500
2009-12-17,326.190002,329.059998,325.519989,326.679993,326.679993,130191000
2009-12-18,326.640015,328.359985,323.779999,324.630005,324.630005,152385400
2009-12-21,326.290009,330.630005,325.440002,330.510010,330.510010,70627200
2009-12-22,331.630005,334.480011,331.489990,332.480011,332.480011,72328400
2009-12-23,334.660004,335.100006,331.690002,332.829987,332.829987,56098200
2009-12-24,333.630005,334.160004,333.119995,333.600006,333.600006,12198800
2009-12-28,336.019989,336.570007,335.230011,336.109985,336.109985,0
2009-12-29,336.839996,338.220001,336.399994,337.279999,337.279999,45764800
2009-12-30,336.209991,337.320007,333.929993,335.140015,335.140015,37276200
2009-12-31,336.700012,336.790009,335.209991,335.329987,335.329987,14204800
2010-01-04,336.959991,343.049988,336.959991,343.029999,343.029999,90515200
2010-01-05,343.519989,343.589996,340.989990,342.019989,342.019989,106369100
2010-01-06,341.579987,342.769989,339.320007,341.480011,341.480011,78921400
2010-01-07,340.559998,340.959991,337.940002,340.549988,340.549988,103411000
2010-01-08,341.980011,343.290009,338.230011,341.940002,341.940002,127867400
2010-01-11,344.200012,345.559998,340.100006,340.519989,340.519989,123004900
2010-01-12,340.690002,341.510010,334.970001,336.769989,336.769989,110926400
2010-01-13,335.359985,339.010010,335.320007,338.179993,338.179993,95424000
2010-01-14,341.200012,341.769989,339.070007,340.609985,340.609985,85885200
2010-01-15,341.410004,343.079987,337.480011,337.989990,337.989990,129802300
2010-01-18,339.179993,339.589996,336.679993,339.029999,339.029999,56837400
2010-01-19,338.679993,342.269989,335.720001,341.609985,341.609985,83807600
2010-01-20,340.890015,342.399994,335.070007,336.299988,336.299988,111977300
2010-01-21,338.829987,339.679993,331.970001,332.170013,332.170013,106124100
2010-01-22,330.130005,332.790009,326.899994,329.480011,329.480011,156662600
2010-01-25,327.369995,332.070007,327.369995,328.510010,328.510010,106317800
2010-01-26,326.279999,329.649994,324.920013,329.649994,329.649994,113794000
2010-01-27,326.679993,328.980011,325.160004,327.260010,327.260010,100255400
2010-01-28,331.570007,331.570007,323.950012,323.950012,323.950012,124292500
2010-01-29,325.519989,329.839996,324.239990,327.899994,327.899994,111574300
2010-02-01,325.940002,331.739990,325.350006,331.309998,331.309998,95260600
2010-02-02,331.980011,334.359985,329.420013,334.040009,334.040009,99983600
2010-02-03,335.040009,335.679993,332.369995,333.029999,333.029999,92634200
2010-02-04,331.790009,333.140015,322.220001,323.230011,323.230011,172226100
2010-02-05,320.809998,321.589996,313.839996,315.040009,315.040009,223513800
2010-02-08,317.690002,318.769989,311.529999,316.500000,316.500000,135640500
2010-02-09,316.239990,318.600006,314.679993,317.059998,317.059998,127248000
2010-02-10,317.290009,318.760010,314.700012,316.100006,316.100006,144502700
2010-02-11,317.730011,319.329987,314.029999,316.799988,316.799988,133594700
2010-02-12,319.309998,320.239990,314.010010,315.739990,315.739990,106093500
2010-02-15,317.700012,318.809998,315.040009,315.859985,315.859985,56399400
2010-02-16,318.440002,318.910004,315.119995,318.839996,318.839996,88971400
2010-02-17,320.959991,324.559998,320.799988,323.130005,323.130005,129201900
2010-02-18,322.309998,324.529999,321.279999,324.299988,324.299988,107873800
2010-02-19,321.510010,325.769989,321.290009,325.600006,325.600006,100457500
2010-02-22,327.000000,327.140015,324.609985,325.119995,325.119995,81735000
2010-02-23,327.290009,327.549988,320.220001,320.989990,320.989990,112250100
2010-02-24,321.450012,322.049988,317.859985,320.920013,320.920013,100426600
2010-02-25,319.450012,321.410004,314.549988,314.850006,314.850006,123469400
2010-02-26,317.839996,318.040009,313.350006,317.739990,317.739990,127710900
2010-03-01,320.750000,324.799988,320.100006,324.369995,324.369995,165347700
2010-03-02,324.869995,328.359985,324.339996,328.239990,328.239990,103775900
2010-03-03,327.769989,332.579987,326.929993,331.859985,331.859985,104224000
2010-03-04,330.250000,333.679993,329.859985,332.450012,332.450012,105004600
2010-03-05,334.089996,338.679993,333.829987,338.679993,338.679993,112566800
2010-03-08,340.209991,340.660004,336.890015,338.170013,338.170013,88485400
2010-03-09,338.910004,339.470001,336.309998,339.089996,339.089996,80780600
2010-03-10,338.660004,341.510010,337.980011,340.970001,340.970001,95100400
2010-03-11,339.450012,341.179993,337.709991,339.019989,339.019989,83670800
2010-03-12,339.679993,342.290009,338.750000,339.570007,339.570007,96038600
2010-03-15,338.829987,339.230011,334.910004,335.109985,335.109985,74466000
2010-03-16,336.829987,340.149994,336.829987,339.260010,339.260010,88415800
2010-03-17,340.890015,343.760010,340.359985,343.059998,343.059998,102312900
2010-03-18,341.510010,343.109985,341.220001,341.950012,341.950012,81610600
2010-03-19,343.079987,343.299988,338.299988,338.649994,338.649994,151817300
2010-03-22,337.579987,338.529999,334.000000,338.130005,338.130005,88797400
2010-03-23,338.329987,342.410004,338.309998,341.510010,341.510010,92427200
2010-03-24,342.739990,343.329987,338.989990,341.739990,341.739990,83862800
2010-03-25,341.489990,346.000000,341.489990,345.609985,345.609985,108690400
2010-03-26,344.100006,345.390015,343.329987,343.809998,343.809998,85028600
2010-03-29,344.029999,345.390015,342.510010,343.959991,343.959991,72582200
2010-03-30,345.239990,346.079987,343.269989,343.600006,343.600006,77048000
2010-03-31,343.420013,345.660004,342.160004,344.220001,344.220001,85742400
2010-04-01,345.899994,351.459991,345.899994,351.440002,351.440002,103664000
2010-04-06,353.140015,355.609985,352.869995,355.609985,355.609985,101898300
2010-04-07,355.839996,356.130005,353.489990,353.890015,353.890015,94269400
2010-04-08,352.269989,352.570007,349.510010,350.890015,350.890015,101033400
2010-04-09,353.910004,356.250000,353.910004,355.890015,355.890015,89993600
2010-04-12,358.049988,358.200012,354.390015,355.339996,355.339996,72827000
2010-04-13,353.660004,355.709991,352.750000,354.429993,354.429993,84824000
2010-04-14,356.339996,357.920013,355.920013,356.670013,356.670013,95541600
2010-04-15,356.489990,356.760010,353.179993,355.570007,355.570007,96165400
2010-04-16,354.149994,356.600006,349.220001,349.750000,349.750000,142228300
2010-04-19,348.880005,350.799988,346.970001,348.570007,348.570007,142228300
2010-04-20,350.250000,354.980011,349.429993,354.859985,354.859985,117475400
2010-04-21,356.380005,356.480011,352.940002,353.660004,353.660004,104444200
2010-04-22,353.769989,356.750000,349.880005,351.309998,351.309998,132257200
2010-04-23,352.720001,355.140015,351.059998,353.380005,353.380005,127389800
2010-04-26,356.929993,358.230011,355.799988,357.429993,357.429993,103423500
2010-04-27,356.700012,356.859985,349.119995,349.119995,349.119995,143744200
2010-04-28,346.579987,349.019989,341.950012,344.549988,344.549988,200962700
2010-04-29,345.459991,349.369995,342.720001,348.459991,348.459991,142780200
2010-04-30,348.309998,351.320007,344.130005,345.910004,345.910004,130848300
2010-05-03,345.410004,348.170013,342.450012,346.940002,346.940002,72889600
2010-05-04,347.859985,348.859985,334.880005,335.859985,335.859985,170587900
2010-05-05,335.459991,336.760010,328.730011,330.779999,330.779999,168153100
2010-05-06,327.149994,333.450012,325.179993,326.190002,326.190002,195235800
2010-05-07,316.779999,323.209991,307.709991,312.350006,312.350006,293486300
2010-05-10,323.910004,335.239990,322.359985,335.239990,335.239990,278265300
2010-05-11,331.459991,334.010010,327.790009,333.480011,333.480011,145978500
2010-05-12,332.779999,338.760010,330.790009,336.899994,336.899994,177803500
2010-05-13,340.049988,340.049988,335.540009,337.799988,337.799988,97972800
2010-05-14,336.260010,336.260010,326.100006,327.239990,327.239990,153943900
2010-05-17,324.100006,330.230011,323.200012,326.570007,326.570007,130447400
2010-05-18,331.019989,333.029999,327.799988,331.000000,331.000000,115618800
2010-05-19,326.170013,327.929993,320.730011,321.450012,321.450012,164436200
2010-05-20,323.279999,324.720001,308.750000,314.859985,314.859985,205013100
2010-05-21,312.839996,315.480011,306.290009,313.410004,313.410004,217943200
2010-05-24,315.799988,317.619995,310.339996,313.570007,313.570007,92782000
2010-05-25,303.950012,306.390015,301.480011,305.029999,305.029999,172128800
2010-05-26,310.450012,315.440002,308.040009,312.000000,312.000000,164578600
2010-05-27,314.630005,321.200012,314.380005,321.160004,321.160004,134945600
2010-05-28,323.829987,324.029999,319.910004,320.640015,320.640015,96900000
2010-05-31,320.059998,322.869995,319.519989,320.700012,320.700012,43268400
2010-06-01,319.489990,322.989990,314.470001,321.209991,321.209991,121512900
2010-06-02,318.769989,322.839996,316.450012,322.559998,322.559998,95636600
2010-06-03,328.480011,329.820007,326.589996,327.029999,327.029999,110031400
2010-06-04,328.179993,331.299988,320.290009,321.220001,321.220001,142577200
2010-06-07,315.700012,320.579987,315.339996,317.540009,317.540009,108029700
2010-06-08,318.709991,318.970001,311.820007,314.829987,314.829987,127059300
2010-06-09,317.500000,320.709991,313.700012,320.630005,320.630005,110800100
2010-06-10,318.709991,326.709991,317.980011,325.420013,325.420013,114396600
2010-06-11,326.970001,327.309998,321.809998,325.559998,325.559998,120467200
2010-06-14,328.859985,331.500000,328.570007,331.450012,331.450012,100438900
2010-06-15,329.119995,334.630005,328.910004,333.820007,333.820007,101829600
2010-06-16,336.470001,336.470001,332.429993,334.760010,334.760010,112382000
2010-06-17,334.660004,336.910004,333.250000,335.260010,335.260010,100285100
2010-06-18,335.929993,336.890015,334.170013,336.059998,336.059998,114690000
2010-06-21,341.549988,343.320007,340.109985,341.040009,341.040009,91305600
2010-06-22,338.640015,340.369995,336.899994,339.799988,339.799988,88625400
2010-06-23,336.049988,339.070007,333.720001,335.109985,335.109985,84037000
2010-06-24,337.390015,337.420013,328.489990,329.220001,329.220001,86777600
2010-06-25,329.670013,330.339996,325.260010,325.989990,325.989990,86201800
2010-06-28,327.329987,331.040009,325.390015,330.459991,330.459991,73886400
2010-06-29,326.350006,326.500000,318.140015,319.029999,319.029999,115780300
2010-06-30,319.850006,320.309998,315.809998,316.809998,316.809998,115476500
2010-07-01,313.049988,314.809998,306.420013,307.869995,307.869995,129509600
2010-07-02,310.380005,312.640015,308.179993,308.200012,308.200012,96298000
2010-07-05,309.220001,309.579987,306.269989,306.269989,306.269989,53436200
2010-07-06,308.329987,316.829987,307.890015,314.429993,314.429993,92714000
2010-07-07,311.160004,317.839996,308.600006,317.559998,317.559998,104637600
2010-07-08,320.709991,323.480011,318.540009,322.619995,322.619995,107209000
2010-07-09,324.630005,325.940002,322.989990,324.420013,324.420013,72469400
2010-07-12,325.700012,328.359985,323.899994,326.559998,326.559998,63699800
2010-07-13,327.390015,334.399994,327.329987,333.760010,333.760010,84712000
2010-07-14,336.420013,336.730011,332.739990,335.029999,335.029999,76180800
2010-07-15,334.160004,335.309998,328.089996,329.760010,329.760010,97641200
2010-07-16,330.290009,332.119995,322.700012,323.989990,323.989990,107765800
2010-07-19,322.329987,325.760010,321.119995,322.000000,322.000000,71898000
2010-07-20,324.140015,324.350006,317.309998,320.459991,320.459991,82120800
2010-07-21,323.730011,328.809998,323.609985,326.359985,326.359985,82998600
2010-07-22,325.100006,335.250000,324.549988,335.200012,335.200012,101607200
2010-07-23,335.630005,338.130005,333.899994,337.140015,337.140015,86904800
2010-07-26,339.730011,339.869995,335.619995,337.820007,337.820007,89384400
2010-07-27,339.309998,340.589996,337.109985,338.079987,338.079987,134230100
2010-07-28,338.700012,339.970001,333.929993,335.029999,335.029999,108849700
2010-07-29,335.190002,336.730011,331.950012,332.130005,332.130005,103932800
2010-07-30,331.019989,334.299988,327.339996,330.640015,330.640015,125405800
2010-08-02,333.299988,339.970001,332.450012,339.660004,339.660004,95889400
2010-08-03,339.549988,339.940002,336.369995,339.000000,339.000000,88658800
2010-08-04,337.660004,341.000000,335.119995,339.200012,339.200012,85440600
2010-08-05,339.070007,340.609985,335.660004,336.570007,336.570007,93499000
2010-08-06,337.519989,338.929993,329.760010,331.190002,331.190002,100212200
2010-08-09,334.559998,336.559998,334.119995,335.890015,335.890015,58964000
2010-08-10,334.709991,335.440002,331.309998,333.140015,333.140015,76304000
2010-08-11,330.230011,331.019989,324.839996,324.989990,324.989990,108752700
2010-08-12,323.070007,326.220001,321.470001,324.119995,324.119995,112963500
2010-08-13,326.140015,326.510010,321.260010,323.920013,323.920013,94724600
2010-08-16,324.500000,325.369995,320.190002,323.140015,323.140015,63165000
2010-08-17,324.359985,328.549988,323.899994,328.450012,328.450012,92528000
2010-08-18,327.059998,328.470001,325.100006,327.670013,327.670013,70209200
2010-08-19,329.359985,330.269989,321.760010,322.369995,322.369995,91019400
2010-08-20,321.649994,323.220001,317.459991,318.019989,318.019989,92365800
2010-08-23,318.329987,320.920013,316.950012,318.540009,318.540009,73090200
2010-08-24,315.880005,315.950012,310.130005,313.390015,313.390015,98986800
2010-08-25,312.399994,314.589996,308.470001,311.720001,311.720001,111118100
2010-08-26,314.779999,315.359985,312.329987,314.220001,314.220001,84652200
2010-08-27,312.809998,317.209991,311.269989,317.040009,317.040009,90542600
2010-08-30,318.640015,318.859985,314.570007,315.549988,315.549988,44056800
2010-08-31,311.359985,316.470001,311.049988,316.470001,316.470001,95528800
2010-09-01,318.079987,325.920013,315.510010,325.519989,325.519989,122826500
2010-09-02,324.679993,327.690002,323.869995,326.570007,326.570007,82334000
2010-09-03,327.869995,332.480011,326.820007,329.350006,329.350006,99893800
2010-09-06,331.279999,331.380005,329.380005,330.529999,330.529999,46173400
2010-09-07,329.730011,330.170013,325.859985,327.760010,327.760010,75309400
2010-09-08,326.320007,332.049988,324.910004,331.429993,331.429993,83656200
2010-09-09,330.839996,335.179993,329.859985,334.589996,334.589996,78874000
2010-09-10,333.320007,335.239990,332.760010,334.959991,334.959991,71080800
2010-09-13,338.739990,339.399994,336.899994,337.269989,337.269989,79352000
2010-09-14,336.940002,337.809998,335.119995,336.730011,336.730011,88485200
2010-09-15,336.980011,337.480011,333.769989,335.859985,335.859985,85552200
2010-09-16,335.839996,336.609985,334.279999,334.670013,334.670013,71353400
2010-09-17,337.630005,338.940002,334.420013,334.540009,334.540009,198627100
2010-09-20,336.269989,340.190002,336.269989,339.809998,339.809998,75173000
2010-09-21,339.279999,342.350006,338.940002,338.940002,338.940002,90934800
2010-09-22,339.549988,339.549988,334.079987,334.350006,334.350006,92999800
2010-09-23,336.399994,336.790009,329.380005,332.820007,332.820007,88555200
2010-09-24,330.890015,338.480011,330.779999,337.850006,337.850006,91019000
2010-09-27,338.910004,340.010010,337.019989,337.170013,337.170013,65661800
2010-09-28,336.399994,338.820007,333.410004,338.170013,338.170013,81359400
2010-09-29,339.600006,340.989990,334.970001,335.850006,335.850006,78795800
2010-09-30,333.829987,339.510010,333.040009,334.390015,334.390015,103625800
2010-10-01,335.269989,336.739990,332.269989,333.779999,333.779999,88498400
2010-10-04,334.029999,334.029999,329.829987,330.399994,330.399994,74631600
2010-10-05,329.890015,335.600006,328.609985,335.029999,335.029999,89253800
2010-10-06,336.489990,338.459991,336.029999,336.970001,336.970001,95389400
2010-10-07,337.160004,339.170013,333.859985,337.670013,337.670013,87693400
2010-10-08,337.019989,337.339996,334.459991,336.529999,336.529999,83426200
2010-10-11,337.290009,338.089996,336.559998,337.040009,337.040009,57987400
2010-10-12,334.799988,335.489990,332.369995,335.089996,335.089996,77975800
2010-10-13,336.570007,342.230011,336.529999,341.720001,341.720001,85500800
2010-10-14,342.869995,344.440002,341.209991,341.329987,341.329987,108375500
2010-10-15,342.519989,343.079987,339.739990,341.450012,341.450012,89513400
2010-10-18,339.899994,342.549988,339.019989,341.720001,341.720001,79025200
2010-10-19,341.339996,341.869995,337.850006,339.149994,339.149994,94758800
2010-10-20,338.100006,340.029999,337.730011,339.709991,339.709991,65378000
2010-10-21,338.850006,343.309998,338.149994,341.920013,341.920013,88238000
2010-10-22,340.799988,342.649994,340.529999,341.070007,341.070007,67598800
2010-10-25,343.269989,344.230011,342.079987,342.529999,342.529999,64778200
2010-10-26,340.790009,342.119995,338.660004,340.760010,340.760010,99988200
2010-10-27,339.429993,340.859985,337.670013,337.989990,337.989990,82013600
2010-10-28,339.470001,340.619995,337.570007,338.100006,338.100006,76769400
2010-10-29,337.279999,338.600006,335.329987,337.230011,337.230011,95734600
2010-11-01,339.649994,340.769989,337.390015,339.350006,339.350006,78333800
2010-11-02,339.029999,342.529999,338.760010,342.019989,342.019989,76909400
2010-11-03,342.570007,343.000000,338.390015,339.049988,339.049988,84695200
2010-11-04,342.640015,346.109985,342.570007,345.149994,345.149994,128069700
2010-11-05,346.250000,348.429993,345.089996,346.899994,346.899994,104020400
2010-11-08,346.959991,347.459991,346.149994,346.690002,346.690002,71384800
2010-11-09,346.160004,348.820007,346.010010,347.739990,347.739990,81694600
2010-11-10,346.339996,348.019989,344.880005,346.089996,346.089996,125179600
2010-11-11,347.670013,347.820007,343.619995,344.829987,344.829987,114070500
2010-11-12,340.690002,344.230011,339.329987,343.200012,343.200012,96614600
2010-11-15,341.670013,346.230011,341.339996,345.529999,345.529999,67913600
2010-11-16,343.809998,343.809998,339.190002,339.209991,339.209991,94170200
2010-11-17,338.920013,341.970001,338.589996,341.500000,341.500000,74830400
2010-11-18,343.720001,346.869995,343.320007,346.269989,346.269989,113535500
2010-11-19,346.339996,346.380005,342.049988,344.579987,344.579987,90640800
2010-11-22,347.010010,347.399994,341.320007,342.420013,342.420013,85382400
2010-11-23,339.970001,341.399994,334.820007,334.820007,334.820007,126564900
2010-11-24,336.119995,338.109985,332.679993,337.200012,337.200012,101647900
2010-11-25,337.730011,339.380005,337.209991,338.769989,338.769989,71044200
2010-11-26,336.649994,338.119995,332.670013,336.260010,336.260010,103360500
2010-11-29,337.750000,339.369995,329.619995,329.670013,329.670013,120391400
2010-11-30,330.029999,331.000000,325.140015,327.410004,327.410004,159073600
2010-12-01,329.910004,336.200012,329.059998,335.799988,335.799988,135147000
2010-12-02,337.980011,341.839996,334.880005,341.450012,341.450012,146581400
2010-12-03,340.829987,343.619995,340.130005,342.190002,342.190002,101053000
2010-12-06,343.049988,343.510010,340.609985,342.339996,342.339996,76717200
2010-12-07,343.709991,348.100006,343.519989,346.209991,346.209991,107639000
2010-12-08,344.640015,348.429993,344.339996,346.720001,346.720001,92602200
2010-12-09,349.549988,350.179993,348.279999,349.380005,349.380005,120894200
2010-12-10,350.540009,350.859985,349.299988,350.209991,350.209991,82430400
2010-12-13,351.149994,352.799988,350.989990,351.299988,351.299988,71143200
2010-12-14,351.220001,351.980011,350.029999,351.820007,351.820007,69079000
2010-12-15,350.769989,351.670013,349.320007,350.790009,350.790009,74681400
2010-12-16,350.760010,351.880005,349.940002,351.880005,351.880005,83479200
2010-12-17,352.779999,353.279999,351.220001,352.049988,352.049988,114123200
2010-12-20,352.200012,355.510010,351.970001,353.149994,353.149994,61055000
2010-12-21,355.279999,356.869995,354.970001,356.140015,356.140015,58953000
2010-12-22,356.059998,357.089996,355.329987,356.170013,356.170013,54469200
2010-12-23,356.420013,356.899994,355.769989,356.209991,356.209991,42477600
2010-12-24,356.250000,356.679993,355.709991,355.920013,355.920013,7882000
2010-12-27,355.760010,356.119995,353.100006,355.570007,355.570007,27092400
2010-12-28,356.450012,357.480011,356.290009,356.690002,356.690002,24132600
2010-12-29,357.579987,358.799988,357.329987,358.320007,358.320007,33458200
2010-12-30,358.070007,358.119995,355.579987,356.359985,356.359985,32270800
2011-01-03,357.910004,360.559998,357.029999,359.859985,359.859985,50319800
2011-01-04,359.820007,360.869995,358.410004,358.859985,358.859985,81055400
2011-01-05,358.200012,358.200012,352.559998,357.279999,357.279999,96302000
2011-01-06,358.540009,359.589996,356.279999,356.890015,356.890015,102314000
2011-01-07,356.589996,358.149994,354.309998,356.440002,356.440002,100756000
2011-01-10,355.500000,355.739990,353.630005,354.209991,354.209991,87760400
2011-01-11,355.579987,359.299988,355.290009,358.299988,358.299988,92243200
2011-01-12,359.059998,362.410004,359.049988,362.410004,362.410004,105356400
2011-01-13,362.049988,362.049988,359.089996,360.790009,360.790009,114797600
2011-01-14,359.480011,361.549988,357.809998,361.320007,361.320007,95853200
2011-01-17,361.730011,362.399994,360.309998,361.079987,361.079987,67498800
2011-01-18,362.320007,363.890015,362.059998,363.730011,363.730011,92859600
2011-01-19,364.399994,364.410004,357.660004,357.959991,357.959991,111219600
2011-01-20,357.230011,357.660004,354.679993,356.140015,356.140015,122252800
2011-01-21,358.600006,363.970001,357.640015,361.049988,361.049988,148964400
2011-01-24,360.970001,361.750000,358.119995,360.989990,360.989990,102270800
2011-01-25,362.049988,362.529999,358.299988,358.760010,358.760010,109793000
2011-01-26,360.920013,363.429993,360.100006,362.049988,362.049988,116690000
2011-01-27,361.959991,365.079987,361.549988,364.329987,364.329987,141833800
2011-01-28,363.809998,364.690002,361.160004,361.160004,361.160004,121584200
2011-01-31,360.010010,361.890015,357.269989,360.750000,360.750000,122457600
2011-02-01,363.029999,367.459991,361.920013,367.109985,367.109985,113894000
2011-02-02,367.980011,368.899994,365.760010,367.390015,367.390015,117478600
2011-02-03,365.970001,366.279999,363.059998,364.890015,364.890015,106570200
2011-02-04,366.369995,366.880005,364.269989,365.510010,365.510010,105276600
2011-02-07,366.390015,370.329987,366.079987,369.850006,369.850006,103890600
2011-02-08,370.239990,371.299988,369.399994,371.109985,371.109985,115387800
2011-02-09,370.170013,370.679993,368.790009,369.179993,369.179993,84296200
2011-02-10,368.149994,370.609985,366.359985,370.609985,370.609985,111940400
2011-02-11,369.420013,370.980011,366.829987,369.649994,369.649994,93754200
2011-02-14,371.660004,372.100006,369.010010,370.170013,370.170013,81661200
2011-02-15,370.079987,371.350006,369.320007,370.510010,370.510010,84206400
2011-02-16,371.109985,372.390015,370.559998,371.489990,371.489990,101725200
2011-02-17,371.850006,373.149994,370.929993,372.989990,372.989990,110667200
2011-02-18,373.940002,374.190002,372.079987,374.190002,374.190002,111131000
2011-02-21,373.260010,374.019989,370.200012,370.920013,370.920013,85208200
2011-02-22,368.959991,370.220001,366.089996,368.829987,368.829987,103675000
2011-02-23,367.190002,369.089996,364.910004,365.239990,365.239990,108518600
2011-02-24,362.959991,364.809998,362.959991,363.730011,363.730011,137349200
2011-02-25,364.529999,367.609985,363.450012,366.769989,366.769989,100680800
2011-02-28,366.739990,370.700012,365.369995,369.130005,369.130005,93485200
2011-03-01,370.690002,372.200012,366.869995,367.950012,367.950012,101474800
2011-03-02,364.670013,365.970001,363.559998,364.859985,364.859985,92607800
2011-03-03,366.350006,369.049988,365.000000,367.600006,367.600006,75019800
2011-03-04,368.589996,370.730011,366.670013,367.950012,367.950012,65144000
2011-03-07,366.250000,370.230011,365.540009,366.079987,366.079987,55613200
2011-03-08,367.140015,367.730011,362.940002,366.380005,366.380005,75483600
2011-03-09,366.739990,368.459991,365.649994,366.250000,366.250000,76641000
2011-03-10,363.390015,364.540009,360.980011,362.140015,362.140015,56979200
2011-03-11,358.989990,360.440002,358.269989,359.070007,359.070007,64347200
2011-03-14,357.239990,359.320007,355.540009,356.320007,356.320007,62314600
2011-03-15,349.799988,351.410004,343.929993,348.089996,348.089996,126473800
2011-03-16,350.540009,350.910004,343.200012,343.200012,343.200012,86892600
2011-03-17,345.299988,350.070007,344.549988,349.260010,349.260010,88731400
2011-03-18,351.429993,353.260010,350.049988,350.410004,350.410004,92057600
2011-03-21,355.390015,356.959991,354.309998,356.700012,356.700012,74506200
2011-03-22,357.100006,357.970001,355.359985,356.380005,356.380005,61553200
2011-03-23,354.950012,359.739990,354.950012,359.739990,359.739990,56703400
2011-03-24,359.519989,363.769989,358.589996,363.390015,363.390015,52108200
2011-03-25,365.309998,365.399994,363.459991,364.649994,364.649994,49350800
2011-03-28,364.309998,365.820007,363.700012,364.570007,364.570007,66330200
2011-03-29,364.609985,365.940002,362.899994,365.910004,365.910004,75828800
2011-03-30,368.989990,369.070007,366.890015,367.869995,367.869995,105182000
2011-03-31,368.220001,368.739990,365.619995,365.619995,365.619995,97767000
2011-04-01,367.470001,369.609985,366.700012,369.450012,369.450012,86005800
2011-04-04,368.390015,370.359985,367.720001,369.010010,369.010010,62628800
2011-04-05,369.220001,369.859985,367.529999,368.959991,368.959991,67687600
2011-04-06,370.160004,371.100006,368.540009,369.640015,369.640015,71902200
2011-04-07,370.019989,370.890015,367.390015,367.390015,367.390015,77291200
2011-04-08,368.100006,369.160004,366.100006,366.940002,366.940002,83439400
2011-04-11,366.450012,367.809998,366.309998,366.470001,366.470001,56094000
2011-04-12,364.089996,365.630005,359.660004,360.769989,360.769989,80294800
2011-04-13,361.559998,365.329987,361.010010,362.760010,362.760010,65783200
2011-04-14,361.380005,361.450012,358.230011,359.480011,359.480011,93770800
2011-04-15,359.929993,360.510010,357.450012,359.000000,359.000000,90164200
2011-04-18,359.059998,359.559998,350.790009,352.679993,352.679993,117725400
2011-04-19,353.869995,354.790009,352.750000,353.170013,353.170013,75950200
2011-04-20,356.130005,360.190002,356.130005,359.869995,359.869995,87295800
2011-04-21,360.269989,360.570007,358.359985,359.010010,359.010010,104171200
2011-04-26,357.429993,360.100006,357.279999,359.549988,359.549988,80401000
2011-04-27,359.420013,361.140015,357.109985,359.709991,359.709991,93895400
2011-04-28,360.619995,361.510010,358.019989,359.489990,359.489990,98323400
2011-04-29,358.149994,359.940002,357.899994,359.940002,359.940002,53538200
2011-05-02,362.260010,363.309998,361.420013,361.559998,361.559998,54289000
2011-05-03,360.649994,361.529999,359.109985,360.420013,360.420013,76959600
2011-05-04,359.290009,361.170013,355.029999,355.910004,355.910004,94597600
2011-05-05,355.640015,357.399994,353.109985,354.820007,354.820007,92288400
2011-05-06,355.070007,359.709991,353.510010,359.119995,359.119995,94634800
2011-05-09,358.119995,359.450012,354.399994,355.929993,355.929993,88879200
2011-05-10,356.769989,361.640015,356.279999,361.049988,361.049988,112126600
2011-05-11,361.480011,363.109985,360.140015,360.549988,360.549988,108732600
2011-05-12,357.510010,357.769989,355.109985,357.519989,357.519989,115768000
2011-05-13,358.890015,358.959991,354.339996,354.859985,354.859985,86683000
2011-05-16,352.440002,353.190002,349.209991,352.299988,352.299988,99765600
2011-05-17,350.619995,352.700012,347.720001,347.720001,347.720001,85657200
2011-05-18,350.320007,350.500000,346.670013,349.100006,349.100006,80833400
2011-05-19,350.660004,352.290009,348.399994,350.839996,350.839996,82085000
2011-05-20,351.070007,352.480011,346.459991,348.239990,348.239990,109168600
2011-05-23,344.619995,344.619995,341.839996,342.459991,342.459991,110649600
2011-05-24,342.769989,344.790009,342.480011,343.200012,343.200012,86778200
2011-05-25,340.820007,345.730011,340.329987,344.910004,344.910004,90405600
2011-05-26,345.910004,346.779999,343.380005,344.470001,344.470001,84888000
2011-05-27,347.200012,348.329987,344.769989,346.059998,346.059998,105550800
2011-05-30,345.769989,347.339996,345.470001,346.200012,346.200012,30043600
2011-05-31,348.799988,351.100006,348.559998,349.440002,349.440002,91869000
2011-06-01,350.290009,350.380005,344.290009,345.950012,345.950012,91849600
2011-06-02,343.640015,343.679993,340.640015,340.640015,340.640015,63640000
2011-06-03,341.470001,341.910004,337.350006,340.239990,340.239990,76171600
2011-06-06,339.019989,340.480011,338.160004,339.179993,339.179993,65953000
2011-06-07,339.179993,341.160004,338.369995,338.929993,338.929993,76712800
2011-06-08,337.630005,338.309998,334.239990,335.649994,335.649994,83346800
2011-06-09,335.429993,338.440002,334.010010,338.040009,338.040009,91726800
2011-06-10,337.459991,338.209991,333.079987,333.829987,333.829987,92143000
2011-06-13,334.040009,335.450012,333.329987,334.029999,334.029999,49898000
2011-06-14,335.929993,338.269989,335.730011,337.519989,337.519989,82821600
2011-06-15,336.890015,337.220001,333.750000,334.040009,334.040009,88463200
2011-06-16,332.000000,332.649994,329.359985,332.350006,332.350006,118990000
2011-06-17,331.600006,335.359985,329.000000,333.109985,333.109985,153198200
2011-06-20,329.049988,332.609985,329.049988,331.640015,331.640015,77482000
2011-06-21,333.570007,336.160004,332.980011,336.140015,336.140015,67983800
2011-06-22,335.260010,335.399994,332.459991,334.170013,334.170013,113871400
2011-06-23,332.730011,332.790009,326.859985,328.570007,328.570007,96452000
2011-06-24,332.049988,332.850006,328.290009,328.739990,328.739990,109266600
2011-06-27,327.679993,329.299988,326.970001,328.510010,328.510010,76561200
2011-06-28,329.089996,331.220001,327.649994,329.899994,329.899994,106990400
2011-06-29,331.660004,335.839996,331.570007,335.279999,335.279999,98987400
2011-06-30,336.429993,339.649994,335.380005,339.649994,339.649994,94348400
2011-07-01,340.130005,343.369995,338.470001,342.820007,342.820007,82647000
2011-07-04,342.760010,343.829987,341.959991,343.500000,343.500000,53992800
2011-07-05,342.640015,344.670013,342.640015,343.100006,343.100006,65395400
2011-07-06,343.019989,343.200012,340.440002,341.619995,341.619995,76188200
2011-07-07,342.950012,347.010010,342.040009,345.160004,345.160004,78420200
2011-07-08,346.190002,346.850006,342.119995,342.480011,342.480011,99886200
2011-07-11,340.279999,340.940002,334.720001,336.160004,336.160004,113855200
2011-07-12,331.450012,333.040009,329.040009,332.119995,332.119995,146090800
2011-07-13,329.609985,333.359985,329.609985,332.980011,332.980011,108293000
2011-07-14,330.250000,332.290009,329.769989,330.459991,330.459991,82419200
2011-07-15,328.799988,330.829987,327.720001,329.489990,329.489990,90348200
2011-07-18,327.410004,328.350006,323.059998,323.170013,323.170013,102318200
2011-07-19,324.690002,326.649994,324.140015,326.170013,326.170013,97314800
2011-07-20,328.459991,330.760010,327.769989,330.649994,330.649994,93599400
2011-07-21,331.670013,338.160004,328.480011,336.859985,336.859985,118899200
2011-07-22,339.200012,340.209991,337.179993,338.600006,338.600006,96738400
2011-07-25,336.410004,338.829987,336.160004,337.269989,337.269989,73307000
2011-07-26,337.570007,339.010010,335.369995,336.739990,336.739990,83750600
2011-07-27,336.190002,336.420013,330.579987,333.100006,333.100006,91214800
2011-07-28,328.640015,333.179993,328.250000,332.559998,332.559998,106739600
2011-07-29,328.660004,330.799988,326.589996,329.220001,329.220001,94881400
2011-08-01,333.630005,333.730011,324.350006,324.589996,324.589996,110140600
2011-08-02,323.600006,324.839996,319.959991,320.000000,320.000000,109428400
2011-08-03,315.529999,316.420013,309.290009,310.690002,310.690002,158899000
2011-08-04,316.109985,316.109985,300.850006,300.850006,300.850006,185312800
2011-08-05,292.630005,304.880005,292.630005,296.350006,296.350006,213778000
2011-08-08,291.529999,298.239990,282.989990,283.359985,283.359985,191924200
2011-08-09,282.850006,287.820007,265.850006,287.049988,287.049988,275735000
2011-08-10,292.850006,292.920013,276.329987,277.269989,277.269989,216754000
2011-08-11,284.470001,284.470001,269.190002,282.790009,282.790009,236101800
2011-08-12,283.820007,292.170013,278.260010,291.899994,291.899994,169501400
2011-08-15,294.299988,295.940002,291.869995,293.700012,293.700012,102044800
2011-08-16,291.109985,292.019989,287.290009,291.510010,291.510010,106346000
2011-08-17,289.459991,294.839996,286.880005,292.649994,292.649994,97705600
2011-08-18,288.940002,291.000000,275.779999,279.579987,279.579987,174833800
2011-08-19,278.440002,278.440002,268.739990,274.149994,274.149994,196154400
2011-08-22,271.720001,282.489990,271.690002,276.369995,276.369995,102025200
2011-08-23,279.549988,281.750000,275.880005,278.320007,278.320007,109074200
2011-08-24,278.989990,283.660004,275.500000,281.579987,281.579987,106235400
2011-08-25,283.619995,284.589996,277.149994,278.489990,278.489990,125870400
2011-08-26,278.410004,278.410004,269.859985,276.600006,276.600006,106333200
2011-08-29,280.899994,282.540009,278.309998,281.260010,281.260010,60634000
2011-08-30,283.730011,284.809998,280.329987,283.640015,283.640015,90234800
2011-08-31,285.380005,294.140015,284.209991,292.929993,292.929993,124026000
2011-09-01,294.339996,295.809998,289.739990,293.959991,293.959991,102485200
2011-09-02,290.529999,291.179993,284.200012,286.429993,286.429993,100520600
2011-09-05,280.000000,281.160004,272.459991,274.450012,274.450012,118899200
2011-09-06,273.899994,277.299988,270.350006,273.329987,273.329987,136170600
2011-09-07,279.570007,281.049988,276.799988,281.049988,281.049988,102960000
2011-09-08,281.010010,284.279999,279.209991,283.390015,283.390015,98067400
2011-09-09,281.640015,283.350006,275.429993,276.100006,276.100006,118262800
2011-09-12,269.429993,270.890015,265.290009,268.480011,268.480011,142869400
2011-09-13,272.359985,272.679993,263.950012,270.049988,270.049988,151932600
2011-09-14,267.070007,274.230011,266.739990,273.559998,273.559998,136788000
2011-09-15,275.109985,279.940002,274.500000,278.519989,278.519989,152102200
2011-09-16,281.130005,284.149994,278.190002,281.730011,281.730011,185231200
2011-09-19,275.600006,277.739990,273.500000,274.630005,274.630005,91571200
2011-09-20,272.820007,279.839996,272.410004,279.540009,279.540009,93162200
2011-09-21,278.829987,279.230011,275.239990,275.679993,275.679993,94398400
2011-09-22,269.260010,269.980011,262.790009,263.440002,263.440002,146282000
2011-09-23,266.630005,267.220001,256.359985,264.720001,264.720001,155833000
2011-09-26,260.200012,272.339996,260.200012,269.829987,269.829987,143753000
2011-09-27,276.130005,282.329987,274.190002,282.040009,282.040009,139973800
2011-09-28,279.410004,283.369995,276.950012,278.309998,278.309998,107920600
2011-09-29,276.910004,285.070007,276.609985,283.980011,283.980011,124843400
2011-09-30,282.529999,282.850006,277.279999,280.179993,280.179993,116008600
2011-10-03,273.510010,276.869995,271.989990,275.640015,275.640015,91960800
2011-10-04,272.130005,272.750000,266.130005,270.059998,270.059998,123630200
2011-10-05,275.049988,278.420013,272.390015,278.089996,278.089996,119610400
2011-10-06,279.820007,285.809998,278.739990,285.809998,285.809998,146275000
2011-10-07,286.239990,290.239990,283.640015,288.309998,288.309998,125842400
2011-10-10,289.920013,293.899994,287.709991,293.339996,293.339996,94941600
2011-10-11,292.290009,293.230011,289.570007,292.880005,292.880005,95894200
2011-10-12,292.269989,300.790009,291.059998,300.140015,300.140015,129037200
2011-10-13,298.230011,301.450012,296.140015,297.390015,297.390015,120817200
2011-10-14,298.420013,305.059998,297.420013,302.410004,302.410004,105170600
2011-10-17,305.220001,307.519989,297.750000,299.239990,299.239990,108366000
2011-10-18,296.510010,300.010010,294.480011,298.679993,298.679993,109975000
2011-10-19,301.089996,304.200012,299.899994,301.679993,301.679993,116682400
2011-10-20,297.970001,302.029999,296.369995,299.010010,299.010010,116746400
2011-10-21,300.709991,305.839996,299.399994,305.700012,305.700012,112242600
2011-10-24,307.260010,308.709991,303.570007,308.320007,308.320007,100214200
2011-10-25,307.440002,309.589996,302.470001,304.980011,304.980011,111304400
2011-10-26,304.929993,307.929993,301.649994,303.839996,303.839996,101109800
2011-10-27,312.010010,316.100006,309.859985,315.450012,315.450012,185273800
2011-10-28,316.989990,318.179993,311.109985,313.010010,313.010010,133139600
2011-10-31,310.359985,311.959991,307.500000,307.500000,307.500000,112093800
2011-11-01,301.019989,301.130005,292.630005,296.190002,296.190002,203235400
2011-11-02,298.850006,298.920013,293.029999,298.209991,298.209991,131778600
2011-11-03,292.829987,305.320007,292.510010,304.500000,304.500000,172721000
2011-11-04,306.390015,306.869995,300.299988,301.970001,301.970001,128799200
2011-11-07,299.769989,302.470001,296.410004,299.750000,299.750000,99567400
2011-11-08,300.299988,308.190002,300.070007,303.980011,303.980011,107163000
2011-11-09,306.029999,306.670013,293.589996,294.399994,294.399994,162635400
2011-11-10,289.480011,297.540009,289.059998,294.320007,294.320007,134264800
2011-11-11,295.190002,301.730011,294.190002,300.980011,300.980011,95317400
2011-11-14,302.320007,302.720001,296.149994,296.899994,296.899994,93224200
2011-11-15,294.820007,296.790009,290.040009,292.929993,292.929993,115537400
2011-11-16,291.890015,296.929993,291.019989,294.470001,294.470001,107635400
2011-11-17,293.160004,294.339996,288.959991,290.209991,290.209991,112802800
2011-11-18,288.230011,292.250000,287.429993,288.010010,288.010010,92410800
2011-11-21,286.670013,286.670013,278.829987,278.839996,278.839996,99384000
2011-11-22,281.119995,281.790009,276.910004,276.910004,276.910004,95448000
2011-11-23,274.649994,278.350006,272.790009,272.790009,272.790009,98200800
2011-11-24,274.339996,276.399994,270.070007,271.609985,271.609985,93202600
2011-11-25,271.000000,275.209991,268.739990,274.369995,274.369995,91361600
2011-11-28,276.709991,285.070007,276.709991,285.070007,285.070007,116346600
2011-11-29,284.149994,287.690002,282.140015,287.549988,287.549988,105383600
2011-11-30,285.170013,300.910004,284.179993,299.679993,299.679993,190304000
2011-12-01,300.140015,300.279999,296.820007,296.970001,296.970001,105608400
2011-12-02,300.459991,303.820007,299.769989,300.769989,300.769989,135475800
2011-12-05,303.500000,306.750000,301.940002,305.100006,305.100006,110054000
2011-12-06,302.579987,306.279999,302.579987,304.799988,304.799988,108112800
2011-12-07,308.260010,309.130005,300.630005,304.309998,304.309998,138195400
2011-12-08,306.000000,307.559998,299.790009,299.790009,299.790009,108878800
2011-12-09,297.489990,305.829987,297.309998,304.579987,304.579987,101938600
2011-12-12,302.869995,303.079987,297.390015,297.390015,297.390015,100613600
2011-12-13,297.549988,300.850006,296.140015,298.559998,298.559998,92054600
2011-12-14,297.179993,298.459991,292.149994,292.149994,292.149994,98761600
2011-12-15,293.010010,296.540009,292.109985,294.619995,294.619995,96279800
2011-12-16,295.660004,296.869995,293.859985,294.029999,294.029999,130270800
2011-12-19,291.799988,296.799988,291.350006,293.899994,293.899994,66697400
2011-12-20,293.359985,301.790009,292.630005,301.790009,301.790009,73409400
2011-12-21,304.230011,306.850006,300.470001,300.799988,300.799988,91055000
2011-12-22,302.220001,305.839996,302.220001,305.179993,305.179993,56088600
2011-12-23,307.429993,308.200012,306.059998,307.790009,307.790009,42050800
2011-12-27,308.070007,311.529999,307.809998,309.369995,309.369995,31153000
2011-12-28,309.160004,310.779999,306.760010,306.760010,306.760010,49832400
2011-12-29,307.660004,310.760010,305.359985,310.760010,310.760010,47085600
2011-12-30,311.709991,312.470001,310.000000,312.470001,312.470001,37153800
2012-01-02,null,null,null,null,null,null
2012-01-03,317.559998,318.200012,314.790009,318.040009,318.040009,84076400
2012-01-04,316.320007,317.750000,314.239990,314.529999,314.529999,77441400
2012-01-05,315.589996,315.619995,310.859985,311.920013,311.920013,87483000
2012-01-06,312.500000,313.850006,309.679993,311.109985,311.109985,81929800
2012-01-09,311.290009,313.739990,311.119995,311.760010,311.760010,71083800
2012-01-10,313.269989,317.130005,312.929993,315.500000,315.500000,110316800
2012-01-11,314.670013,315.190002,310.670013,311.649994,311.649994,115491800
2012-01-12,311.209991,314.309998,309.359985,310.299988,310.299988,138561000
2012-01-13,312.529999,313.029999,305.549988,309.279999,309.279999,121001800
2012-01-16,307.910004,313.559998,307.320007,313.230011,313.230011,80219600
2012-01-17,316.329987,318.320007,314.140015,315.640015,315.640015,122878200
2012-01-18,315.489990,317.600006,312.640015,315.519989,315.519989,118631600
2012-01-19,316.690002,320.480011,315.859985,320.480011,320.480011,145371400
2012-01-20,320.899994,321.220001,318.630005,320.309998,320.309998,120543000
2012-01-23,320.690002,323.829987,319.950012,323.019989,323.019989,92669400
2012-01-24,320.529999,321.250000,318.510010,320.970001,320.970001,107869200
2012-01-25,321.959991,322.619995,317.600006,319.440002,319.440002,106146800
2012-01-26,320.450012,323.380005,319.239990,322.820007,322.820007,108513000
2012-01-27,321.369995,322.459991,319.220001,319.359985,319.359985,86164400
2012-01-30,316.760010,317.790009,314.369995,315.630005,315.630005,87277400
2012-01-31,317.809998,319.950012,317.450012,318.470001,318.470001,98624000
2012-02-01,319.959991,325.450012,319.959991,325.149994,325.149994,106329400
2012-02-02,324.720001,325.559998,322.269989,323.059998,323.059998,117743400
2012-02-03,323.059998,326.329987,320.690002,326.329987,326.329987,96509400
2012-02-06,325.959991,325.959991,323.410004,325.059998,325.059998,74005600
2012-02-07,325.559998,326.279999,323.570007,325.970001,325.970001,83166800
2012-02-08,327.000000,327.970001,325.329987,325.329987,325.329987,92167000
2012-02-09,325.019989,327.410004,324.040009,325.119995,325.119995,126722000
2012-02-10,323.209991,323.600006,319.609985,320.089996,320.089996,107501800
2012-02-13,322.109985,323.609985,321.809998,322.609985,322.609985,76385800
2012-02-14,321.589996,324.750000,320.790009,321.869995,321.869995,79669200
2012-02-15,323.619995,324.700012,322.119995,322.859985,322.859985,95667200
2012-02-16,319.839996,325.309998,319.769989,325.179993,325.179993,93207200
2012-02-17,327.230011,330.100006,327.079987,327.929993,327.929993,111202800
2012-02-20,328.910004,333.079987,328.850006,332.579987,332.579987,119425000
2012-02-21,332.720001,332.720001,329.320007,330.510010,330.510010,102874400
2012-02-22,330.880005,331.130005,326.600006,326.769989,326.769989,87036800
2012-02-23,326.160004,328.250000,324.119995,326.220001,326.220001,94693000
2012-02-24,326.910004,327.540009,324.320007,324.910004,324.910004,91005400
2012-02-27,323.739990,325.640015,321.209991,324.980011,324.980011,90573200
2012-02-28,325.670013,326.309998,322.920013,325.549988,325.549988,100999200
2012-02-29,326.450012,328.089996,323.920013,324.250000,324.250000,105433800
2012-03-01,323.809998,326.549988,322.660004,326.549988,326.549988,92614800
2012-03-02,327.040009,328.869995,326.190002,327.850006,327.850006,96245000
2012-03-05,326.730011,327.690002,324.130005,325.640015,325.640015,80678400
2012-03-06,324.470001,324.570007,317.529999,317.529999,317.529999,115983800
2012-03-07,317.690002,320.170013,316.670013,319.640015,319.640015,83942800
2012-03-08,321.140015,325.269989,320.910004,325.109985,325.109985,89478000
2012-03-09,325.410004,327.820007,323.869995,326.029999,326.029999,91016600
2012-03-12,325.529999,327.420013,324.660004,326.100006,326.100006,67275600
2012-03-13,327.559998,331.959991,327.559998,331.489990,331.489990,85488000
2012-03-14,332.750000,334.829987,332.579987,333.200012,333.200012,119402200
2012-03-15,333.160004,335.100006,332.489990,335.100006,335.100006,116343600
2012-03-16,335.339996,337.200012,335.000000,336.170013,336.170013,160498600
2012-03-19,336.149994,336.410004,334.190002,336.119995,336.119995,101957600
2012-03-20,334.410004,334.700012,331.369995,332.049988,332.049988,92677400
2012-03-21,332.809998,334.040009,329.200012,330.779999,330.779999,89384600
2012-03-22,329.679993,330.149994,325.720001,326.920013,326.920013,119486800
2012-03-23,326.859985,328.369995,323.859985,326.190002,326.190002,86264200
2012-03-26,327.700012,330.369995,326.049988,330.230011,330.230011,70655400
2012-03-27,331.160004,332.440002,328.549988,328.989990,328.989990,83340200
2012-03-28,328.220001,330.359985,325.619995,325.619995,325.619995,81107200
2012-03-29,324.760010,326.010010,320.179993,321.089996,321.089996,99890600
2012-03-30,323.489990,324.760010,321.589996,323.510010,323.510010,102032800
2012-04-02,324.209991,326.450012,320.940002,326.390015,326.390015,114356600
2012-04-03,326.089996,327.230011,322.029999,322.029999,322.029999,96273800
2012-04-04,321.130005,321.440002,313.510010,313.869995,313.869995,141167000
2012-04-05,315.459991,315.809998,310.880005,314.910004,314.910004,119496000
2012-04-10,311.890015,312.260010,305.910004,305.910004,305.910004,122652200
2012-04-11,305.559998,309.459991,304.579987,307.769989,307.769989,122204000
2012-04-12,308.619995,311.700012,304.040009,310.880005,310.880005,149015800
2012-04-13,310.239990,311.510010,305.359985,306.119995,306.119995,110735000
2012-04-16,305.100006,309.390015,304.369995,306.019989,306.019989,113582000
2012-04-17,305.760010,313.420013,305.760010,313.179993,313.179993,110154600
2012-04-18,312.700012,313.149994,309.040009,309.989990,309.989990,108162600
2012-04-19,311.160004,313.459991,306.760010,306.760010,306.760010,128679600
2012-04-20,307.230011,309.640015,305.899994,309.200012,309.200012,151169600
2012-04-23,306.559998,306.559998,299.920013,301.269989,301.269989,163766400
2012-04-24,302.750000,304.850006,300.959991,304.679993,304.679993,114523400
2012-04-25,305.369995,309.470001,305.190002,308.000000,308.000000,100802800
2012-04-26,309.519989,312.420013,307.940002,310.549988,310.549988,113254200
2012-04-27,307.720001,312.130005,306.220001,310.750000,310.750000,104245000
2012-04-30,311.869995,312.059998,307.910004,308.299988,308.299988,72813400
2012-05-02,311.820007,312.299988,305.470001,306.869995,306.869995,102849600
2012-05-03,308.209991,310.559998,305.489990,306.440002,306.440002,84195600
2012-05-04,306.029999,307.209991,300.549988,300.950012,300.950012,91919000
2012-05-07,295.600006,305.320007,295.369995,304.739990,304.739990,79223800
2012-05-08,305.500000,306.010010,299.779999,300.589996,300.589996,161464600
2012-05-09,301.359985,302.089996,296.420013,300.070007,300.070007,132175400
2012-05-10,302.839996,304.609985,297.609985,302.940002,302.940002,136235200
2012-05-11,301.239990,305.690002,300.260010,305.279999,305.279999,89844800
2012-05-14,302.220001,302.250000,296.709991,298.049988,298.049988,115545200
2012-05-15,299.570007,301.290009,294.679993,296.239990,296.239990,101390800
2012-05-16,293.529999,297.260010,292.260010,294.989990,294.989990,121059000
2012-05-17,295.320007,295.589996,288.739990,290.230011,290.230011,100845200
2012-05-18,287.739990,291.549988,286.890015,288.769989,288.769989,139169000
2012-05-21,287.929993,292.220001,287.570007,290.540009,290.540009,80239800
2012-05-22,292.690002,296.769989,291.179993,295.950012,295.950012,116285200
2012-05-23,292.959991,293.519989,288.269989,289.160004,289.160004,113571800
2012-05-24,291.600006,293.130005,288.750000,292.079987,292.079987,94192400
2012-05-25,292.989990,295.239990,290.470001,292.760010,292.760010,85003600
2012-05-28,294.920013,296.239990,291.989990,292.760010,292.760010,47432400
2012-05-29,294.619995,296.769989,292.579987,295.269989,295.269989,80422800
2012-05-30,293.470001,295.190002,289.880005,290.660004,290.660004,83670400
2012-05-31,291.399994,292.739990,287.700012,290.089996,290.089996,72107800
2012-06-01,291.209991,291.209991,281.029999,283.769989,283.769989,176852200
2012-06-04,281.250000,285.700012,281.000000,283.070007,283.070007,80075800
2012-06-05,284.690002,285.880005,283.429993,284.989990,284.989990,71823200
2012-06-06,286.899994,291.950012,286.709991,291.390015,291.390015,138444400
2012-06-07,292.440002,295.399994,291.070007,292.899994,292.899994,125841200
2012-06-08,290.829987,292.470001,288.970001,291.730011,291.730011,110795000
2012-06-11,297.149994,297.730011,291.079987,291.390015,291.390015,127359600
2012-06-12,291.609985,292.809998,289.339996,292.010010,292.010010,119324600
2012-06-13,292.619995,293.609985,289.660004,291.600006,291.600006,99881200
2012-06-14,290.730011,292.100006,288.899994,291.980011,291.980011,94901200
2012-06-15,293.149994,297.649994,293.149994,297.579987,297.579987,184297200
2012-06-18,301.200012,301.470001,295.959991,297.010010,297.010010,122867000
2012-06-19,297.459991,302.500000,296.290009,301.809998,301.809998,110073600
2012-06-20,302.109985,303.290009,300.209991,302.950012,302.950012,104203000
2012-06-21,300.500000,304.700012,300.239990,301.640015,301.640015,162692400
2012-06-22,298.869995,300.209991,298.230011,298.760010,298.760010,115385000
2012-06-25,297.230011,297.459991,292.980011,294.279999,294.279999,102098600
2012-06-26,294.700012,295.790009,293.410004,294.049988,294.049988,92113000
2012-06-27,295.070007,298.250000,293.339996,298.070007,298.070007,106310600
2012-06-28,298.429993,298.839996,294.380005,297.220001,297.220001,87455000
2012-06-29,303.309998,307.809998,301.859985,307.309998,307.309998,136936000
2012-07-02,307.410004,310.570007,306.470001,310.269989,310.269989,103769600
2012-07-03,310.989990,314.339996,310.799988,314.339996,314.339996,122904800
2012-07-04,314.100006,315.179993,312.500000,314.829987,314.829987,75400200
2012-07-05,314.109985,316.220001,310.910004,312.970001,312.970001,119292200
2012-07-06,311.790009,313.390015,309.730011,309.839996,309.839996,83492400
2012-07-09,309.609985,310.130005,307.750000,308.399994,308.399994,77305200
2012-07-10,310.239990,313.980011,309.440002,312.410004,312.410004,88873400
2012-07-11,310.980011,313.679993,310.529999,312.549988,312.549988,79175400
2012-07-12,310.890015,312.869995,309.970001,311.420013,311.420013,93962600
2012-07-13,312.489990,315.190002,311.600006,314.600006,314.600006,79924200
2012-07-16,314.450012,316.410004,313.989990,315.980011,315.980011,74197000
2012-07-17,316.739990,317.480011,314.559998,315.299988,315.299988,70588200
2012-07-18,316.459991,319.309998,315.809998,319.160004,319.160004,67444800
2012-07-19,320.260010,322.640015,319.850006,322.480011,322.480011,81730400
2012-07-20,321.839996,322.730011,319.190002,319.750000,319.750000,126955600
2012-07-23,316.839996,317.510010,311.390015,312.929993,312.929993,126573200
2012-07-24,314.100006,314.390015,311.739990,311.739990,311.739990,112746200
2012-07-25,311.250000,315.799988,311.130005,313.089996,313.089996,95338400
2012-07-26,314.019989,320.929993,311.970001,320.489990,320.489990,157620200
2012-07-27,321.779999,323.470001,318.160004,323.309998,323.309998,104253600
2012-07-30,324.959991,329.459991,324.350006,328.649994,328.649994,109915800
2012-07-31,328.329987,329.309998,326.470001,326.470001,326.470001,94018600
2012-08-01,327.000000,328.989990,326.720001,327.709991,327.709991,80919400
2012-08-02,327.720001,331.420013,321.769989,322.160004,322.160004,165718000
2012-08-03,322.480011,330.480011,322.329987,330.429993,330.429993,119594200
2012-08-06,330.130005,332.220001,328.149994,330.399994,330.399994,103102400
2012-08-07,329.920013,334.320007,329.440002,334.320007,334.320007,111491200
2012-08-08,331.579987,332.579987,330.260010,332.040009,332.040009,100624800
2012-08-09,333.640015,334.929993,332.160004,334.660004,334.660004,112698600
2012-08-10,332.940002,334.450012,332.079987,333.500000,333.500000,80400200
2012-08-13,333.010010,333.779999,330.100006,331.380005,331.380005,76532800
2012-08-14,332.390015,334.279999,332.170013,332.890015,332.890015,72877800
2012-08-15,331.660004,334.140015,331.059998,333.179993,333.179993,60749400
2012-08-16,333.589996,333.750000,331.890015,333.750000,333.750000,72304600
2012-08-17,334.709991,336.609985,334.070007,335.769989,335.769989,96914200
2012-08-20,335.480011,336.459991,333.170013,333.850006,333.850006,77264200
2012-08-21,334.350006,336.690002,334.350006,335.920013,335.920013,78408800
2012-08-22,333.000000,333.880005,331.839996,332.079987,332.079987,77845200
2012-08-23,333.549988,333.899994,329.059998,330.059998,330.059998,85256200
2012-08-24,329.470001,330.250000,327.209991,329.640015,329.640015,85640800
2012-08-27,329.329987,332.850006,328.709991,332.350006,332.350006,46647800
2012-08-28,330.549988,330.739990,328.480011,329.230011,329.230011,64151800
2012-08-29,329.390015,330.670013,328.010010,330.149994,330.149994,62045400
2012-08-30,329.170013,329.899994,326.859985,327.540009,327.540009,94639800
2012-08-31,327.579987,331.290009,326.980011,329.279999,329.279999,100207800
2012-09-03,328.570007,332.029999,328.029999,331.890015,331.890015,52787600
2012-09-04,332.529999,332.579987,328.350006,328.660004,328.660004,65902000
2012-09-05,328.170013,330.269989,327.209991,328.829987,328.829987,101267200
2012-09-06,329.559998,336.429993,329.000000,336.429993,336.429993,118307600
2012-09-07,337.500000,340.220001,337.079987,337.570007,337.570007,147102000
2012-09-10,336.329987,337.489990,335.299988,335.500000,335.500000,87062400
2012-09-11,334.260010,336.109985,332.880005,336.109985,336.109985,100785600
2012-09-12,336.880005,339.359985,334.920013,336.100006,336.100006,114589600
2012-09-13,335.640015,335.959991,333.299988,334.600006,334.600006,76774200
2012-09-14,340.070007,340.070007,336.929993,338.279999,338.279999,142561800
2012-09-17,336.690002,338.059998,336.519989,337.149994,337.149994,81312200
2012-09-18,335.089996,336.929993,334.559998,335.470001,335.470001,94232200
2012-09-19,336.720001,337.309998,334.519989,335.709991,335.709991,89900400
2012-09-20,333.410004,334.619995,332.519989,334.239990,334.239990,91627200
2012-09-21,335.369995,335.730011,333.649994,334.149994,334.149994,136178000
2012-09-24,332.279999,333.149994,330.910004,331.839996,331.839996,78062800
2012-09-25,331.859985,335.059998,331.619995,334.500000,334.500000,74484000
2012-09-26,331.559998,331.709991,327.890015,328.049988,328.049988,98427400
2012-09-27,329.309998,329.829987,328.079987,329.119995,329.119995,77959200
2012-09-28,330.510010,330.640015,323.179993,323.179993,323.179993,105058200
2012-10-01,322.190002,327.899994,321.829987,327.519989,327.519989,85113800
2012-10-02,325.549988,329.209991,324.890015,327.239990,327.239990,78948200
2012-10-03,326.269989,328.540009,325.720001,327.980011,327.980011,66678400
2012-10-04,329.049988,330.109985,326.600006,327.660004,327.660004,85302600
2012-10-05,328.589996,332.899994,328.399994,332.529999,332.529999,86590600
2012-10-08,330.390015,330.700012,329.420013,329.570007,329.570007,65237000
2012-10-09,330.470001,330.600006,327.269989,327.709991,327.709991,62645400
2012-10-10,326.429993,328.119995,326.089996,326.799988,326.799988,62011200
2012-10-11,325.480011,330.440002,325.350006,329.549988,329.549988,75538200
2012-10-12,328.790009,330.299988,327.940002,327.950012,327.950012,69539200
2012-10-15,327.600006,331.230011,327.600006,329.450012,329.450012,64854600
2012-10-16,331.519989,334.070007,330.690002,333.709991,333.709991,88500400
2012-10-17,333.399994,335.839996,333.040009,335.690002,335.690002,105558200
2012-10-18,334.839996,335.649994,333.160004,335.320007,335.320007,100138200
2012-10-19,334.910004,335.809998,333.869995,334.170013,334.170013,105372800
2012-10-22,334.089996,336.540009,333.660004,334.459991,334.459991,84763600
2012-10-23,334.320007,334.670013,326.250000,326.750000,326.750000,111215200
2012-10-24,327.549988,329.269989,325.339996,328.489990,328.489990,81286000
2012-10-25,329.619995,331.609985,328.730011,329.250000,329.250000,85726000
2012-10-26,327.440002,330.369995,326.320007,329.450012,329.450012,86331000
2012-10-29,328.540009,329.250000,326.940002,328.390015,328.390015,51212200
2012-10-30,328.510010,332.350006,328.510010,332.350006,332.350006,53503200
2012-10-31,332.519989,334.239990,330.760010,330.760010,330.760010,104028400
2012-11-01,330.500000,336.049988,330.239990,335.429993,335.429993,79460600
2012-11-02,335.779999,338.549988,334.940002,337.600006,337.600006,90651400
2012-11-05,335.750000,336.529999,334.670013,335.079987,335.079987,70566000
2012-11-06,335.519989,338.070007,335.119995,337.369995,337.369995,91591000
2012-11-07,338.709991,339.429993,332.600006,332.869995,332.869995,118532200
2012-11-08,334.489990,335.100006,332.019989,332.420013,332.420013,98730200
2012-11-09,332.190002,332.850006,328.619995,331.929993,331.929993,88821400
2012-11-12,332.049988,333.459991,331.239990,332.329987,332.329987,57660600
2012-11-13,330.980011,334.339996,330.010010,334.040009,334.040009,73531800
2012-11-14,332.790009,334.029999,330.130005,330.670013,330.670013,65837800
2012-11-15,328.640015,328.679993,324.559998,324.760010,324.760010,103811000
2012-11-16,324.619995,325.040009,319.750000,319.839996,319.839996,126825800
2012-11-19,321.630005,325.000000,320.829987,324.739990,324.739990,94586800
2012-11-20,324.049988,326.230011,323.459991,326.019989,326.019989,73885200
2012-11-21,325.390015,327.049988,324.769989,326.410004,326.410004,80058600
2012-11-22,327.549988,328.239990,327.070007,327.700012,327.700012,58988400
2012-11-23,328.470001,331.500000,327.109985,331.500000,331.500000,68478000
2012-11-26,329.619995,332.179993,329.619995,330.899994,330.899994,75527200
2012-11-27,332.390015,334.329987,332.130005,332.920013,332.920013,93027400
2012-11-28,331.529999,334.450012,331.309998,334.279999,334.279999,80300600
2012-11-29,335.859985,338.420013,335.709991,338.100006,338.100006,85307800
2012-11-30,337.989990,339.459991,336.549988,336.549988,336.549988,97920000
2012-12-03,337.170013,340.470001,336.720001,337.279999,337.279999,71947800
2012-12-04,336.660004,339.440002,336.630005,337.619995,337.619995,69539400
2012-12-05,338.959991,339.380005,337.410004,338.850006,338.850006,81337200
2012-12-06,339.880005,342.160004,339.489990,341.290009,341.290009,95616400
2012-12-07,341.519989,343.630005,341.140015,342.609985,342.609985,76344200
2012-12-10,341.369995,343.170013,340.480011,342.910004,342.910004,57410600
2012-12-11,343.000000,344.769989,342.250000,344.119995,344.119995,68893800
2012-12-12,344.369995,344.730011,343.170013,344.350006,344.350006,71236000
2012-12-13,344.309998,344.899994,343.079987,343.829987,343.829987,75160000
2012-12-14,344.149994,345.350006,343.890015,344.390015,344.390015,69084000
2012-12-17,343.839996,344.390015,342.489990,343.339996,343.339996,101138400
2012-12-18,344.230011,344.929993,343.079987,343.600006,343.600006,117254600
2012-12-19,344.429993,345.859985,343.850006,345.140015,345.140015,95510800
2012-12-20,344.600006,346.859985,344.399994,346.600006,346.600006,93854000
2012-12-21,344.769989,346.140015,342.369995,344.119995,344.119995,119081400
2012-12-24,344.010010,344.799988,343.670013,344.519989,344.519989,19940600
2012-12-27,343.299988,346.070007,343.299988,344.709991,344.709991,49856800
2012-12-28,345.369995,345.519989,341.670013,342.000000,342.000000,43384800
2012-12-31,340.309998,344.000000,339.500000,342.709991,342.709991,20353400
2013-01-02,348.529999,350.769989,347.010010,350.209991,350.209991,83580000
2013-01-03,350.429993,351.059998,349.339996,350.739990,350.739990,58392400
2013-01-04,349.980011,351.799988,349.630005,351.730011,351.730011,63817800
2013-01-07,351.750000,352.299988,350.619995,351.239990,351.239990,86563200
2013-01-08,350.079987,351.579987,349.059998,349.109985,349.109985,80951400
2013-01-09,350.529999,350.760010,348.839996,350.000000,350.000000,107106600
2013-01-10,350.910004,352.329987,349.750000,350.690002,350.690002,125769600
2013-01-11,351.329987,351.739990,349.269989,350.130005,350.130005,88248600
2013-01-14,351.709991,351.709991,346.579987,347.339996,347.339996,104309600
2013-01-15,346.429993,348.390015,346.049988,347.859985,347.859985,118214800
2013-01-16,347.519989,349.290009,346.690002,348.839996,348.839996,99408000
2013-01-17,348.059998,351.390015,347.660004,351.190002,351.190002,119558600
2013-01-18,352.220001,352.609985,350.779999,350.890015,350.890015,108914000
2013-01-21,351.839996,353.359985,351.839996,353.070007,353.070007,82257400
2013-01-22,352.790009,353.790009,351.339996,353.450012,353.450012,93624200
2013-01-23,355.140015,355.540009,352.640015,353.010010,353.010010,90304400
2013-01-24,353.269989,354.739990,352.250000,354.130005,354.130005,79897000
2013-01-25,353.730011,356.209991,353.519989,355.739990,355.739990,87449400
2013-01-28,356.450012,357.549988,356.170013,356.679993,356.679993,87806000
2013-01-29,356.489990,358.109985,356.119995,358.079987,358.079987,74906400
2013-01-30,358.450012,358.920013,356.679993,357.540009,357.540009,82635000
2013-01-31,356.220001,357.230011,354.000000,354.350006,354.350006,100973600
2013-02-01,354.420013,356.880005,354.380005,355.549988,355.549988,97750400
2013-02-04,356.029999,356.230011,349.570007,349.690002,349.690002,103853200
2013-02-05,350.130005,350.380005,347.989990,348.429993,348.429993,161739400
2013-02-06,348.619995,349.529999,345.200012,345.859985,345.859985,121992800
2013-02-07,346.700012,347.399994,343.700012,343.700012,343.700012,91040000
2013-02-08,344.559998,345.959991,343.660004,345.130005,345.130005,78043200
2013-02-11,345.970001,346.359985,344.549988,344.989990,344.989990,80139800
2013-02-12,344.619995,346.200012,343.519989,346.200012,346.200012,78136200
2013-02-13,346.359985,347.299988,344.950012,345.829987,345.829987,115788800
2013-02-14,345.570007,346.739990,344.040009,345.839996,345.839996,92975400
2013-02-15,345.540009,346.230011,343.339996,343.450012,343.450012,105412800
2013-02-18,343.220001,343.470001,342.309998,343.230011,343.230011,69931200
2013-02-19,342.820007,348.140015,342.500000,347.630005,347.630005,85959400
2013-02-20,346.760010,347.019989,342.950012,343.609985,343.609985,138377200
2013-02-21,341.010010,341.170013,335.529999,336.380005,336.380005,136173400
2013-02-22,337.399994,340.630005,337.170013,339.869995,339.869995,99065200
2013-02-25,341.010010,343.940002,338.790009,340.260010,340.260010,137686200
2013-02-26,332.989990,337.720001,332.989990,335.290009,335.290009,133287600
2013-02-27,336.739990,337.690002,333.160004,337.369995,337.369995,107256600
2013-02-28,338.750000,340.820007,337.959991,340.529999,340.529999,124829200
2013-03-01,339.709991,340.829987,336.500000,339.730011,339.730011,117155200
2013-03-04,337.910004,340.079987,337.510010,339.579987,339.579987,85514400
2013-03-05,341.480011,347.230011,341.359985,346.500000,346.500000,111865200
2013-03-06,346.329987,349.079987,346.130005,347.359985,347.359985,98551000
2013-03-07,347.950012,349.429993,347.480011,347.869995,347.869995,84931400
2013-03-08,349.420013,352.940002,349.149994,352.429993,352.429993,96977400
2013-03-11,351.429993,351.950012,350.760010,351.559998,351.559998,71618600
2013-03-12,351.170013,352.910004,351.160004,352.059998,352.059998,87399200
2013-03-13,351.760010,352.179993,350.829987,352.019989,352.019989,77175400
2013-03-14,353.149994,355.850006,352.600006,355.850006,355.850006,100965000
2013-03-15,356.160004,356.160004,352.670013,353.579987,353.579987,147229600
2013-03-18,348.570007,353.320007,348.570007,353.010010,353.010010,90166200
2013-03-19,352.230011,354.329987,350.540009,352.049988,352.049988,104899000
2013-03-20,353.760010,355.329987,353.339996,354.369995,354.369995,88312400
2013-03-21,354.250000,354.250000,351.329987,352.410004,352.410004,80921600
2013-03-22,351.000000,353.149994,349.549988,350.739990,350.739990,100061600
2013-03-25,354.040009,354.709991,347.850006,348.720001,348.720001,121888200
2013-03-26,349.649994,350.070007,347.980011,349.269989,349.269989,102772000
2013-03-27,350.630005,350.690002,344.809998,346.160004,346.160004,114561400
2013-03-28,346.440002,350.339996,346.440002,348.100006,348.100006,125879800
2013-04-02,347.779999,352.850006,347.670013,352.500000,352.500000,120428800
2013-04-03,351.670013,353.010010,349.420013,349.600006,349.600006,105823800
2013-04-04,350.029999,351.170013,345.950012,346.529999,346.529999,144898600
2013-04-05,346.470001,346.760010,337.940002,340.709991,340.709991,135761800
2013-04-08,341.529999,342.260010,340.529999,340.910004,340.910004,84821000
2013-04-09,342.940002,342.940002,340.049988,341.350006,341.350006,96734600
2013-04-10,342.260010,349.540009,342.260010,348.529999,348.529999,130841200
2013-04-11,348.160004,351.970001,347.890015,351.279999,351.279999,114778600
2013-04-12,350.420013,350.940002,347.869995,348.649994,348.649994,145841600
2013-04-15,348.529999,349.500000,344.869995,346.299988,346.299988,103799600
2013-04-16,344.649994,348.250000,344.230011,345.790009,345.790009,108895200
2013-04-17,347.519989,347.679993,340.230011,340.839996,340.839996,146022000
2013-04-18,341.970001,342.549988,339.239990,340.720001,340.720001,117506400
2013-04-19,341.940002,342.690002,339.619995,341.679993,341.679993,118461400
2013-04-22,342.630005,343.700012,338.690002,340.070007,340.070007,96574800
2013-04-23,340.230011,349.339996,340.130005,349.149994,349.149994,131768600
2013-04-24,348.429993,353.299988,348.359985,352.940002,352.940002,120070000
2013-04-25,352.070007,355.010010,351.739990,354.040009,354.040009,148938000
2013-04-26,352.570007,352.589996,349.950012,351.500000,351.500000,142494200
2013-04-29,351.899994,354.510010,351.730011,354.149994,354.149994,117949000
2013-04-30,354.299988,354.390015,350.339996,351.390015,351.390015,152995800
2013-05-02,351.519989,355.630005,351.220001,354.799988,354.799988,178641800
2013-05-03,354.619995,358.660004,353.420013,357.609985,357.609985,147760600
2013-05-06,357.609985,358.730011,357.179993,357.440002,357.440002,81449000
2013-05-07,357.070007,358.170013,356.070007,356.480011,356.480011,143225200
2013-05-08,357.029999,358.450012,356.369995,357.929993,357.929993,161838600
2013-05-09,357.529999,359.869995,357.029999,359.149994,359.149994,97538000
2013-05-10,359.359985,362.359985,359.320007,361.170013,361.170013,141886800
2013-05-13,361.000000,362.260010,360.429993,361.119995,361.119995,127893000
2013-05-14,362.320007,363.690002,361.089996,363.690002,363.690002,123495000
2013-05-15,363.720001,366.450012,363.209991,366.070007,366.070007,141411200
2013-05-16,365.730011,366.420013,364.750000,365.369995,365.369995,96149600
2013-05-17,364.440002,368.720001,364.029999,368.079987,368.079987,149396400
2013-05-20,369.049988,369.989990,367.989990,369.970001,369.970001,79705400
2013-05-21,369.339996,370.440002,367.730011,370.440002,370.440002,118504400
2013-05-22,370.350006,372.670013,370.000000,372.109985,372.109985,113252800
2013-05-23,366.040009,367.410004,363.279999,365.220001,365.220001,177983200
2013-05-24,365.809998,366.500000,362.570007,364.630005,364.630005,79414200
2013-05-27,365.679993,366.700012,365.160004,366.559998,366.559998,40529200
2013-05-28,368.170013,373.309998,368.170013,371.500000,371.500000,128747200
2013-05-29,369.140015,369.760010,365.790009,366.250000,366.250000,104347800
2013-05-30,365.329987,368.790009,365.329987,367.690002,367.690002,126386600
2013-05-31,367.380005,367.380005,362.559998,363.380005,363.380005,210093400
2013-06-03,361.269989,364.920013,359.089996,361.070007,361.070007,151136600
2013-06-04,362.809998,363.660004,359.899994,360.420013,360.420013,127351600
2013-06-05,357.929993,359.320007,352.690002,353.059998,353.059998,133484600
2013-06-06,353.519989,355.220001,349.579987,349.579987,349.579987,129671800
2013-06-07,350.220001,353.510010,347.239990,352.690002,352.690002,151603000
2013-06-10,352.450012,353.859985,351.190002,352.859985,352.859985,92275600
2013-06-11,351.619995,351.619995,346.109985,350.299988,350.299988,117271000
2013-06-12,349.429993,351.890015,347.309998,347.679993,347.679993,100945200
2013-06-13,343.390015,347.940002,341.970001,347.230011,347.230011,121010000
2013-06-14,349.510010,350.010010,347.089996,347.980011,347.980011,90233000
2013-06-17,349.640015,353.239990,349.230011,350.809998,350.809998,120447000
2013-06-18,349.859985,351.959991,348.920013,351.089996,351.089996,101293400
2013-06-19,352.339996,352.989990,349.690002,351.079987,351.079987,133976400
2013-06-20,346.500000,347.470001,340.959991,341.880005,341.880005,168092600
2013-06-21,342.570007,345.329987,337.640015,337.640015,337.640015,169706800
2013-06-24,337.220001,338.420013,330.980011,332.250000,332.250000,154001200
2013-06-25,335.510010,336.149994,332.869995,335.399994,335.399994,119866800
2013-06-26,336.250000,341.399994,335.630005,340.820007,340.820007,114977600
2013-06-27,341.579987,346.170013,339.700012,344.750000,344.750000,117180200
2013-06-28,345.549988,346.890015,343.640015,344.589996,344.589996,135761600
2013-07-01,345.910004,348.869995,343.100006,347.369995,347.369995,110675600
2013-07-02,348.209991,348.209991,345.519989,347.799988,347.799988,91066800
2013-07-03,345.250000,345.880005,342.799988,345.820007,345.820007,131521800
2013-07-04,348.000000,354.679993,347.890015,354.510010,354.510010,119780800
2013-07-05,355.019989,357.549988,352.179993,352.529999,352.529999,129622400
2013-07-08,355.309998,358.519989,354.869995,357.149994,357.149994,90668800
2013-07-09,358.750000,361.109985,358.170013,360.109985,360.109985,101596200
2013-07-10,359.779999,362.119995,358.970001,362.040009,362.040009,91641800
2013-07-11,365.700012,365.880005,362.929993,364.049988,364.049988,121043600
2013-07-12,365.299988,367.010010,364.489990,364.950012,364.950012,86490400
2013-07-15,365.959991,368.190002,365.959991,366.769989,366.769989,65907200
2013-07-16,366.790009,367.029999,363.899994,364.119995,364.119995,82836200
2013-07-17,364.890015,367.279999,362.500000,366.059998,366.059998,99474800
2013-07-18,365.559998,369.500000,364.859985,368.760010,368.760010,106821000
2013-07-19,367.670013,369.929993,366.440002,369.760010,369.760010,118924400
2013-07-22,370.640015,371.670013,369.760010,370.390015,370.390015,206370400
2013-07-23,371.079987,371.640015,368.720001,368.720001,368.720001,252839800
2013-07-24,369.600006,373.130005,369.600006,371.959991,371.959991,161728000
2013-07-25,371.049988,371.679993,367.920013,370.359985,370.359985,117445000
2013-07-26,371.739990,372.279999,367.260010,368.309998,368.309998,107978000
2013-07-29,369.489990,371.010010,367.720001,368.329987,368.329987,141623000
2013-07-30,369.730011,371.070007,368.390015,368.989990,368.989990,101902800
2013-07-31,367.890015,370.579987,366.899994,369.809998,369.809998,105431600
2013-08-01,370.200012,372.390015,369.230011,372.390015,372.390015,165214600
2013-08-02,373.859985,374.119995,370.480011,371.339996,371.339996,132185400
2013-08-05,371.910004,373.390015,370.970001,372.519989,372.519989,98819900
2013-08-06,371.820007,373.429993,369.470001,371.380005,371.380005,105706900
2013-08-07,369.660004,370.950012,368.850006,369.609985,369.609985,139704600
2013-08-08,370.799988,373.519989,369.880005,372.140015,372.140015,128573800
2013-08-09,373.649994,375.750000,372.380005,375.399994,375.399994,319723100
2013-08-12,376.230011,376.839996,373.670013,375.609985,375.609985,166683500
2013-08-13,376.549988,377.899994,376.200012,377.640015,377.640015,122951700
2013-08-14,377.679993,380.179993,377.320007,379.619995,379.619995,132458100
2013-08-15,378.899994,378.899994,373.200012,375.579987,375.579987,98720900
2013-08-16,374.609985,375.230011,372.510010,374.750000,374.750000,114158400
2013-08-19,374.880005,375.149994,372.790009,373.799988,373.799988,74221600
2013-08-20,371.950012,372.079987,366.769989,368.929993,368.929993,113346700
2013-08-21,368.690002,369.350006,367.329987,367.510010,367.510010,79300500
2013-08-22,367.589996,373.170013,367.589996,371.940002,371.940002,111765900
2013-08-23,372.579987,375.529999,370.859985,374.670013,374.670013,83387600
2013-08-26,375.109985,375.109985,372.029999,373.489990,373.489990,103228500
2013-08-27,371.059998,372.399994,364.089996,364.869995,364.869995,148184800
2013-08-28,363.170013,365.100006,362.329987,364.470001,364.470001,123825000
2013-08-29,366.579987,367.559998,364.559998,367.130005,367.130005,95172000
2013-08-30,366.929993,367.350006,362.679993,362.929993,362.929993,213108400
2013-09-02,366.309998,369.700012,366.309998,369.260010,369.260010,92015800
2013-09-03,369.869995,369.869995,365.579987,367.089996,367.089996,85254600
2013-09-04,367.859985,369.010010,365.160004,368.260010,368.260010,83704900
2013-09-05,368.869995,370.600006,366.290009,369.950012,369.950012,96958700
2013-09-06,369.619995,372.799988,367.399994,371.040009,371.040009,102762000
2013-09-09,371.489990,371.829987,369.019989,369.779999,369.779999,84520500
2013-09-10,372.269989,376.790009,372.269989,376.309998,376.309998,128190200
2013-09-11,375.899994,376.250000,374.100006,375.049988,375.049988,109691200
2013-09-12,375.940002,377.579987,375.059998,376.660004,376.660004,107064400
2013-09-13,376.029999,377.290009,375.359985,376.839996,376.839996,80898400
2013-09-16,380.709991,381.100006,379.200012,379.890015,379.890015,127263000
2013-09-17,378.980011,380.480011,378.540009,379.809998,379.809998,99817700
2013-09-18,380.320007,381.320007,379.079987,380.920013,380.920013,106874200
2013-09-19,384.829987,385.899994,381.559998,382.579987,382.579987,163356700
2013-09-20,381.529999,383.730011,381.529999,382.070007,382.070007,200717700
2013-09-23,381.450012,383.190002,378.390015,379.549988,379.549988,104721800
2013-09-24,379.160004,380.959991,379.149994,380.670013,380.670013,83785600
2013-09-25,379.670013,380.739990,377.910004,379.600006,379.600006,86206500
2013-09-26,379.640015,380.339996,377.109985,377.950012,377.950012,74992100
2013-09-27,377.890015,378.649994,374.049988,375.769989,375.769989,79653300
2013-09-30,372.910004,375.040009,372.440002,374.920013,374.920013,95206800
2013-10-01,373.940002,377.630005,373.869995,377.630005,377.630005,99454700
2013-10-02,376.519989,376.820007,374.029999,376.170013,376.170013,92474600
2013-10-03,376.799988,377.399994,374.309998,374.829987,374.829987,75108500
2013-10-04,374.570007,376.690002,373.850006,376.029999,376.029999,61981100
2013-10-07,374.589996,374.589996,370.570007,373.750000,373.750000,70719600
2013-10-08,373.320007,373.890015,370.980011,370.980011,370.980011,68682300
2013-10-09,369.809998,370.000000,366.059998,367.190002,367.190002,82082600
2013-10-10,369.570007,374.269989,368.549988,373.910004,373.910004,97145000
2013-10-11,376.059998,376.559998,375.070007,376.109985,376.109985,78038400
2013-10-14,375.149994,376.269989,374.309998,376.269989,376.269989,67160600
2013-10-15,378.480011,382.250000,378.480011,381.950012,381.950012,103871300
2013-10-16,380.739990,383.929993,380.410004,383.329987,383.329987,88277900
2013-10-17,382.239990,382.730011,380.209991,382.510010,382.510010,155449700
2013-10-18,384.040009,385.730011,382.929993,385.730011,385.730011,115974900
2013-10-21,387.720001,388.920013,387.190002,388.279999,388.279999,117174500
2013-10-22,387.739990,391.410004,387.679993,390.190002,390.190002,128848400
2013-10-23,388.160004,388.929993,387.429993,388.559998,388.559998,88157100
2013-10-24,389.070007,390.380005,389.000000,390.209991,390.209991,82481400
2013-10-25,389.010010,389.980011,388.239990,389.190002,389.190002,73734300
2013-10-28,389.950012,390.339996,387.980011,388.799988,388.799988,73746700
2013-10-29,388.470001,391.309998,388.470001,391.130005,391.130005,74629300
2013-10-30,391.660004,393.040009,390.359985,391.200012,391.200012,89007800
2013-10-31,388.470001,391.920013,388.470001,391.920013,391.920013,109775400
2013-11-01,392.500000,392.519989,390.600006,391.200012,391.200012,85567800
2013-11-04,391.920013,394.410004,391.869995,393.149994,393.149994,110955100
2013-11-05,393.980011,393.980011,389.540009,391.250000,391.250000,125288400
2013-11-06,392.589996,395.839996,392.519989,393.970001,393.970001,143211500
2013-11-07,394.700012,398.309998,392.579987,393.220001,393.220001,192736600
2013-11-08,391.700012,394.410004,390.660004,394.070007,394.070007,131522900
2013-11-11,395.130005,395.730011,393.839996,395.450012,395.450012,100820900
2013-11-12,395.239990,396.109985,393.320007,393.380005,393.380005,91714200
2013-11-13,391.250000,392.489990,388.429993,391.179993,391.179993,104740100
2013-11-14,394.760010,395.470001,393.730011,394.869995,394.869995,107661300
2013-11-15,395.149994,396.260010,394.619995,395.339996,395.339996,84441800
2013-11-18,394.899994,398.040009,394.279999,396.980011,396.980011,82159200
2013-11-19,396.309998,396.760010,395.000000,395.480011,395.480011,79588800
2013-11-20,394.459991,398.040009,394.059998,396.540009,396.540009,87813500
2013-11-21,394.799988,396.730011,393.649994,395.329987,395.329987,81661000
2013-11-22,396.279999,397.920013,394.579987,395.799988,395.799988,72764600
2013-11-25,397.660004,398.589996,397.130005,397.459991,397.459991,68131800
2013-11-26,396.859985,397.450012,394.109985,394.109985,394.109985,79087800
2013-11-27,394.480011,396.700012,394.480011,396.220001,396.220001,60577400
2013-11-28,396.399994,397.559998,396.299988,396.750000,396.750000,43792400
2013-11-29,396.140015,397.299988,395.899994,396.549988,396.549988,52823700
2013-12-02,396.619995,397.859985,395.459991,395.989990,395.989990,62694500
2013-12-03,395.579987,395.890015,390.570007,390.570007,390.570007,82038200
2013-12-04,391.690002,391.869995,385.510010,388.140015,388.140015,87818400
2013-12-05,387.079987,387.950012,383.709991,383.709991,383.709991,82258900
2013-12-06,384.910004,387.739990,383.700012,387.010010,387.010010,106749800
2013-12-09,388.260010,388.260010,385.899994,387.380005,387.380005,71635200
2013-12-10,386.839996,389.679993,385.100006,385.559998,385.559998,68228300
2013-12-11,384.700012,387.260010,383.029999,383.149994,383.149994,71520400
2013-12-12,381.600006,381.859985,377.799988,377.820007,377.820007,92197300
2013-12-13,377.440002,378.959991,376.450012,376.859985,376.859985,76932300
2013-12-16,375.980011,382.450012,375.899994,381.440002,381.440002,90762500
2013-12-17,380.489990,380.519989,378.170013,378.170013,378.170013,75134400
2013-12-18,379.660004,381.320007,378.359985,381.170013,381.170013,78628400
2013-12-19,385.170013,387.510010,385.170013,386.450012,386.450012,66689600
2013-12-20,388.339996,391.920013,388.339996,391.559998,391.559998,160593600
2013-12-23,392.880005,395.519989,392.809998,395.519989,395.519989,63200800
2013-12-24,395.269989,397.529999,395.269989,396.609985,396.609985,17970000
2013-12-27,399.109985,400.989990,399.109985,400.989990,400.989990,52895100
2013-12-30,401.529999,401.950012,399.079987,399.769989,399.769989,58061400
2013-12-31,400.600006,401.920013,400.230011,401.790009,401.790009,21421900
2014-01-02,403.369995,404.429993,399.640015,399.820007,399.820007,92568700
2014-01-03,400.380005,402.600006,399.130005,401.970001,401.970001,84297800
2014-01-06,401.709991,402.709991,399.600006,399.850006,399.850006,107202300
2014-01-07,400.579987,403.269989,399.230011,402.970001,402.970001,105892600
2014-01-08,403.559998,403.899994,402.630005,403.859985,403.859985,105349800
2014-01-09,403.519989,405.000000,401.109985,401.970001,401.970001,117485000
2014-01-10,404.010010,405.950012,402.970001,403.950012,403.950012,109900800
2014-01-13,404.940002,405.380005,403.309998,404.929993,404.929993,103018300
2014-01-14,401.309998,406.570007,400.459991,406.570007,406.570007,108658100
2014-01-15,407.589996,408.929993,406.649994,408.619995,408.619995,100182900
2014-01-16,408.510010,408.720001,407.079987,407.589996,407.589996,122942600
2014-01-17,404.850006,408.549988,404.850006,408.260010,408.260010,123338600
2014-01-20,407.179993,408.029999,406.540009,408.000000,408.000000,70342000
2014-01-21,408.429993,408.809998,404.260010,405.190002,405.190002,101069100
2014-01-22,406.920013,408.369995,405.470001,407.450012,407.450012,101324600
2014-01-23,405.929993,408.100006,403.140015,403.890015,403.890015,99214600
2014-01-24,404.170013,404.980011,393.540009,393.850006,393.850006,139983700
2014-01-27,392.769989,393.890015,389.820007,390.790009,390.790009,124849800
2014-01-28,391.880005,393.140015,390.220001,392.230011,392.230011,111529100
2014-01-29,395.350006,396.510010,384.679993,389.329987,389.329987,131908800
2014-01-30,388.769989,392.109985,386.380005,389.609985,389.609985,127927000
2014-01-31,388.720001,389.089996,381.720001,386.850006,386.850006,123710100
2014-02-03,385.859985,388.540009,383.279999,383.630005,383.630005,137213900
2014-02-04,380.570007,384.260010,379.510010,382.980011,382.980011,173334600
2014-02-05,381.750000,384.609985,380.959991,382.649994,382.649994,119588300
2014-02-06,384.799988,389.670013,383.510010,388.410004,388.410004,118451900
2014-02-07,389.519989,391.109985,387.679993,389.540009,389.540009,136668600
2014-02-10,390.799988,391.059998,388.799988,389.640015,389.640015,91561800
2014-02-11,391.070007,394.959991,390.589996,394.959991,394.959991,92426900
2014-02-12,396.390015,399.529999,396.220001,397.420013,397.420013,153180400
2014-02-13,396.940002,397.519989,394.769989,397.000000,397.000000,91933700
2014-02-14,397.549988,399.640015,397.420013,398.950012,398.950012,78995300
2014-02-17,400.010010,401.820007,399.640015,401.239990,401.239990,61210200
2014-02-18,402.089996,402.459991,399.619995,401.619995,401.619995,90100400
2014-02-19,400.980011,402.359985,399.739990,401.540009,401.540009,98511100
2014-02-20,397.040009,398.760010,395.779999,398.760010,398.760010,115999400
2014-02-21,400.220001,400.890015,399.429993,400.359985,400.359985,97100200
2014-02-24,399.570007,401.760010,398.799988,401.760010,401.760010,111984200
2014-02-25,400.899994,401.029999,398.579987,400.769989,400.769989,87132900
2014-02-26,400.910004,401.480011,397.320007,398.640015,398.640015,91268800
2014-02-27,398.760010,400.170013,394.839996,398.279999,398.279999,99536500
2014-02-28,398.890015,399.769989,396.609985,398.540009,398.540009,86478100
2014-03-03,392.140015,394.000000,386.660004,388.190002,388.190002,146924300
2014-03-04,392.459991,398.890015,392.309998,398.730011,398.730011,114857500
2014-03-05,398.380005,399.529999,397.559998,398.619995,398.619995,85466900
2014-03-06,399.559998,400.829987,398.579987,400.059998,400.059998,92635900
2014-03-07,399.630005,400.929993,396.000000,396.279999,396.279999,109070200
2014-03-10,395.489990,399.059998,392.010010,393.399994,393.399994,96464700
2014-03-11,394.589996,396.339996,392.579987,394.290009,394.290009,84611600
2014-03-12,391.950012,392.540009,388.510010,391.410004,391.410004,95306500
2014-03-13,392.040009,392.040009,386.059998,386.059998,386.059998,99311800
2014-03-14,383.410004,383.890015,379.799988,382.649994,382.649994,151840900
2014-03-17,383.429993,388.339996,382.730011,386.920013,386.920013,90990400
2014-03-18,386.279999,391.350006,384.140015,389.369995,389.369995,109534400
2014-03-19,389.670013,390.500000,388.010010,388.880005,388.880005,93898500
2014-03-20,386.980011,390.820007,385.670013,390.820007,390.820007,115391700
2014-03-21,391.720001,393.549988,390.019989,391.359985,391.359985,213252000
2014-03-24,391.820007,392.399994,387.239990,388.230011,388.230011,100768800
2014-03-25,389.109985,393.480011,389.109985,393.130005,393.130005,94531000
2014-03-26,394.670013,398.089996,394.079987,396.890015,396.890015,89500500
2014-03-27,396.070007,398.589996,395.579987,398.589996,398.589996,77744500
2014-03-28,399.859985,401.950012,399.559998,401.790009,401.790009,86568800
2014-03-31,403.790009,405.089996,402.779999,403.209991,403.209991,90978500
2014-04-01,404.829987,406.420013,403.420013,405.619995,405.619995,94127600
2014-04-02,406.220001,406.970001,405.660004,406.140015,406.140015,85264900
2014-04-03,406.790009,406.950012,404.730011,405.690002,405.690002,87342000
2014-04-04,406.239990,408.420013,405.640015,407.459991,407.459991,79767000
2014-04-07,404.200012,406.220001,403.230011,404.040009,404.040009,69685200
2014-04-08,404.190002,404.609985,399.540009,402.540009,402.540009,113023400
2014-04-09,403.130005,404.170013,402.519989,403.390015,403.390015,72091100
2014-04-10,404.859985,405.279999,401.149994,401.899994,401.899994,66703600
2014-04-11,398.589996,399.040009,394.160004,395.640015,395.640015,102778000
2014-04-14,393.929993,395.690002,391.290009,395.540009,395.540009,102356900
2014-04-15,395.640015,396.329987,392.609985,392.660004,392.660004,95438900
2014-04-16,394.779999,395.989990,393.109985,395.989990,395.989990,87788500
2014-04-17,396.220001,396.910004,393.809998,396.760010,396.760010,86712000
2014-04-22,396.130005,399.290009,395.269989,398.299988,398.299988,88478500
2014-04-23,398.040009,398.160004,396.890015,397.339996,397.339996,65201100
2014-04-24,399.070007,399.410004,393.320007,397.100006,397.100006,89719200
2014-04-25,394.859985,395.510010,391.829987,392.850006,392.850006,77416000
2014-04-28,393.489990,395.230011,392.190002,393.730011,393.730011,65912600
2014-04-29,394.920013,398.510010,394.290009,398.470001,398.470001,69049600
2014-04-30,399.649994,401.350006,399.290009,400.549988,400.549988,102535800
2014-05-02,400.049988,400.839996,398.450012,399.230011,399.230011,99030000
2014-05-05,396.869995,397.649994,392.720001,397.440002,397.440002,59799100
2014-05-06,398.260010,398.720001,395.220001,396.540009,396.540009,70545000
2014-05-07,394.720001,399.369995,394.720001,398.589996,398.589996,82801700
2014-05-08,399.279999,403.170013,398.359985,402.980011,402.980011,87812400
2014-05-09,401.920013,402.380005,400.880005,401.929993,401.929993,73164200
2014-05-12,402.399994,404.339996,401.510010,403.779999,403.779999,65479100
2014-05-13,405.279999,405.399994,404.059998,404.649994,404.649994,75389000
2014-05-14,404.459991,404.459991,402.750000,403.329987,403.329987,70333800
2014-05-15,403.029999,404.890015,399.070007,400.250000,400.250000,109601900
2014-05-16,400.260010,400.929993,397.709991,399.559998,399.559998,113534700
2014-05-19,399.369995,401.279999,397.940002,401.040009,401.040009,80808000
2014-05-20,401.109985,402.049988,399.570007,400.799988,400.799988,75588400
2014-05-21,400.040009,403.269989,398.899994,402.899994,402.899994,74143900
2014-05-22,405.209991,405.209991,403.029999,404.140015,404.140015,79720300
2014-05-23,404.220001,405.589996,403.540009,405.140015,405.140015,57337900
2014-05-26,406.100006,407.100006,405.820007,406.880005,406.880005,34395000
2014-05-27,406.700012,407.760010,406.429993,406.809998,406.809998,74811500
2014-05-28,405.950012,406.149994,404.609985,405.940002,405.940002,73617400
2014-05-29,405.390015,407.739990,405.390015,407.440002,407.440002,46905400
2014-05-30,407.510010,408.339996,406.589996,407.209991,407.209991,82608400
2014-06-02,408.600006,409.290009,407.799988,408.769989,408.769989,54417300
2014-06-03,408.880005,408.950012,407.359985,408.609985,408.609985,55829500
2014-06-04,407.750000,408.850006,406.500000,408.070007,408.070007,64879900
2014-06-05,408.059998,413.290009,406.589996,410.970001,410.970001,104927700
2014-06-06,411.459991,413.489990,411.040009,413.260010,413.260010,111005600
2014-06-09,413.809998,415.459991,413.769989,415.459991,415.459991,49037700
2014-06-10,414.940002,415.859985,414.589996,415.859985,415.859985,65822400
2014-06-11,415.130005,415.519989,412.690002,414.450012,414.450012,65336300
2014-06-12,414.899994,415.910004,414.040009,414.739990,414.739990,60270000
2014-06-13,414.769989,414.959991,412.250000,414.049988,414.049988,66157800
2014-06-16,413.179993,414.109985,412.239990,412.540009,412.540009,62941700
2014-06-17,414.350006,414.829987,412.880005,414.579987,414.579987,75322200
2014-06-18,415.220001,416.769989,414.929993,415.480011,415.480011,72855800
2014-06-19,418.549988,419.040009,417.450012,417.980011,417.980011,77935700
2014-06-20,417.649994,419.570007,417.140015,417.899994,417.899994,105818500
2014-06-23,418.299988,418.299988,414.869995,415.589996,415.589996,59951100
2014-06-24,416.829987,416.970001,414.739990,415.779999,415.779999,53930400
2014-06-25,413.970001,413.970001,410.540009,411.929993,411.929993,73673400
2014-06-26,412.700012,412.739990,408.600006,410.809998,410.809998,72748700
2014-06-27,411.329987,411.829987,410.029999,410.859985,410.859985,56788400
2014-06-30,411.350006,413.940002,411.149994,413.149994,413.149994,70823500
2014-07-01,413.799988,415.690002,413.440002,415.480011,415.480011,57038800
2014-07-02,415.579987,417.200012,415.250000,415.850006,415.850006,97988300
2014-07-03,416.730011,419.850006,415.950012,419.529999,419.529999,89848700
2014-07-04,419.290009,419.940002,418.700012,418.700012,418.700012,43856700
2014-07-07,418.299988,418.470001,414.119995,414.119995,414.119995,68959100
2014-07-08,414.109985,414.859985,409.760010,409.760010,409.760010,79517000
2014-07-09,410.540009,411.149994,408.799988,410.489990,410.489990,69390500
2014-07-10,409.890015,410.070007,402.149994,403.390015,403.390015,108150400
2014-07-11,404.220001,405.040009,402.309998,403.609985,403.609985,70488600
2014-07-14,404.160004,407.100006,403.779999,406.549988,406.549988,60775500
2014-07-15,405.480011,406.779999,404.010010,404.010010,404.010010,74484700
2014-07-16,404.410004,408.779999,404.410004,408.779999,408.779999,73496100
2014-07-17,407.089996,408.510010,404.600006,404.839996,404.839996,77667800
2014-07-18,403.399994,404.489990,401.559998,404.399994,404.399994,85661500
2014-07-21,404.480011,404.600006,401.899994,403.709991,403.709991,66018400
2014-07-22,405.820007,408.260010,405.450012,407.950012,407.950012,67154700
2014-07-23,407.200012,409.920013,406.459991,408.529999,408.529999,65800100
2014-07-24,407.929993,410.299988,405.809998,409.980011,409.980011,68916400
2014-07-25,408.959991,409.829987,403.730011,404.839996,404.839996,62247100
2014-07-28,405.820007,406.220001,401.880005,404.679993,404.679993,70373900
2014-07-29,405.890015,408.630005,403.869995,407.309998,407.309998,76706500
2014-07-30,407.239990,410.399994,405.769989,407.959991,407.959991,104371100
2014-07-31,408.700012,409.390015,403.420013,404.290009,404.290009,107941600
2014-08-01,403.350006,404.619995,397.250000,398.559998,398.559998,118150100
2014-08-04,400.480011,400.480011,394.739990,395.950012,395.950012,79801600
2014-08-05,397.040009,399.130005,396.540009,398.380005,398.380005,79029500
2014-08-06,396.230011,398.100006,393.350006,397.209991,397.209991,95424600
2014-08-07,396.980011,398.660004,394.040009,394.200012,394.200012,99485000
2014-08-08,390.579987,391.779999,388.140015,390.250000,390.250000,107061300
2014-08-11,393.390015,397.309998,392.839996,396.649994,396.649994,73846000
2014-08-12,396.339996,396.899994,393.660004,394.220001,394.220001,64555500
2014-08-13,395.190002,396.390015,393.929993,395.269989,395.269989,60435600
2014-08-14,394.040009,396.799988,393.790009,395.839996,395.839996,69528400
2014-08-15,396.869995,400.529999,395.239990,395.350006,395.350006,84144100
2014-08-18,398.529999,400.200012,398.529999,399.910004,399.910004,51156700
2014-08-19,401.130005,403.679993,400.829987,403.309998,403.309998,48463300
2014-08-20,403.809998,404.809998,402.170013,403.320007,403.320007,51431300
2014-08-21,403.369995,405.769989,402.679993,405.769989,405.769989,58317400
2014-08-22,406.390015,406.410004,402.540009,404.480011,404.480011,56290800
2014-08-25,407.250000,409.470001,406.350006,409.320007,409.320007,39145200
2014-08-26,409.119995,413.019989,408.420013,412.929993,412.929993,70093300
2014-08-27,412.369995,413.600006,412.029999,413.190002,413.190002,60581500
2014-08-28,412.279999,412.720001,410.619995,412.140015,412.140015,64857200
2014-08-29,412.779999,413.339996,410.079987,413.130005,413.130005,66867200
2014-09-01,413.399994,414.230011,413.130005,414.230011,414.230011,48680000
2014-09-02,415.000000,416.190002,413.880005,415.000000,415.000000,61128800
2014-09-03,416.279999,418.880005,415.890015,417.209991,417.209991,86742900
2014-09-04,416.640015,422.769989,416.350006,421.589996,421.589996,100323600
2014-09-05,421.109985,421.769989,419.609985,421.109985,421.109985,81440000
2014-09-08,421.290009,421.290009,418.410004,420.600006,420.600006,57578700
2014-09-09,419.970001,420.600006,418.059998,418.399994,418.399994,66992300
2014-09-10,417.220001,419.359985,416.459991,418.950012,418.950012,66632500
2014-09-11,420.239990,420.459991,416.170013,418.010010,418.010010,59238300
2014-09-12,418.649994,419.140015,417.070007,417.799988,417.799988,47744700
2014-09-15,416.709991,418.429993,415.709991,417.649994,417.649994,57978700
2014-09-16,417.809998,417.989990,415.869995,417.399994,417.399994,60538600
2014-09-17,418.940002,419.970001,417.790009,417.839996,417.839996,77777800
2014-09-18,418.540009,422.179993,418.179993,422.049988,422.049988,77069200
2014-09-19,424.769989,425.739990,422.790009,425.739990,425.739990,153644100
2014-09-22,422.929993,423.519989,421.649994,422.049988,422.049988,83651300
2014-09-23,421.880005,422.329987,417.049988,418.829987,418.829987,81591800
2014-09-24,418.890015,421.480011,417.230011,421.420013,421.420013,96240900
2014-09-25,421.829987,422.839996,416.570007,417.250000,417.250000,88315500
2014-09-26,417.649994,419.410004,415.220001,418.489990,418.489990,74394700
2014-09-29,418.630005,419.450012,415.700012,418.179993,418.179993,65205700
2014-09-30,419.260010,421.950012,418.600006,421.140015,421.140015,81314800
2014-10-01,419.679993,421.480011,415.929993,416.799988,416.799988,88382800
2014-10-02,415.309998,415.670013,406.220001,406.220001,406.220001,116016500
2014-10-03,409.859985,412.510010,408.850006,411.190002,411.190002,78795400
2014-10-06,413.260010,414.399994,410.980011,412.239990,412.239990,68638000
2014-10-07,411.079987,411.079987,406.510010,406.510010,406.510010,73192300
2014-10-08,404.010010,405.399994,402.320007,403.459991,403.459991,90200300
2014-10-09,407.989990,408.200012,401.190002,402.660004,402.660004,101431300
2014-10-10,399.100006,400.309998,394.279999,395.679993,395.679993,119192500
2014-10-13,391.959991,396.510010,390.600006,394.329987,394.329987,100273200
2014-10-14,391.290009,393.970001,386.399994,393.299988,393.299988,108929800
2014-10-15,393.239990,394.279999,379.529999,379.690002,379.690002,159125100
2014-10-16,381.950012,383.890015,366.839996,376.269989,376.269989,216165900
2014-10-17,378.470001,387.660004,376.179993,387.059998,387.059998,158549600
2014-10-20,386.309998,387.160004,380.859985,384.399994,384.399994,108544500
2014-10-21,383.609985,394.489990,381.559998,394.489990,394.489990,119190600
2014-10-22,395.510010,396.170013,392.450012,396.010010,396.010010,100218600
2014-10-23,392.369995,397.390015,389.420013,396.890015,396.890015,100392800
2014-10-24,395.839996,396.489990,393.450012,396.119995,396.119995,85380000
2014-10-27,400.209991,400.679993,392.690002,395.049988,395.049988,99774900
2014-10-28,397.329987,401.980011,397.329987,401.260010,401.260010,90952000
2014-10-29,403.279999,403.500000,400.399994,401.100006,401.100006,94302500
2014-10-30,404.339996,405.010010,396.299988,403.709991,403.709991,113772800
2014-10-31,408.730011,411.809998,407.250000,411.320007,411.320007,119203000
2014-11-03,411.279999,412.809998,408.339996,409.040009,409.040009,79093600
2014-11-04,408.489990,410.309998,403.149994,403.779999,403.779999,101763900
2014-11-05,407.309998,411.160004,406.040009,410.660004,410.660004,106328200
2014-11-06,409.140015,415.739990,408.760010,413.149994,413.149994,123331200
2014-11-07,414.730011,414.970001,409.459991,411.429993,411.429993,92772600
2014-11-10,410.769989,415.019989,410.769989,414.959991,414.959991,87446100
2014-11-11,416.109985,417.410004,414.049988,415.179993,415.179993,85074900
2014-11-12,413.929993,415.619995,411.140015,411.929993,411.929993,98544100
2014-11-13,412.769989,413.829987,408.869995,411.410004,411.410004,110072300
2014-11-14,412.559998,412.559998,408.989990,411.970001,411.970001,75836800
2014-11-17,408.829987,414.799988,408.609985,414.070007,414.070007,72971700
2014-11-18,414.390015,417.809998,413.809998,417.160004,417.160004,76088700
2014-11-19,416.980011,419.440002,416.130005,417.790009,417.790009,75945100
2014-11-20,417.989990,418.329987,414.369995,416.809998,416.809998,87192300
2014-11-21,417.890015,424.730011,417.299988,423.459991,423.459991,141684200
2014-11-24,423.609985,425.839996,422.320007,422.910004,422.910004,90747100
2014-11-25,423.130005,425.750000,421.660004,423.179993,423.179993,100857900
2014-11-26,424.019989,425.480011,423.500000,423.970001,423.970001,60791800
2014-11-27,425.089996,426.989990,425.040009,425.750000,425.750000,73926900
2014-11-28,425.559998,426.019989,422.970001,425.859985,425.859985,85080500
2014-12-01,422.820007,424.450012,421.609985,423.470001,423.470001,75867000
2014-12-02,424.859985,428.839996,424.640015,428.480011,428.480011,88318800
2014-12-03,428.529999,429.929993,428.290009,428.609985,428.609985,70375300
2014-12-04,430.250000,432.220001,422.859985,423.679993,423.679993,106427900
2014-12-05,426.730011,431.220001,426.690002,431.059998,431.059998,80066600
2014-12-08,429.649994,430.619995,427.269989,427.269989,427.269989,60126800
2014-12-09,423.309998,424.369995,418.160004,418.429993,418.429993,99858400
2014-12-10,419.309998,421.390015,415.640015,416.709991,416.709991,89327900
2014-12-11,415.350006,418.519989,413.890015,416.769989,416.769989,82329000
2014-12-12,413.660004,414.350006,405.630005,406.170013,406.170013,100317800
2014-12-15,405.209991,408.890015,395.609985,396.089996,396.089996,106704700
2014-12-16,397.660004,404.170013,389.309998,403.790009,403.790009,177484100
2014-12-17,399.160004,404.529999,397.089996,403.459991,403.459991,107624500
2014-12-18,410.089996,416.559998,407.970001,416.440002,416.440002,128151200
2014-12-19,420.660004,421.350006,414.390015,418.369995,418.369995,148871400
2014-12-22,419.760010,424.079987,419.760010,421.579987,421.579987,65074900
2014-12-23,423.040009,426.769989,422.640015,426.769989,426.769989,55699200
2014-12-24,425.970001,427.440002,425.329987,425.570007,425.570007,10041400
2014-12-29,427.390015,428.320007,422.859985,426.890015,426.890015,47405700
2014-12-30,425.130005,425.130005,421.559998,421.589996,421.589996,40620300
2014-12-31,422.839996,424.700012,422.269989,424.470001,424.470001,13497900
2015-01-02,425.890015,428.089996,420.350006,422.279999,422.279999,53349500
2015-01-05,420.059998,424.579987,410.489990,410.940002,410.940002,99101900
2015-01-06,411.670013,414.619995,406.299988,408.429993,408.429993,99159200
2015-01-07,411.010010,413.959991,408.600006,411.209991,411.209991,88338000
2015-01-08,416.600006,424.140015,415.440002,423.070007,423.070007,104709000
2015-01-09,422.410004,424.230011,412.760010,415.589996,415.589996,96722800
2015-01-12,417.049988,421.500000,413.630005,418.410004,418.410004,88791800
2015-01-13,415.760010,424.920013,414.820007,423.790009,423.790009,101178900
2015-01-14,418.440002,425.299988,416.869995,418.329987,418.329987,116680600
2015-01-15,422.600006,426.619995,411.459991,425.320007,425.320007,146101900
2015-01-16,423.369995,433.619995,422.940002,432.980011,432.980011,149963200
2015-01-19,433.839996,436.200012,432.029999,435.309998,435.309998,84174300
2015-01-20,435.970001,439.390015,435.600006,437.920013,437.920013,110112400
2015-01-21,439.989990,441.089996,435.839996,441.089996,441.089996,118571800
2015-01-22,442.040009,449.029999,440.410004,447.769989,447.769989,146101500
2015-01-23,451.019989,457.100006,450.279999,454.559998,454.559998,154310000
2015-01-26,452.619995,459.440002,452.619995,459.140015,459.140015,105834300
2015-01-27,458.339996,459.059998,451.489990,454.459991,454.459991,96891500
2015-01-28,457.029999,457.570007,450.250000,452.299988,452.299988,105376300
2015-01-29,447.829987,453.160004,447.829987,452.470001,452.470001,104978200
2015-01-30,454.000000,454.649994,448.899994,450.390015,450.390015,125282400
2015-02-02,450.600006,451.910004,446.440002,450.760010,450.760010,104744400
2015-02-03,453.239990,457.660004,452.779999,455.820007,455.820007,130565900
2015-02-04,456.420013,456.839996,450.790009,454.880005,454.880005,142297500
2015-02-05,450.859985,455.420013,450.140015,455.299988,455.299988,98394700
2015-02-06,455.059998,456.160004,452.959991,454.690002,454.690002,92308900
2015-02-09,451.100006,451.640015,447.239990,450.959991,450.959991,97745600
2015-02-10,451.500000,456.029999,449.540009,453.799988,453.799988,110455700
2015-02-11,455.649994,459.059998,454.829987,458.269989,458.269989,120710400
2015-02-12,457.709991,463.790009,457.709991,460.429993,460.429993,135525800
2015-02-13,462.429993,466.059998,461.859985,464.899994,464.899994,135799800
2015-02-16,465.140015,465.369995,462.000000,462.820007,462.820007,80126900
2015-02-17,460.179993,464.410004,457.869995,463.420013,463.420013,100293100
2015-02-18,465.880005,467.320007,465.279999,467.320007,467.320007,111159200
2015-02-19,466.929993,470.450012,465.459991,469.790009,469.790009,106342600
2015-02-20,468.980011,469.850006,466.149994,469.850006,469.850006,115006900
2015-02-23,474.119995,475.220001,472.500000,475.220001,475.220001,94271700
2015-02-24,476.049988,480.600006,475.750000,479.940002,479.940002,94866800
2015-02-25,479.799988,481.089996,477.059998,478.529999,478.529999,84780000
2015-02-26,478.790009,482.609985,477.899994,482.470001,482.470001,82254300
2015-02-27,482.380005,483.929993,479.929993,483.929993,483.929993,95273800
2015-03-02,484.359985,487.010010,483.369995,485.839996,485.839996,85491200
2015-03-03,486.309998,486.790009,479.549988,480.059998,480.059998,98364700
2015-03-04,481.220001,483.570007,478.799988,483.570007,483.570007,101371200
2015-03-05,484.959991,489.359985,484.829987,488.959991,488.959991,79817500
2015-03-06,488.549988,492.359985,488.070007,489.839996,489.839996,110716400
2015-03-09,487.399994,488.209991,484.760010,488.209991,488.209991,89295300
2015-03-10,486.880005,488.510010,482.130005,483.100006,483.100006,96944600
2015-03-11,484.179993,492.600006,484.049988,491.929993,491.929993,96996800
2015-03-12,492.589996,494.570007,490.910004,491.640015,491.640015,78826400
2015-03-13,493.209991,493.619995,489.320007,492.480011,492.480011,77285400
2015-03-16,493.950012,498.660004,493.950012,498.029999,498.029999,82430100
2015-03-17,498.480011,499.299988,492.700012,494.399994,494.399994,99724400
2015-03-18,495.440002,496.649994,492.309998,496.630005,496.630005,94895000
2015-03-19,497.079987,499.940002,494.700012,496.010010,496.010010,99857700
2015-03-20,497.170013,500.660004,495.450012,499.119995,499.119995,170578000
2015-03-23,499.559998,499.649994,495.320007,497.549988,497.549988,71253400
2015-03-24,495.750000,500.440002,494.989990,498.660004,498.660004,81554200
2015-03-25,497.350006,499.679993,490.920013,491.640015,491.640015,96226300
2015-03-26,486.279999,487.480011,480.959991,486.369995,486.369995,110830600
2015-03-27,488.399994,488.600006,483.440002,485.730011,485.730011,111671100
2015-03-30,489.529999,495.029999,488.589996,494.690002,494.690002,80553700
2015-03-31,495.119995,496.269989,487.570007,489.410004,489.410004,108299100
2015-04-01,486.839996,494.799988,485.829987,490.040009,490.040009,97932300
2015-04-02,491.010010,493.140015,489.910004,492.380005,492.380005,74049700
2015-04-07,496.049988,504.179993,495.859985,503.029999,503.029999,114511800
2015-04-08,500.609985,500.869995,496.589996,497.160004,497.160004,97091500
2015-04-09,499.760010,501.970001,498.540009,501.970001,501.970001,78055500
2015-04-10,504.369995,507.190002,503.260010,507.170013,507.170013,77894400
2015-04-13,507.500000,509.640015,505.619995,508.660004,508.660004,72246100
2015-04-14,507.630005,510.369995,503.839996,505.859985,505.859985,95598800
2015-04-15,506.480011,510.350006,505.279999,507.429993,507.429993,90513700
2015-04-16,508.220001,509.510010,503.850006,504.380005,504.380005,101450400
2015-04-17,502.980011,503.880005,493.279999,495.029999,495.029999,130622000
2015-04-20,497.279999,501.410004,496.970001,500.730011,500.730011,87543800
2015-04-21,503.410004,506.850006,501.130005,503.809998,503.809998,84037900
2015-04-22,507.549988,508.730011,502.350006,505.720001,505.720001,88955000
2015-04-23,504.989990,506.820007,499.269989,503.000000,503.000000,88960000
2015-04-24,504.070007,506.209991,502.619995,504.010010,504.010010,107028900
2015-04-27,504.450012,510.549988,499.160004,509.239990,509.239990,97413900
2015-04-28,507.790009,507.970001,498.329987,501.660004,501.660004,104561400
2015-04-29,502.250000,503.670013,488.500000,489.260010,489.260010,116066100
2015-04-30,490.029999,491.320007,484.799988,487.850006,487.850006,122221200
2015-05-04,488.239990,493.359985,484.549988,491.170013,491.170013,72416200
2015-05-05,490.489990,495.160004,482.320007,482.609985,482.609985,103424200
2015-05-06,482.290009,483.869995,476.959991,478.149994,478.149994,103794900
2015-05-07,474.839996,479.890015,469.820007,478.779999,478.779999,127422500
2015-05-08,482.380005,491.100006,481.559998,490.790009,490.790009,101057500
2015-05-11,491.399994,493.470001,489.410004,492.750000,492.750000,84403400
2015-05-12,490.739990,490.799988,486.019989,488.970001,488.970001,104353800
2015-05-13,490.079987,492.579987,484.850006,486.690002,486.690002,96336000
2015-05-14,484.309998,491.940002,481.059998,490.690002,490.690002,81562800
2015-05-15,492.380005,495.440002,489.079987,490.959991,490.959991,93059100
2015-05-18,491.130005,492.829987,484.239990,490.149994,490.149994,67486400
2015-05-19,493.130005,499.700012,492.940002,499.179993,499.179993,86346600
2015-05-20,499.839996,503.019989,498.470001,501.899994,501.899994,104570100
2015-05-21,500.750000,502.480011,499.510010,502.049988,502.049988,66673500
2015-05-22,502.100006,503.209991,500.029999,501.890015,501.890015,59764700
2015-05-25,502.690002,503.049988,498.950012,501.140015,501.140015,17657800
2015-05-26,500.089996,502.690002,495.000000,496.350006,496.350006,71142400
2015-05-27,496.929993,504.769989,496.679993,503.519989,503.519989,87319900
2015-05-28,503.059998,504.799988,499.859985,502.239990,502.239990,73871700
2015-05-29,502.500000,503.010010,493.489990,493.559998,493.559998,111145800
2015-06-01,496.880005,498.829987,491.359985,492.250000,492.250000,77769200
2015-06-02,493.850006,493.850006,485.589996,486.500000,486.500000,98114800
2015-06-03,487.269989,492.769989,485.440002,487.739990,487.739990,98481100
2015-06-04,485.829987,489.399994,478.399994,485.290009,485.290009,109888200
2015-06-05,481.739990,483.029999,477.140015,479.380005,479.380005,100617500
2015-06-08,479.420013,479.429993,474.820007,475.130005,475.130005,75033600
2015-06-09,473.559998,475.100006,468.589996,474.700012,474.700012,100220300
2015-06-10,473.899994,483.119995,471.869995,481.450012,481.450012,97224400
2015-06-11,480.470001,489.320007,479.600006,484.880005,484.880005,93894300
2015-06-12,483.179993,483.739990,474.010010,477.760010,477.760010,84200600
2015-06-15,472.940002,475.290009,470.910004,472.890015,472.890015,77025800
2015-06-16,469.399994,476.730011,466.700012,475.170013,475.170013,99485100
2015-06-17,476.649994,477.399994,470.119995,471.559998,471.559998,82570300
2015-06-18,469.589996,472.989990,464.600006,472.970001,472.970001,94451600
2015-06-19,472.790009,479.760010,472.440002,475.429993,475.429993,121695200
2015-06-22,485.170013,490.149994,484.350006,489.720001,489.720001,115736900
2015-06-23,494.279999,497.170013,492.519989,494.450012,494.450012,89996400
2015-06-24,494.760010,495.940002,490.769989,492.619995,492.619995,101579700
2015-06-25,488.910004,497.290009,488.769989,492.390015,492.390015,107525700
2015-06-26,490.130005,496.779999,488.269989,494.470001,494.470001,85222300
2015-06-29,474.500000,483.510010,473.529999,477.149994,477.149994,132012500
2015-06-30,475.549988,480.109985,471.320007,472.579987,472.579987,144468900
2015-07-01,477.839996,486.329987,474.209991,482.829987,482.829987,119725600
2015-07-02,482.489990,483.380005,476.750000,476.959991,476.959991,81516700
2015-07-03,476.959991,478.059998,471.820007,474.140015,474.140015,64875700
2015-07-06,465.179993,471.720001,463.899994,467.250000,467.250000,95713800
2015-07-07,468.369995,468.369995,456.320007,456.640015,456.640015,115306400
2015-07-08,457.779999,461.880005,454.859985,459.040009,459.040009,98647400
2015-07-09,460.709991,471.239990,459.579987,469.970001,469.970001,82580900
2015-07-10,480.730011,482.750000,477.410004,481.390015,481.390015,105245800
2015-07-13,487.029999,490.309998,485.579987,489.899994,489.899994,90269500
2015-07-14,489.980011,493.839996,489.299988,493.839996,493.839996,77151300
2015-07-15,494.399994,497.489990,493.179993,497.130005,497.130005,74721200
2015-07-16,499.649994,503.609985,498.959991,501.010010,501.010010,92174800
2015-07-17,501.540009,502.350006,499.760010,500.429993,500.429993,83795700
2015-07-20,502.570007,506.049988,500.519989,502.079987,502.079987,66820600
2015-07-21,504.149994,504.230011,497.970001,498.760010,498.760010,66275500
2015-07-22,494.720001,498.049988,494.500000,496.119995,496.119995,75634100
2015-07-23,501.040009,501.040009,493.970001,496.350006,496.350006,68364600
2015-07-24,494.670013,498.589996,489.260010,490.040009,490.040009,75790000
2015-07-27,488.220001,489.089996,480.809998,481.519989,481.519989,84770000
2015-07-28,484.730011,487.510010,482.309998,485.769989,485.769989,74750900
2015-07-29,488.049988,490.459991,484.920013,489.290009,489.290009,94252700
2015-07-30,493.480011,495.559998,491.350006,495.170013,495.170013,89706700
2015-07-31,496.309998,496.640015,491.839996,495.230011,495.230011,96356400
2015-08-03,495.399994,501.519989,495.399994,500.429993,500.429993,75052800
2015-08-04,500.140015,500.839996,496.980011,500.019989,500.019989,67761800
2015-08-05,501.730011,504.000000,499.779999,503.480011,503.480011,105442600
2015-08-06,501.720001,503.220001,500.489990,501.230011,501.230011,66293800
2015-08-07,499.290009,500.089996,496.390015,496.609985,496.609985,69585600
2015-08-10,499.239990,500.119995,492.179993,500.040009,500.040009,63346900
2015-08-11,499.320007,499.549988,493.850006,494.359985,494.359985,90357700
2015-08-12,488.410004,488.410004,475.309998,477.420013,477.420013,117192300
2015-08-13,483.559998,484.140015,475.769989,476.989990,476.989990,105526500
2015-08-14,477.049988,479.630005,471.850006,473.890015,473.890015,79049100
2015-08-17,477.420013,479.209991,469.399994,474.299988,474.299988,76798600
2015-08-18,474.049988,480.850006,473.149994,479.010010,479.010010,76719200
2015-08-19,476.200012,476.869995,468.679993,469.239990,469.239990,75872700
2015-08-20,468.000000,468.799988,458.170013,459.170013,459.170013,100505200
2015-08-21,451.179993,456.839996,442.869995,442.869995,442.869995,148517600
2015-08-24,427.220001,431.750000,401.869995,419.679993,419.679993,268394200
2015-08-25,425.660004,440.730011,423.160004,436.679993,436.679993,184958900
2015-08-26,430.459991,438.850006,422.760010,428.730011,428.730011,141056900
2015-08-27,440.209991,445.850006,437.200012,443.359985,443.359985,126403800
2015-08-28,445.290009,446.059998,440.399994,445.959991,445.959991,97245000
2015-08-31,442.390015,446.029999,440.390015,445.029999,445.029999,74763900
2015-09-01,439.950012,441.549988,430.029999,433.529999,433.529999,109179900
2015-09-02,434.630005,438.260010,429.679993,433.559998,433.559998,91882300
2015-09-03,438.519989,447.980011,437.350006,444.549988,444.549988,102951200
2015-09-04,440.799988,440.859985,430.459991,432.940002,432.940002,109392200
2015-09-07,437.170013,439.339996,434.320007,435.500000,435.500000,55523100
2015-09-08,438.079987,445.350006,437.600006,439.480011,439.480011,79092800
2015-09-09,449.489990,451.410004,443.899994,444.260010,444.260010,98156000
2015-09-10,439.799988,443.190002,433.750000,436.209991,436.209991,153672400
2015-09-11,437.839996,437.839996,429.679993,430.230011,430.230011,88294200
2015-09-14,430.790009,435.549988,426.679993,427.880005,427.880005,85783100
2015-09-15,428.739990,434.250000,425.269989,432.149994,432.149994,81204600
2015-09-16,435.829987,439.109985,435.220001,438.500000,438.500000,85335300
2015-09-17,440.660004,441.570007,436.660004,437.630005,437.630005,81881100
2015-09-18,434.980011,434.980011,422.890015,427.320007,427.320007,183918200
2015-09-21,426.679993,435.130005,426.679993,432.799988,432.799988,87214600
2015-09-22,432.730011,432.869995,419.299988,419.980011,419.980011,122391800
2015-09-23,419.510010,425.390015,417.480011,419.119995,419.119995,95202500
2015-09-24,418.750000,420.779999,406.640015,409.859985,409.859985,119916100
2015-09-25,416.820007,425.040009,415.989990,422.799988,422.799988,119053500
2015-09-28,421.220001,422.989990,411.279999,412.320007,412.320007,102262000
2015-09-29,406.480011,414.959991,405.010010,412.109985,412.109985,113878700
2015-09-30,419.640015,422.959991,418.250000,421.140015,421.140015,108274900
2015-10-01,426.769989,428.109985,416.829987,418.829987,418.829987,139887800
2015-10-02,423.179993,428.970001,415.519989,422.579987,422.579987,128784200
2015-10-05,430.489990,438.029999,428.980011,436.899994,436.899994,120812400
2015-10-06,437.570007,443.260010,434.429993,440.720001,440.720001,105975800
2015-10-07,443.309998,446.470001,439.350006,440.589996,440.589996,151202100
2015-10-08,440.390015,442.179993,438.769989,442.079987,442.079987,111485800
2015-10-09,446.540009,446.820007,440.309998,441.649994,441.649994,119474100
2015-10-12,442.570007,443.359985,438.609985,440.049988,440.049988,88114800
2015-10-13,438.989990,439.190002,433.089996,438.250000,438.250000,107046900
2015-10-14,433.570007,438.239990,431.230011,434.320007,434.320007,96155600
2015-10-15,440.309998,445.029999,439.079987,443.700012,443.700012,101996800
2015-10-16,446.809998,448.339996,445.489990,447.859985,447.859985,99391400
2015-10-19,447.380005,452.220001,447.329987,449.309998,449.309998,68719700
2015-10-20,449.089996,449.799988,444.989990,447.269989,447.269989,104258900
2015-10-21,448.760010,451.429993,444.839996,449.779999,449.779999,96430400
2015-10-22,448.170013,459.109985,447.429993,457.970001,457.970001,115604300
2015-10-23,461.899994,468.640015,460.929993,465.049988,465.049988,127559200
2015-10-26,463.489990,466.149994,461.559998,462.869995,462.869995,80470500
2015-10-27,462.589996,463.799988,458.429993,458.429993,458.429993,105915800
2015-10-28,459.510010,464.290009,458.730011,463.209991,463.209991,96604600
2015-10-29,463.809998,464.769989,460.260010,462.989990,462.989990,101859200
2015-10-30,464.170013,464.959991,458.269989,462.119995,462.119995,88366500
2015-11-02,457.839996,465.570007,457.839996,464.579987,464.579987,82590000
2015-11-03,465.589996,466.850006,464.079987,466.850006,466.850006,89326100
2015-11-04,469.779999,473.029999,468.559998,468.839996,468.839996,113463600
2015-11-05,470.010010,471.309998,465.579987,466.600006,466.600006,105636400
2015-11-06,466.540009,472.489990,465.049988,469.829987,469.829987,116988700
2015-11-09,470.899994,471.989990,464.609985,465.010010,465.010010,91737300
2015-11-10,467.130005,467.829987,461.130005,465.200012,465.200012,113174500
2015-11-11,466.429993,472.070007,466.410004,469.200012,469.200012,118475300
2015-11-12,466.959991,470.149994,459.239990,459.850006,459.850006,130061200
2015-11-13,457.600006,459.160004,449.609985,453.549988,453.549988,109736300
2015-11-16,448.359985,455.839996,448.359985,454.290009,454.290009,90990400
2015-11-17,459.660004,466.829987,458.690002,466.540009,466.540009,103404800
2015-11-18,464.089996,466.429993,462.950012,465.929993,465.929993,89367600
2015-11-19,470.119995,472.540009,468.369995,469.000000,469.000000,100849300
2015-11-20,470.910004,470.959991,466.339996,468.690002,468.690002,96221900
2015-11-23,467.959991,467.959991,463.489990,466.179993,466.179993,83664400
2015-11-24,463.760010,463.760010,455.320007,461.290009,461.290009,99146600
2015-11-25,462.420013,469.440002,461.079987,468.070007,468.070007,101811500
2015-11-26,468.320007,472.489990,467.609985,472.239990,472.239990,84815100
2015-11-27,470.339996,474.869995,469.160004,472.170013,472.170013,77016100
2015-11-30,470.920013,473.230011,469.230011,469.519989,469.519989,136355400
2015-12-01,471.220001,471.959991,465.350006,467.320007,467.320007,90777600
2015-12-02,468.429993,470.109985,466.480011,467.059998,467.059998,117251900
2015-12-03,466.640015,471.660004,449.920013,449.920013,449.920013,180057300
2015-12-04,448.600006,449.429993,443.700012,446.929993,446.929993,129220200
2015-12-07,450.380005,454.220001,447.470001,448.459991,448.459991,93646200
2015-12-08,447.440002,448.190002,439.119995,441.609985,441.609985,122405500
2015-12-09,442.920013,445.019989,437.779999,440.850006,440.850006,134506900
2015-12-10,439.420013,441.160004,436.059998,437.839996,437.839996,104500000
2015-12-11,436.899994,436.899994,426.600006,429.100006,429.100006,118925400
2015-12-14,430.920013,433.899994,419.790009,420.660004,420.660004,114781600
2015-12-15,423.799988,434.399994,423.380005,433.630005,433.630005,123695000
2015-12-16,434.739990,436.920013,431.329987,433.829987,433.829987,102316700
2015-12-17,442.690002,444.670013,438.059998,438.970001,438.970001,117852700
2015-12-18,434.790009,437.299988,431.579987,434.149994,434.149994,152253600
2015-12-21,433.220001,438.440002,428.480011,428.480011,428.480011,82968700
2015-12-22,432.119995,432.880005,425.549988,430.970001,430.970001,81641300
2015-12-23,435.829987,445.179993,435.790009,443.720001,443.720001,93574200
2015-12-24,443.649994,444.119995,442.320007,444.119995,444.119995,16474600
2015-12-28,445.049988,445.570007,439.329987,440.489990,440.489990,42016000
2015-12-29,443.160004,447.700012,443.160004,447.700012,447.700012,60360000
2015-12-30,446.500000,448.850006,445.299988,446.190002,446.190002,51494700
2016-01-04,436.970001,436.970001,427.220001,431.700012,431.700012,100628200
2016-01-05,436.140015,436.720001,428.690002,435.000000,435.000000,89035800
2016-01-06,433.649994,433.950012,424.640015,428.760010,428.760010,98948900
2016-01-07,417.339996,423.290009,411.970001,420.760010,420.760010,132507500
2016-01-08,421.220001,423.059998,410.820007,410.820007,410.820007,126101000
2016-01-11,410.709991,415.869995,409.079987,411.309998,411.309998,110496400
2016-01-12,411.299988,420.839996,410.089996,416.410004,416.410004,121133500
2016-01-13,421.019989,425.910004,416.290009,418.049988,418.049988,135361300
2016-01-14,413.630005,416.769989,404.579987,413.380005,413.380005,144016100
2016-01-15,411.399994,414.200012,399.880005,403.570007,403.570007,151124300
2016-01-18,402.309998,407.950012,398.709991,401.989990,401.989990,104646500
2016-01-19,410.049988,411.950012,406.269989,407.679993,407.679993,113624000
2016-01-20,399.100006,400.649994,392.440002,395.720001,395.720001,149017000
2016-01-21,397.519989,407.809998,396.359985,406.489990,406.489990,162841700
2016-01-22,414.589996,422.179993,412.880005,419.279999,419.279999,138820700
2016-01-25,422.559998,422.559998,415.660004,418.070007,418.070007,102195600
2016-01-26,411.619995,422.739990,410.010010,421.970001,421.970001,142292500
2016-01-27,421.390015,424.410004,416.989990,424.410004,424.410004,111131200
2016-01-28,423.500000,427.119995,416.920013,420.100006,420.100006,149400700
2016-01-29,426.480011,431.279999,421.989990,431.279999,431.279999,140790100
2016-02-01,433.850006,433.850006,425.609985,429.679993,429.679993,106713200
2016-02-02,428.500000,428.500000,417.769989,420.649994,420.649994,134099700
2016-02-03,419.820007,422.700012,411.320007,416.209991,416.209991,154631800
2016-02-04,422.799988,424.529999,415.910004,417.940002,417.940002,178813800
2016-02-05,417.250000,420.450012,412.720001,413.940002,413.940002,171371100
2016-02-08,415.829987,416.470001,398.570007,400.609985,400.609985,164598500
2016-02-09,401.519989,403.619995,388.640015,392.579987,392.579987,198997800
2016-02-10,395.170013,400.899994,391.059998,394.630005,394.630005,152582700
2016-02-11,390.630005,390.630005,378.529999,382.609985,382.609985,171275500
2016-02-12,387.540009,391.859985,385.239990,391.859985,391.859985,162015700
2016-02-15,400.869995,405.559998,399.440002,403.959991,403.959991,114492300
2016-02-16,407.200012,408.149994,401.149994,403.269989,403.269989,118069600
2016-02-17,404.700012,414.750000,403.980011,414.750000,414.750000,127636400
2016-02-18,416.410004,419.000000,412.549988,413.790009,413.790009,125030100
2016-02-19,413.769989,416.070007,408.799988,411.959991,411.959991,113263200
2016-02-22,416.529999,421.540009,416.529999,420.690002,420.690002,104191000
2016-02-23,417.769989,420.470001,415.420013,415.429993,415.429993,100397700
2016-02-24,414.859985,415.369995,405.600006,407.519989,407.519989,113238700
2016-02-25,413.890015,418.950012,411.609985,415.380005,415.380005,102565700
2016-02-26,420.399994,425.809998,419.640015,422.660004,422.660004,114833500
2016-02-29,419.390015,427.809998,418.059998,427.269989,427.269989,115785800
2016-03-01,426.790009,436.809998,425.829987,436.809998,436.809998,129326700
2016-03-02,439.600006,439.809998,432.339996,436.309998,436.309998,120934300
2016-03-03,437.880005,437.880005,431.980011,433.950012,433.950012,120194300
2016-03-04,436.309998,440.739990,434.890015,437.989990,437.989990,122927200
2016-03-07,437.019989,438.619995,433.040009,436.000000,436.000000,120129400
2016-03-08,433.359985,436.179993,429.880005,432.890015,432.890015,101365300
2016-03-09,433.660004,438.160004,433.070007,435.559998,435.559998,105755900
2016-03-10,436.750000,449.619995,430.179993,430.179993,430.179993,174269800
2016-03-11,437.959991,442.989990,436.799988,441.750000,441.750000,132991700
2016-03-14,444.519989,447.029999,441.980011,444.079987,444.079987,121544600
2016-03-15,441.640015,443.190002,439.570007,442.000000,442.000000,113623900
2016-03-16,443.700012,445.390015,440.640015,443.829987,443.829987,113527000
2016-03-17,447.250000,447.350006,435.730011,444.059998,444.059998,148018000
2016-03-18,445.760010,446.350006,442.049988,444.790009,444.790009,170638500
2016-03-21,441.769989,446.980011,441.059998,443.829987,443.829987,86350200
2016-03-22,441.890015,443.119995,437.049988,443.119995,443.119995,100851200
2016-03-23,443.459991,445.589996,440.940002,443.359985,443.359985,92050200
2016-03-24,439.950012,440.980011,435.850006,437.489990,437.489990,101309000
2016-03-29,439.880005,442.820007,438.000000,440.369995,440.369995,76106000
2016-03-30,442.279999,448.820007,442.279999,446.239990,446.239990,93325400
2016-03-31,444.049988,444.049988,439.579987,440.109985,440.109985,98346900
2016-04-01,434.859985,434.910004,428.510010,434.480011,434.480011,127504100
2016-04-04,433.190002,439.950012,430.839996,436.079987,436.079987,92058100
2016-04-05,430.279999,430.959991,426.750000,428.850006,428.850006,107607900
2016-04-06,429.989990,431.079987,427.769989,431.010010,431.010010,85862800
2016-04-07,432.200012,433.940002,427.959991,428.730011,428.730011,85304100
2016-04-08,430.390015,434.630005,430.390015,434.160004,434.160004,97183800
2016-04-11,433.739990,438.440002,430.820007,436.559998,436.559998,104929300
2016-04-12,438.100006,439.970001,434.049988,439.500000,439.500000,108312500
2016-04-13,444.130005,450.089996,444.130005,450.089996,450.089996,150987400
2016-04-14,449.899994,452.230011,448.769989,451.040009,451.040009,120642600
2016-04-15,449.880005,451.450012,448.890015,450.589996,450.589996,120275400
2016-04-18,444.769989,451.579987,444.119995,450.809998,450.809998,92533500
2016-04-19,452.290009,456.890015,452.040009,456.459991,456.459991,112881200
2016-04-20,455.480011,457.429993,454.149994,456.200012,456.200012,119760900
2016-04-21,456.940002,458.019989,451.290009,453.470001,453.470001,126846400
2016-04-22,452.709991,452.890015,449.619995,451.540009,451.540009,96550100
2016-04-25,450.760010,451.239990,445.609985,446.769989,446.769989,99676800
2016-04-26,449.029999,451.010010,446.470001,447.640015,447.640015,95592500
2016-04-27,445.290009,448.820007,445.290009,448.369995,448.369995,97674600
2016-04-28,445.559998,450.829987,442.130005,450.309998,450.309998,94787200
2016-04-29,446.070007,446.420013,439.269989,439.679993,439.679993,120543800
2016-05-02,441.029999,441.600006,438.910004,441.200012,441.200012,56212000
2016-05-03,439.890015,439.890015,431.059998,433.339996,433.339996,108216500
2016-05-04,433.470001,434.359985,428.320007,428.920013,428.920013,107651900
2016-05-05,430.470001,432.529999,428.989990,431.239990,431.239990,76012000
2016-05-06,428.989990,431.839996,425.779999,431.320007,431.320007,107650700
2016-05-09,434.190002,436.760010,430.890015,431.579987,431.579987,110434800
2016-05-10,434.829987,440.049988,433.890015,436.269989,436.269989,109698300
2016-05-11,435.429993,435.709991,431.359985,434.709991,434.709991,95098200
2016-05-12,432.010010,438.040009,430.359985,430.890015,430.890015,110389300
2016-05-13,428.350006,433.859985,426.950012,433.519989,433.519989,101994400
2016-05-16,429.769989,434.250000,428.279999,433.739990,433.739990,60029200
2016-05-17,436.339996,438.329987,430.790009,432.299988,432.299988,99704800
2016-05-18,429.579987,434.529999,429.140015,434.459991,434.459991,97355500
2016-05-19,432.260010,432.260010,427.200012,428.269989,428.269989,107309100
2016-05-20,432.309998,434.519989,432.019989,434.359985,434.359985,86049000
2016-05-23,434.170013,435.750000,430.470001,432.570007,432.570007,75895600
2016-05-24,431.709991,443.059998,430.540009,441.660004,441.660004,93358900
2016-05-25,445.209991,448.549988,444.079987,447.220001,447.220001,94580200
2016-05-26,446.600006,449.480011,446.600006,449.089996,449.089996,101669900
2016-05-27,448.309998,450.940002,448.130005,450.940002,450.940002,78311100
2016-05-30,451.720001,451.839996,449.350006,451.790009,451.790009,34967400
2016-05-31,452.420013,453.070007,447.309998,447.869995,447.869995,143485500
2016-06-01,447.140015,448.420013,444.140015,446.779999,446.779999,92660100
2016-06-02,447.390015,449.829987,446.440002,447.589996,447.589996,89285400
2016-06-03,449.529999,452.079987,443.130005,445.309998,445.309998,87136900
2016-06-06,445.179993,447.959991,445.179993,446.440002,446.440002,62345400
2016-06-07,447.959991,452.179993,447.750000,451.579987,451.579987,90285300
2016-06-08,450.100006,451.250000,448.880005,450.149994,450.149994,81731000
2016-06-09,449.309998,449.339996,444.600006,446.100006,446.100006,79048200
2016-06-10,444.750000,444.769989,435.630005,435.769989,435.769989,96380100
2016-06-13,430.859985,432.299988,427.690002,428.200012,428.200012,101081600
2016-06-14,422.790009,424.470001,418.769989,419.079987,419.079987,118146100
2016-06-15,422.799988,424.200012,419.549988,419.549988,419.549988,114659100
2016-06-16,415.160004,419.399994,414.510010,418.510010,418.510010,107255200
2016-06-17,421.559998,423.790009,419.640015,421.769989,421.769989,210263500
2016-06-20,432.200012,437.920013,431.890015,436.500000,436.500000,111369600
2016-06-21,436.010010,442.029999,434.899994,440.390015,440.390015,93003100
2016-06-22,443.230011,444.510010,439.940002,441.250000,441.250000,82473500
2016-06-23,443.640015,453.299988,442.980011,449.859985,449.859985,115242500
2016-06-24,420.559998,432.589996,409.230011,424.200012,424.200012,322839100
2016-06-27,419.209991,422.769989,410.209991,411.619995,411.619995,203953300
2016-06-28,420.230011,421.640015,416.970001,417.510010,417.510010,148234600
2016-06-29,422.880005,430.079987,422.429993,430.079987,430.079987,130784700
2016-06-30,429.579987,436.630005,427.760010,435.880005,435.880005,137005500
2016-07-01,438.359985,440.299988,434.059998,438.850006,438.850006,108991900
2016-07-04,440.230011,440.429993,434.190002,435.119995,435.119995,75672900
2016-07-05,431.950012,433.940002,429.000000,430.410004,430.410004,109952800
2016-07-06,427.380005,430.459991,419.450012,422.179993,422.179993,128887700
2016-07-07,424.670013,429.170013,424.670013,426.329987,426.329987,88414700
2016-07-08,425.429993,434.600006,424.299988,433.769989,433.769989,109242400
2016-07-11,437.959991,441.209991,435.079987,440.750000,440.750000,97376900
2016-07-12,441.130005,446.160004,441.119995,445.440002,445.440002,122165900
2016-07-13,444.700012,447.760010,444.450012,444.450012,444.450012,119334200
2016-07-14,448.309998,451.079987,447.019989,448.190002,448.190002,101434400
2016-07-15,447.130005,448.700012,444.929993,447.510010,447.510010,94434200
2016-07-18,447.690002,450.799988,446.190002,448.320007,448.320007,82496300
2016-07-19,447.589996,448.470001,444.320007,447.850006,447.850006,87390300
2016-07-20,450.570007,453.459991,448.359985,452.179993,452.179993,87010700
2016-07-21,453.690002,454.489990,448.850006,451.970001,451.970001,93894500
2016-07-22,451.220001,453.820007,449.299988,453.350006,453.350006,78500900
2016-07-25,453.559998,456.369995,451.500000,452.839996,452.839996,85500800
2016-07-26,452.420013,454.790009,450.290009,454.059998,454.059998,89072700
2016-07-27,455.380005,456.779999,452.609985,452.980011,452.980011,113706000
2016-07-28,451.260010,453.410004,447.820007,447.820007,447.820007,113931500
2016-07-29,449.160004,450.160004,446.779999,449.829987,449.829987,127589300
2016-08-01,451.450012,451.670013,444.079987,444.970001,444.970001,96248900
2016-08-02,443.220001,444.149994,437.850006,438.609985,438.609985,114140000
2016-08-03,440.640015,441.670013,437.850006,440.359985,440.359985,119442300
2016-08-04,441.970001,446.029999,441.420013,444.470001,444.470001,104576800
2016-08-05,444.470001,449.489990,444.290009,448.119995,448.119995,91895500
2016-08-08,448.709991,450.299988,447.959991,449.070007,449.070007,74695900
2016-08-09,449.179993,453.950012,449.130005,453.799988,453.799988,78063200
2016-08-10,452.089996,453.940002,451.470001,452.010010,452.010010,78457500
2016-08-11,452.570007,455.500000,449.619995,455.500000,455.500000,81576000
2016-08-12,455.029999,456.290009,453.600006,454.089996,454.089996,67895400
2016-08-15,454.880005,456.440002,453.989990,454.510010,454.510010,51855800
2016-08-16,452.489990,454.440002,450.910004,451.399994,451.399994,81251000
2016-08-17,451.029999,451.549988,446.350006,447.570007,447.570007,76683200
2016-08-18,451.130005,451.739990,450.089996,451.690002,451.690002,76618800
2016-08-19,450.910004,451.179993,446.920013,448.720001,448.720001,82474600
2016-08-22,448.040009,451.920013,446.119995,447.630005,447.630005,72131400
2016-08-23,449.420013,453.339996,449.209991,452.179993,452.179993,70544900
2016-08-24,449.670013,454.170013,448.459991,452.170013,452.170013,69963000
2016-08-25,450.429993,450.910004,447.959991,449.940002,449.940002,75187300
2016-08-26,449.450012,453.709991,448.429993,453.010010,453.010010,67488100
2016-08-29,451.290009,452.720001,448.549988,452.149994,452.149994,44754500
2016-08-30,453.730011,457.700012,453.369995,455.820007,455.820007,75506400
2016-08-31,455.559998,457.920013,454.220001,454.380005,454.380005,108514800
2016-09-01,455.720001,458.679993,452.500000,453.869995,453.869995,104876700
2016-09-02,455.309998,464.470001,454.250000,463.600006,463.600006,117996600
2016-09-05,465.209991,466.170013,463.440002,464.130005,464.130005,82234100
2016-09-06,465.049988,465.109985,460.500000,461.109985,461.109985,81648800
2016-09-07,462.029999,463.760010,461.410004,463.269989,463.269989,77003800
2016-09-08,461.989990,462.369995,455.049988,459.500000,459.500000,98270600
2016-09-09,457.779999,458.809998,451.540009,452.880005,452.880005,91842900
2016-09-12,445.829987,447.600006,442.839996,447.600006,447.600006,93966700
2016-09-13,449.790009,450.140015,442.350006,442.609985,442.609985,85821800
2016-09-14,444.570007,444.880005,440.600006,441.029999,441.029999,101303000
2016-09-15,440.559998,443.420013,439.929993,443.200012,443.200012,85796300
2016-09-16,442.339996,443.720001,437.619995,439.070007,439.070007,202078700
2016-09-19,442.640015,445.489990,442.309998,444.700012,444.700012,72690800
2016-09-20,443.779999,446.519989,443.220001,444.450012,444.450012,71188100
2016-09-21,448.649994,450.149994,446.880005,447.529999,447.529999,88863000
2016-09-22,450.790009,457.880005,450.480011,455.510010,455.510010,107095300
2016-09-23,454.290009,455.609985,453.529999,454.480011,454.480011,83216500
2016-09-26,451.510010,451.619995,446.859985,447.869995,447.869995,81790200
2016-09-27,450.839996,451.100006,444.140015,447.829987,447.829987,85645300
2016-09-28,448.820007,453.320007,448.820007,450.269989,450.269989,77145000
2016-09-29,456.040009,456.750000,450.690002,451.549988,451.549988,92959100
2016-09-30,446.380005,453.649994,442.709991,452.329987,452.329987,129840200
2016-10-03,452.549988,454.709991,451.420013,452.989990,452.989990,61350200
2016-10-04,453.489990,460.079987,453.170013,458.320007,458.320007,98456600
2016-10-05,454.600006,456.660004,452.100006,456.059998,456.059998,109052200
2016-10-06,457.470001,457.570007,454.640015,454.820007,454.820007,107453700
2016-10-07,455.640015,455.640015,449.950012,450.059998,450.059998,125665000
2016-10-10,450.709991,455.579987,448.829987,455.239990,455.239990,86096600
2016-10-11,454.109985,456.940002,450.910004,451.250000,451.250000,87833500
2016-10-12,451.609985,452.730011,450.130005,450.660004,450.660004,89187800
2016-10-13,447.320007,447.320007,442.720001,445.200012,445.200012,120737400
2016-10-14,446.679993,453.369995,446.410004,450.500000,450.500000,96816000
2016-10-17,448.850006,450.730011,446.899994,448.040009,448.040009,71355300
2016-10-18,450.670013,454.420013,450.529999,453.130005,453.130005,89688300
2016-10-19,454.109985,455.549988,452.359985,454.679993,454.679993,84767500
2016-10-20,455.399994,457.179993,452.359985,456.059998,456.059998,94499700
2016-10-21,457.070007,458.609985,455.019989,457.399994,457.399994,106088900
2016-10-24,459.630005,463.029999,459.359985,459.750000,459.750000,84315600
2016-10-25,460.679993,462.059998,458.529999,459.290009,459.290009,93193700
2016-10-26,457.760010,458.119995,453.130005,455.820007,455.820007,94090500
2016-10-27,454.910004,459.269989,453.470001,455.709991,455.709991,110793200
2016-10-28,450.750000,455.869995,449.209991,455.380005,455.380005,93443700
2016-10-31,453.250000,454.670013,451.420013,452.589996,452.589996,87002800
2016-11-01,456.320007,457.540009,449.399994,449.709991,449.709991,93953800
2016-11-02,447.000000,447.000000,443.480011,443.769989,443.769989,105107100
2016-11-03,445.220001,447.420013,442.309998,442.309998,442.309998,97630600
2016-11-04,440.429993,441.679993,438.190002,440.510010,440.510010,96443600
2016-11-07,445.989990,448.220001,445.350006,448.220001,448.220001,81020000
2016-11-08,447.670013,450.790009,446.880005,450.179993,450.179993,101345200
2016-11-09,437.209991,454.420013,436.279999,454.359985,454.359985,212442900
2016-11-10,456.760010,459.570007,447.859985,450.010010,450.010010,208444600
2016-11-11,452.609985,453.279999,444.200012,445.410004,445.410004,131278800
2016-11-14,449.570007,451.570007,445.790009,446.760010,446.760010,135575300
2016-11-15,449.220001,451.519989,448.660004,450.540009,450.540009,115565600
2016-11-16,452.380005,453.049988,447.290009,449.660004,449.660004,108308800
2016-11-17,448.459991,451.829987,447.269989,451.820007,451.820007,111409200
2016-11-18,453.149994,453.779999,449.049988,450.679993,450.679993,106449400
2016-11-21,452.670013,454.130005,448.420013,453.029999,453.029999,93764700
2016-11-22,456.720001,458.450012,455.989990,456.399994,456.399994,138909800
2016-11-23,457.839996,459.059998,454.739990,456.410004,456.410004,114421500
2016-11-24,457.859985,458.510010,455.619995,457.440002,457.440002,61943700
2016-11-25,458.049988,458.410004,455.859985,457.989990,457.989990,60711500
2016-11-28,455.899994,456.570007,451.510010,452.709991,452.709991,78994000
2016-11-29,451.260010,453.339996,449.510010,452.500000,452.500000,87212000
2016-11-30,452.299988,458.910004,451.359985,457.209991,457.209991,154320500
2016-12-01,455.890015,457.359985,452.299988,453.600006,453.600006,122195600
2016-12-02,450.059998,450.739990,445.649994,449.600006,449.600006,104927800
2016-12-05,447.589996,457.910004,447.429993,454.470001,454.470001,120649000
2016-12-06,455.100006,459.820007,453.640015,459.309998,459.309998,110997500
2016-12-07,462.799988,463.230011,460.730011,462.109985,462.109985,131499100
2016-12-08,463.440002,467.390015,462.029999,466.670013,466.670013,149680200
2016-12-09,467.040009,470.450012,466.950012,469.769989,469.769989,110485000
2016-12-12,470.839996,472.209991,469.070007,470.380005,470.380005,99722600
2016-12-13,470.690002,474.329987,470.010010,473.649994,473.649994,106285400
2016-12-14,472.549988,473.880005,472.200012,472.200012,472.200012,97599600
2016-12-15,473.519989,477.170013,473.179993,476.519989,476.519989,136460300
2016-12-16,476.579987,479.730011,475.540009,477.700012,477.700012,152710900
2016-12-19,477.760010,480.410004,477.760010,480.350006,480.350006,87672300
2016-12-20,480.750000,484.160004,480.420013,484.040009,484.040009,78071400
2016-12-21,483.209991,484.209991,481.709991,483.209991,483.209991,63157400
2016-12-22,481.910004,482.929993,481.239990,482.470001,482.470001,54306000
2016-12-23,483.000000,483.670013,482.269989,482.859985,482.859985,41880200
2016-12-27,483.119995,484.100006,482.820007,483.579987,483.579987,30094500
2016-12-28,483.429993,484.200012,482.989990,484.200012,484.200012,45665000
2016-12-29,481.690002,483.079987,481.480011,482.459991,482.459991,46510300
2016-12-30,482.209991,483.540009,480.540009,483.170013,483.170013,44606400
2017-01-02,481.160004,487.100006,481.010010,486.369995,486.369995,35770100
2017-01-03,488.070007,489.910004,487.309998,487.989990,487.989990,79701500
2017-01-04,489.679993,489.679993,486.510010,487.579987,487.579987,81563200
2017-01-05,486.500000,488.320007,485.779999,486.929993,486.929993,81001600
2017-01-06,486.589996,487.339996,485.059998,487.000000,487.000000,57369100
2017-01-09,487.750000,487.750000,484.019989,485.100006,485.100006,67218500
2017-01-10,485.260010,486.230011,483.019989,484.739990,484.739990,94026600
2017-01-11,484.410004,488.859985,482.899994,486.579987,486.579987,86787300
2017-01-12,485.170013,486.480011,482.410004,483.089996,483.089996,84997200
2017-01-13,485.679993,488.109985,484.850006,488.089996,488.089996,68699100
2017-01-16,485.220001,486.170013,484.070007,484.130005,484.130005,54580000
2017-01-17,482.339996,484.059998,480.529999,481.769989,481.769989,68293200
2017-01-18,484.730011,485.440002,481.869995,484.750000,484.750000,80006700
2017-01-19,486.570007,486.589996,482.690002,484.640015,484.640015,81100700
2017-01-20,484.559998,487.959991,483.380005,485.980011,485.980011,98200700
2017-01-23,483.890015,485.450012,481.299988,482.709991,482.709991,71580100
2017-01-24,482.940002,483.929993,482.059998,483.049988,483.049988,90070300
2017-01-25,486.359985,489.079987,485.649994,488.029999,488.029999,103752800
2017-01-26,488.290009,488.649994,485.179993,486.450012,486.450012,95245700
2017-01-27,486.390015,486.600006,484.429993,485.869995,485.869995,73622900
2017-01-30,484.420013,485.420013,478.119995,479.529999,479.529999,81036900
2017-01-31,479.970001,482.850006,476.709991,476.709991,476.709991,92991700
2017-02-01,480.190002,482.500000,479.380005,479.649994,479.649994,104200600
2017-02-02,480.230011,484.230011,479.579987,482.190002,482.190002,117018500
2017-02-03,483.380005,487.260010,482.359985,485.920013,485.920013,99132500
2017-02-06,486.579987,487.299988,481.950012,482.079987,482.079987,75567300
2017-02-07,481.700012,485.989990,481.700012,484.279999,484.279999,71267700
2017-02-08,485.859985,485.859985,480.230011,483.510010,483.510010,95516000
2017-02-09,484.619995,489.119995,484.570007,488.500000,488.500000,102501500
2017-02-10,490.670013,490.859985,487.929993,489.559998,489.559998,121559500
2017-02-13,491.309998,495.179993,490.989990,494.049988,494.049988,93197100
2017-02-14,494.739990,495.040009,493.290009,494.619995,494.619995,79075300
2017-02-15,496.459991,497.140015,494.609985,496.660004,496.660004,89396900
2017-02-16,494.820007,495.839996,492.929993,493.980011,493.980011,90426300
2017-02-17,493.119995,499.079987,489.799988,499.079987,499.079987,144244800
2017-02-20,496.670013,497.290009,494.220001,495.660004,495.660004,71717300
2017-02-21,495.220001,499.130005,494.519989,498.570007,498.570007,78480000
2017-02-22,499.609985,500.940002,496.940002,499.109985,499.109985,97884700
2017-02-23,498.920013,500.579987,497.059998,497.630005,497.630005,94218800
2017-02-24,497.290009,497.619995,491.190002,494.899994,494.899994,116904000
2017-02-27,496.600006,497.250000,494.059998,494.809998,494.809998,75699900
2017-02-28,496.230011,496.570007,491.869995,495.350006,495.350006,91261700
2017-03-01,499.140015,505.500000,498.940002,505.040009,505.040009,107669500
2017-03-02,505.369995,505.369995,502.440002,503.790009,503.790009,88016100
2017-03-03,502.350006,506.040009,501.980011,505.859985,505.859985,111904200
2017-03-06,503.809998,503.970001,501.459991,503.649994,503.649994,69512100
2017-03-07,503.899994,504.959991,502.350006,502.950012,502.950012,64972200
2017-03-08,502.339996,503.750000,501.000000,502.799988,502.799988,83962000
2017-03-09,504.529999,508.190002,503.929993,507.739990,507.739990,126488200
2017-03-10,510.170013,514.039978,509.450012,511.140015,511.140015,109882100
2017-03-13,511.619995,513.090027,510.630005,511.899994,511.899994,77613400
2017-03-14,512.349976,512.349976,508.670013,510.059998,510.059998,91845500
2017-03-15,511.489990,513.250000,511.109985,511.660004,511.660004,84935300
2017-03-16,516.109985,516.109985,513.270020,514.530029,514.530029,111944100
2017-03-17,513.369995,516.900024,512.969971,516.239990,516.239990,137061100
2017-03-20,514.760010,516.539978,514.619995,515.090027,515.090027,62902400
2017-03-21,517.150024,518.880005,512.429993,513.590027,513.590027,94881400
2017-03-22,510.809998,511.200012,506.390015,509.519989,509.519989,132643200
2017-03-23,509.570007,512.979980,508.130005,512.619995,512.619995,96454700
2017-03-24,512.500000,512.799988,510.410004,511.529999,511.529999,92914200
2017-03-27,506.649994,509.559998,506.230011,509.320007,509.320007,101552400
2017-03-28,510.899994,512.150024,508.890015,512.150024,512.150024,73286300
2017-03-29,513.820007,514.700012,511.670013,513.580017,513.580017,86785800
2017-03-30,513.710022,515.729980,513.090027,515.729980,515.729980,74519100
2017-03-31,514.599976,516.539978,513.760010,516.539978,516.539978,94663200
2017-04-03,517.520020,518.320007,513.250000,513.450012,513.450012,83883400
2017-04-04,513.460022,514.380005,512.119995,514.049988,514.049988,77869700
2017-04-05,515.070007,517.369995,514.559998,514.890015,514.890015,84498700
2017-04-06,511.480011,516.559998,510.859985,516.299988,516.299988,84187900
2017-04-07,515.580017,518.700012,514.219971,518.700012,518.700012,87415800
2017-04-10,519.510010,519.760010,516.979980,519.159973,519.159973,66119400
2017-04-11,517.599976,520.309998,515.710022,518.400024,518.400024,91743300
2017-04-12,519.340027,521.479980,517.520020,517.809998,517.809998,97885600
2017-04-13,516.330017,516.880005,514.710022,515.770020,515.770020,75051800
2017-04-18,515.549988,516.090027,509.519989,509.730011,509.730011,125086000
2017-04-19,511.399994,514.390015,509.760010,511.279999,511.279999,122048700
2017-04-20,510.170013,513.989990,509.399994,511.720001,511.720001,99882800
2017-04-21,512.700012,513.619995,510.130005,512.190002,512.190002,131561300
2017-04-24,522.210022,525.020020,520.989990,523.729980,523.729980,169061000
2017-04-25,525.609985,526.250000,523.520020,524.049988,524.049988,112972100
2017-04-26,523.880005,524.919983,522.539978,524.460022,524.460022,121254800
2017-04-27,522.409973,522.469971,520.969971,521.890015,521.890015,107925600
2017-04-28,520.559998,522.190002,520.080017,521.130005,521.130005,125508000
2017-05-02,522.400024,525.820007,521.789978,525.479980,525.479980,106867800
2017-05-03,524.609985,525.200012,523.859985,525.200012,525.200012,86823500
2017-05-04,527.530029,528.760010,525.770020,528.440002,528.440002,127029600
2017-05-05,527.000000,533.270020,526.619995,533.270020,533.270020,121041100
2017-05-08,534.080017,535.049988,531.789978,534.309998,534.309998,113304500
2017-05-09,535.320007,537.840027,535.320007,536.260010,536.260010,100627900
2017-05-10,535.270020,535.859985,534.179993,535.659973,535.659973,114814000
2017-05-11,536.780029,537.229980,532.500000,534.239990,534.239990,152812400
2017-05-12,534.640015,534.869995,533.130005,534.710022,534.710022,179749000
2017-05-15,535.349976,536.119995,533.919983,535.409973,535.409973,106337500
2017-05-16,535.179993,536.340027,534.109985,535.760010,535.760010,96988000
2017-05-17,532.809998,535.130005,527.640015,529.059998,529.059998,127457500
2017-05-18,527.070007,527.570007,519.479980,524.520020,524.520020,132147600
2017-05-19,525.900024,527.479980,524.469971,526.919983,526.919983,91590000
2017-05-22,528.489990,528.890015,526.890015,527.849976,527.849976,103453300
2017-05-23,526.630005,529.450012,525.869995,528.169983,528.169983,83782400
2017-05-24,528.039978,529.039978,527.109985,527.869995,527.869995,67638500
2017-05-25,528.880005,529.280029,525.090027,527.460022,527.460022,64690000
2017-05-26,526.739990,528.210022,525.000000,528.030029,528.030029,75187400
2017-05-29,526.989990,527.780029,526.369995,527.729980,527.729980,35196700
2017-05-30,525.549988,527.369995,524.119995,525.710022,525.710022,73178100
2017-05-31,525.599976,527.619995,524.070007,524.070007,524.070007,115300600
2017-06-01,524.109985,527.960022,523.460022,527.030029,527.030029,90157300
2017-06-02,529.619995,531.609985,525.919983,526.739990,526.739990,93145000
2017-06-05,526.429993,526.650024,523.789978,524.440002,524.440002,50127100
2017-06-06,523.059998,523.530029,520.969971,521.710022,521.710022,72744300
2017-06-07,521.710022,527.380005,520.590027,523.099976,523.099976,78064100
2017-06-08,523.570007,525.890015,523.219971,523.549988,523.549988,81393000
2017-06-09,524.559998,527.820007,523.489990,527.299988,527.299988,82909100
2017-06-12,525.210022,525.400024,521.429993,521.890015,521.890015,81111200
2017-06-13,523.380005,524.380005,522.200012,523.390015,523.390015,69378300
2017-06-14,524.840027,528.059998,521.710022,521.710022,521.710022,104974600
2017-06-15,521.070007,521.169983,515.840027,518.750000,518.750000,116949800
2017-06-16,520.200012,522.000000,518.280029,520.669983,520.669983,163019900
2017-06-19,524.650024,527.419983,524.590027,525.869995,525.869995,93655400
2017-06-20,528.049988,528.539978,520.880005,520.880005,520.880005,90467100
2017-06-21,519.599976,520.940002,515.330017,520.479980,520.479980,90644200
2017-06-22,519.200012,519.419983,516.239990,519.390015,519.390015,91882700
2017-06-23,518.320007,519.619995,516.099976,519.500000,519.500000,98274300
2017-06-26,521.760010,524.169983,520.590027,520.619995,520.619995,78243700
2017-06-27,520.349976,521.500000,516.929993,518.729980,518.729980,100124000
2017-06-28,515.000000,518.210022,512.099976,516.390015,516.390015,179424100
2017-06-29,518.500000,519.330017,507.519989,508.529999,508.529999,133065600
2017-06-30,508.720001,512.340027,506.910004,507.149994,507.149994,106757800
2017-07-03,509.540009,513.770020,509.540009,513.119995,513.119995,82229400
2017-07-04,511.059998,513.700012,510.429993,511.730011,511.730011,61284900
2017-07-05,511.940002,512.739990,510.109985,511.350006,511.350006,77053200
2017-07-06,511.579987,511.839996,506.269989,509.940002,509.940002,94257500
2017-07-07,509.519989,509.920013,508.059998,509.920013,509.920013,80367600
2017-07-10,512.200012,513.059998,510.799988,512.049988,512.049988,62345800
2017-07-11,512.750000,513.590027,510.350006,510.989990,510.989990,69829000
2017-07-12,512.380005,518.320007,512.080017,516.590027,516.590027,84684400
2017-07-13,517.880005,519.739990,516.840027,519.109985,519.109985,80847900
2017-07-14,519.450012,521.260010,518.440002,521.070007,521.070007,66529500
2017-07-17,522.799988,523.330017,520.719971,521.500000,521.500000,60424400
2017-07-18,520.799988,521.890015,517.330017,518.169983,518.169983,80161900
2017-07-19,522.440002,524.419983,520.440002,524.250000,524.250000,75246600
2017-07-20,526.669983,529.830017,524.710022,526.289978,526.289978,96065600
2017-07-21,525.580017,527.159973,521.000000,522.219971,522.219971,107167800
2017-07-24,522.599976,523.140015,519.320007,521.650024,521.650024,89969700
2017-07-25,522.140015,526.559998,522.140015,524.690002,524.690002,95986700
2017-07-26,525.330017,528.309998,524.650024,527.719971,527.719971,95121700
2017-07-27,526.799988,530.659973,526.349976,530.349976,530.349976,95836400
2017-07-28,527.640015,527.640015,524.159973,525.530029,525.530029,94908900
2017-07-31,525.590027,527.849976,525.020020,525.440002,525.440002,83170400
2017-08-01,528.750000,529.099976,524.929993,527.479980,527.479980,77849600
2017-08-02,528.679993,528.679993,524.239990,525.299988,525.299988,88990400
2017-08-03,523.599976,526.539978,521.840027,525.570007,525.570007,76540900
2017-08-04,523.770020,529.890015,523.450012,529.090027,529.090027,76854100
2017-08-07,530.059998,531.409973,529.309998,531.409973,531.409973,65443600
2017-08-08,531.650024,533.179993,530.320007,532.679993,532.679993,72398400
2017-08-09,530.510010,531.109985,527.320007,528.210022,528.210022,92867800
2017-08-10,527.210022,527.409973,522.570007,523.630005,523.630005,114159500
2017-08-11,520.049988,520.049988,516.109985,516.969971,516.969971,100666500
2017-08-14,519.929993,522.010010,518.820007,521.099976,521.099976,58976100
2017-08-15,522.469971,523.380005,521.010010,522.669983,522.669983,53647000
2017-08-16,524.330017,526.809998,524.080017,525.890015,525.890015,64931200
2017-08-17,524.909973,526.090027,523.140015,523.710022,523.710022,68657700
2017-08-18,519.830017,519.859985,517.299988,519.640015,519.640015,80755400
2017-08-21,518.070007,519.229980,515.460022,516.710022,516.710022,64894800
2017-08-22,518.969971,521.919983,518.969971,521.869995,521.869995,57810700
2017-08-23,521.320007,522.719971,518.309998,519.359985,519.359985,59376900
2017-08-24,520.390015,520.950012,519.099976,519.099976,519.099976,56040200
2017-08-25,518.719971,520.020020,517.369995,517.419983,517.419983,68905300
2017-08-28,515.130005,516.630005,512.679993,514.760010,514.760010,48177200
2017-08-29,510.119995,510.570007,505.920013,510.029999,510.029999,89804900
2017-08-30,513.340027,514.020020,511.290009,513.010010,513.010010,61884000
2017-08-31,515.549988,517.380005,514.299988,516.039978,516.039978,86130000
2017-09-01,518.159973,519.020020,517.109985,518.179993,518.179993,62715500
2017-09-04,515.010010,517.809998,515.010010,516.270020,516.270020,47836800
2017-09-05,517.390015,518.900024,514.770020,515.460022,515.460022,68417700
2017-09-06,513.900024,517.119995,512.820007,516.469971,516.469971,70558800
2017-09-07,517.770020,520.039978,515.940002,518.830017,518.830017,75690100
2017-09-08,517.010010,519.510010,516.820007,518.820007,518.820007,70863800
2017-09-11,521.599976,524.030029,521.599976,523.960022,523.960022,72439300
2017-09-12,525.919983,527.380005,525.179993,526.580017,526.580017,81333000
2017-09-13,525.739990,529.760010,525.739990,528.690002,528.690002,74339000
2017-09-14,527.859985,530.130005,527.690002,529.340027,529.340027,84424700
2017-09-15,528.330017,529.000000,526.109985,526.780029,526.780029,147192000
2017-09-18,529.109985,530.049988,528.200012,529.309998,529.309998,57861500
2017-09-19,528.380005,529.320007,528.030029,528.659973,528.659973,63873200
2017-09-20,528.349976,529.239990,527.880005,528.659973,528.659973,62252500
2017-09-21,530.010010,530.750000,528.090027,528.469971,528.469971,93102800
2017-09-22,527.030029,529.280029,526.849976,528.030029,528.030029,81457200
2017-09-25,527.169983,529.750000,526.890015,527.780029,527.780029,70998100
2017-09-26,527.159973,529.650024,527.130005,528.500000,528.500000,73973900
2017-09-27,529.539978,531.880005,529.390015,531.090027,531.090027,90749400
2017-09-28,531.909973,533.390015,531.369995,533.390015,533.390015,77313800
2017-09-29,534.390015,537.059998,534.250000,537.059998,537.059998,89531100
2017-10-02,538.570007,541.260010,537.789978,541.039978,541.039978,73686300
2017-10-03,541.989990,542.250000,540.859985,542.250000,542.250000,61540000
2017-10-04,542.510010,542.510010,540.280029,541.650024,541.650024,80587500
2017-10-05,541.109985,542.880005,540.989990,542.880005,542.880005,80950800
2017-10-06,542.380005,542.380005,539.260010,539.900024,539.900024,82337000
2017-10-09,540.700012,542.739990,540.320007,541.190002,541.190002,57109500
2017-10-10,540.440002,542.169983,540.219971,541.140015,541.140015,64439400
2017-10-11,541.739990,541.799988,539.729980,541.760010,541.760010,75244400
2017-10-12,541.690002,543.020020,541.179993,542.840027,542.840027,62312300
2017-10-13,544.000000,547.150024,543.849976,546.210022,546.210022,80162200
2017-10-16,547.429993,547.789978,546.669983,546.669983,546.669983,60898000
2017-10-17,547.049988,547.780029,546.190002,546.619995,546.619995,62571900
2017-10-18,546.809998,549.450012,546.200012,547.679993,547.679993,62008000
2017-10-19,545.869995,546.580017,541.659973,544.559998,544.559998,88039700
2017-10-20,545.950012,546.450012,543.820007,544.630005,544.630005,94878300
2017-10-23,545.299988,547.359985,543.750000,545.960022,545.960022,72109900
2017-10-24,544.849976,546.710022,543.669983,543.669983,543.669983,81653800
2017-10-25,543.280029,545.250000,540.369995,541.270020,541.270020,79260700
2017-10-26,541.590027,548.190002,541.590027,547.669983,547.669983,88329100
2017-10-27,549.320007,551.289978,548.039978,549.440002,549.440002,98067700
2017-10-30,549.159973,550.059998,548.500000,549.460022,549.460022,69657300
2017-10-31,550.359985,553.919983,550.140015,553.380005,553.380005,72018300
2017-11-01,555.710022,557.349976,554.489990,554.489990,554.489990,86901600
2017-11-02,554.520020,555.469971,551.140015,553.830017,553.830017,89195400
2017-11-03,554.960022,555.469971,553.320007,555.150024,555.150024,97291400
2017-11-06,554.500000,556.169983,553.549988,555.219971,555.219971,87152600
2017-11-07,557.289978,557.429993,553.640015,553.799988,553.799988,81476000
2017-11-08,555.179993,555.890015,553.640015,554.770020,554.770020,105570400
2017-11-09,554.559998,555.609985,550.000000,550.369995,550.369995,136889000
2017-11-10,549.659973,551.099976,547.229980,547.320007,547.320007,102601500
2017-11-13,548.349976,548.770020,543.099976,545.429993,545.429993,87630900
2017-11-14,545.940002,546.599976,540.059998,541.729980,541.729980,108893500
2017-11-15,538.650024,539.659973,535.440002,538.489990,538.489990,118618800
2017-11-16,540.030029,540.489990,538.179993,539.190002,539.190002,82280800
2017-11-17,539.719971,539.869995,534.619995,536.619995,536.619995,107676600
2017-11-20,535.630005,540.909973,535.520020,539.710022,539.710022,84002700
2017-11-21,539.500000,543.200012,538.750000,541.820007,541.820007,94380500
2017-11-22,542.159973,544.429993,540.020020,540.020020,540.020020,90004100
2017-11-23,538.599976,542.390015,537.760010,541.349976,541.349976,60967900
2017-11-24,541.609985,543.530029,540.630005,540.630005,540.630005,63701500
2017-11-27,539.840027,542.950012,538.049988,538.090027,538.090027,73560000
2017-11-28,539.400024,544.979980,539.039978,543.590027,543.590027,88117100
2017-11-29,546.130005,546.599976,540.179993,541.419983,541.419983,93476400
2017-11-30,541.109985,545.020020,540.109985,540.109985,540.109985,146095800
2017-12-01,540.950012,541.400024,535.289978,535.570007,535.570007,105504300
2017-12-04,541.989990,543.549988,539.820007,541.539978,541.539978,94822000
2017-12-05,542.510010,543.880005,540.190002,543.080017,543.080017,91373700
2017-12-06,539.150024,543.750000,538.299988,542.770020,542.770020,84359700
2017-12-07,543.650024,544.669983,542.080017,544.510010,544.510010,113067600
2017-12-08,547.299988,548.900024,546.359985,547.219971,547.219971,109184800
2017-12-11,548.809998,548.919983,547.200012,548.409973,548.409973,90420600
2017-12-12,550.090027,552.869995,548.960022,552.869995,552.869995,112950800
2017-12-13,551.650024,552.849976,550.559998,550.559998,550.559998,97610200
2017-12-14,550.159973,550.599976,547.469971,547.469971,547.469971,85986200
2017-12-15,546.609985,548.669983,545.650024,548.669983,548.669983,140605300
2017-12-18,551.570007,553.650024,551.150024,553.289978,553.289978,79307000
2017-12-19,553.840027,555.119995,551.909973,552.030029,552.030029,66861000
2017-12-20,552.210022,552.260010,545.190002,547.380005,547.380005,73627200
2017-12-21,546.270020,549.719971,544.080017,549.390015,549.390015,70545600
2017-12-22,548.330017,549.179993,546.890015,548.479980,548.479980,45269700
2017-12-27,548.510010,549.859985,546.440002,548.599976,548.599976,41838900
2017-12-28,548.349976,548.940002,546.469971,547.059998,547.059998,39861100
2017-12-29,546.200012,547.719971,544.039978,544.580017,544.580017,45533300
2018-01-02,545.239990,545.380005,540.340027,544.789978,544.789978,64576900
2018-01-03,546.460022,551.020020,546.099976,549.340027,549.340027,93687300
2018-01-04,551.369995,555.000000,550.909973,554.059998,554.059998,94628400
2018-01-05,554.590027,558.159973,554.169983,558.159973,558.159973,76775500
2018-01-08,559.820007,561.320007,559.530029,560.890015,560.890015,66889500
2018-01-09,562.239990,563.309998,561.239990,563.039978,563.039978,104849200
2018-01-10,562.169983,563.299988,559.159973,560.440002,560.440002,110080700
2018-01-11,561.330017,561.330017,557.830017,558.890015,558.890015,100225100
2018-01-12,559.989990,561.099976,557.929993,561.099976,561.099976,84925800
2018-01-15,561.500000,562.229980,559.859985,561.059998,561.059998,55010800
2018-01-16,561.700012,562.700012,560.260010,561.179993,561.179993,72831800
2018-01-17,561.719971,564.090027,561.330017,563.280029,563.280029,85777000
2018-01-18,565.880005,566.489990,564.150024,566.489990,566.489990,87099200
2018-01-19,565.669983,570.270020,565.539978,569.299988,569.299988,82275600
2018-01-22,569.080017,570.900024,568.859985,570.820007,570.820007,74479900
2018-01-23,572.750000,572.809998,569.260010,570.599976,570.599976,90079800
2018-01-24,570.039978,570.440002,566.039978,566.039978,566.039978,77752000
2018-01-25,564.799988,569.210022,563.349976,565.070007,565.070007,82339700
2018-01-26,565.000000,567.700012,564.400024,566.789978,566.789978,59366000
2018-01-29,567.580017,567.580017,565.080017,566.059998,566.059998,66977800
2018-01-30,563.229980,564.760010,559.880005,561.000000,561.000000,91545100
2018-01-31,560.429993,562.080017,559.150024,560.520020,560.520020,105548900
2018-02-01,563.020020,563.539978,555.840027,556.869995,556.869995,99998800
2018-02-02,555.700012,555.700012,549.950012,550.080017,550.080017,88861000
2018-02-05,544.070007,545.159973,540.770020,542.650024,542.650024,96139500
2018-02-06,523.190002,533.599976,522.200012,526.179993,526.179993,184754700
2018-02-07,533.729980,537.719971,529.520020,536.359985,536.359985,123695600
2018-02-08,532.940002,533.869995,524.210022,526.119995,526.119995,113282100
2018-02-09,522.969971,525.400024,515.960022,518.330017,518.330017,134030200
2018-02-12,524.299988,526.570007,521.609985,524.099976,524.099976,91581600
2018-02-13,524.780029,525.270020,520.570007,520.570007,520.570007,76844100
2018-02-14,523.979980,527.479980,518.049988,525.640015,525.640015,99078300
2018-02-15,528.059998,529.429993,525.580017,527.570007,527.570007,99601600
2018-02-16,530.719971,533.000000,529.960022,532.270020,532.270020,86716700
2018-02-19,533.789978,533.789978,527.849976,528.760010,528.760010,50483000
2018-02-20,528.679993,533.330017,528.020020,532.929993,532.929993,70868200
2018-02-21,531.460022,534.469971,529.539978,533.950012,533.950012,72675200
2018-02-22,530.109985,533.510010,528.369995,532.640015,532.640015,77882200
2018-02-23,533.679993,534.580017,531.229980,534.090027,534.090027,55857500
2018-02-26,536.880005,540.179993,536.640015,538.309998,538.309998,61694300
2018-02-27,540.359985,540.650024,536.570007,537.830017,537.830017,75948900
2018-02-28,535.690002,539.080017,535.239990,535.580017,535.580017,88015800
2018-03-01,533.049988,533.380005,527.099976,529.590027,529.590027,91367500
2018-03-02,524.780029,525.609985,517.270020,518.719971,518.719971,109443800
2018-03-05,517.789978,527.320007,517.789978,526.510010,526.510010,82547100
2018-03-06,530.919983,531.070007,528.330017,528.359985,528.359985,77067600
2018-03-07,526.020020,531.229980,524.830017,530.710022,530.710022,77504400
2018-03-08,531.330017,536.559998,530.440002,535.219971,535.219971,89530700
2018-03-09,534.869995,537.909973,534.320007,537.140015,537.140015,70382500
2018-03-12,539.729980,539.750000,536.250000,538.429993,538.429993,60211000
2018-03-13,538.530029,539.530029,530.520020,532.520020,532.520020,81458300
2018-03-14,531.229980,534.640015,529.890015,530.969971,530.969971,81665000
2018-03-15,532.929993,534.289978,530.770020,533.299988,533.299988,78266700
2018-03-16,533.530029,537.820007,533.359985,536.919983,536.919983,186242000
2018-03-19,536.289978,536.760010,530.309998,531.520020,531.520020,75853600
2018-03-20,532.450012,536.109985,530.789978,535.450012,535.450012,75764500
2018-03-21,535.460022,536.570007,533.219971,536.479980,536.479980,76075800
2018-03-22,532.809998,536.049988,524.570007,528.369995,528.369995,105186400
2018-03-23,523.669983,525.239990,517.880005,521.450012,521.450012,100545100
2018-03-26,522.679993,524.799988,516.580017,518.750000,518.750000,79409100
2018-03-27,527.159973,528.140015,524.909973,525.760010,525.760010,85944300
2018-03-28,521.039978,527.099976,517.700012,527.000000,527.000000,101434200
2018-03-29,528.130005,532.219971,526.229980,529.520020,529.520020,80966900
2018-04-03,525.320007,530.400024,524.289978,528.479980,528.479980,78799800
2018-04-04,528.960022,529.390015,521.679993,526.190002,526.190002,88481800
2018-04-05,534.450012,541.099976,533.640015,540.489990,540.489990,96726600
2018-04-06,538.109985,541.140015,537.599976,539.289978,539.289978,80339000
2018-04-09,540.390015,541.650024,537.530029,539.900024,539.900024,65370100
2018-04-10,543.109985,545.570007,541.390015,545.250000,545.250000,86666300
2018-04-11,544.190002,545.530029,542.159973,544.500000,544.500000,78454600
2018-04-12,545.099976,548.750000,544.559998,547.900024,547.900024,91060600
2018-04-13,547.989990,549.070007,546.539978,548.049988,548.049988,75096800
2018-04-16,548.429993,549.020020,545.960022,546.619995,546.619995,70214700
2018-04-17,548.099976,552.330017,547.309998,551.320007,551.320007,76949000
2018-04-18,550.619995,553.830017,550.619995,553.349976,553.349976,92278100
2018-04-19,553.719971,553.830017,550.010010,551.309998,551.309998,76254500
2018-04-20,549.130005,552.039978,548.570007,550.380005,550.380005,91861000
2018-04-23,550.169983,554.330017,549.020020,554.250000,554.250000,76258000
2018-04-24,552.479980,556.510010,552.289978,556.440002,556.440002,80290700
2018-04-25,551.080017,553.570007,548.789978,551.729980,551.729980,89744300
2018-04-26,549.900024,554.760010,548.840027,554.409973,554.409973,107421800
2018-04-27,554.840027,556.150024,553.159973,554.940002,554.940002,79637400
2018-04-30,554.229980,555.890015,553.919983,555.729980,555.729980,77035600
2018-05-02,555.539978,557.690002,555.070007,555.859985,555.859985,95419100
2018-05-03,554.239990,555.299988,550.419983,551.729980,551.729980,85234500
2018-05-04,552.650024,555.760010,552.369995,555.700012,555.700012,78404100
2018-05-07,555.229980,557.969971,554.989990,557.859985,557.859985,42507100
2018-05-08,557.239990,559.739990,556.659973,558.510010,558.510010,82714600
2018-05-09,559.039978,561.510010,558.450012,561.510010,561.510010,107524700
2018-05-10,561.109985,563.119995,560.460022,562.179993,562.179993,73385500
2018-05-11,561.630005,562.940002,560.380005,562.270020,562.270020,82647300
2018-05-14,562.109985,563.570007,561.520020,563.520020,563.520020,72412400
2018-05-15,562.500000,565.770020,561.989990,564.489990,564.489990,90357400
2018-05-16,562.989990,565.479980,562.989990,565.130005,565.130005,82183400
2018-05-17,565.140015,568.960022,564.950012,568.960022,568.960022,97186900
2018-05-18,567.710022,570.219971,565.099976,567.030029,567.030029,94962300
2018-05-21,568.229980,571.080017,568.059998,570.070007,570.070007,110470200
2018-05-22,569.799988,572.900024,569.130005,572.049988,572.049988,117381900
2018-05-23,569.950012,570.080017,563.299988,565.070007,565.070007,152487400
2018-05-24,565.489990,567.849976,560.479980,561.619995,561.619995,114082100
2018-05-25,564.320007,565.309998,559.960022,562.770020,562.770020,94095100
2018-05-28,564.840027,565.340027,558.119995,559.840027,559.840027,58581300
2018-05-29,556.809998,558.200012,550.380005,554.770020,554.770020,122380000
2018-05-30,554.880005,557.599976,553.200012,557.599976,557.599976,99352700
2018-05-31,558.820007,559.260010,552.359985,552.849976,552.849976,139165000
2018-06-01,556.520020,560.859985,556.429993,559.179993,559.179993,96199600
2018-06-04,562.210022,563.530029,560.820007,561.700012,561.700012,86140400
2018-06-05,561.369995,565.950012,560.909973,562.780029,562.780029,89414700
2018-06-06,563.239990,564.619995,558.260010,562.239990,562.239990,88079100
2018-06-07,565.229980,565.229980,559.960022,562.039978,562.039978,94237300
2018-06-08,558.039978,561.390015,555.770020,560.030029,560.030029,94424500
2018-06-11,562.289978,565.489990,561.700012,564.840027,564.840027,82924700
2018-06-12,567.059998,567.570007,562.380005,563.010010,563.010010,75803200
2018-06-13,563.500000,566.380005,563.159973,563.950012,563.950012,89105800
2018-06-14,560.659973,568.510010,557.390015,567.530029,567.530029,109746100
2018-06-15,567.830017,569.159973,561.710022,561.710022,561.710022,176439300
2018-06-18,560.270020,561.429993,556.500000,559.679993,559.679993,84663000
2018-06-19,553.119995,555.510010,551.719971,554.570007,554.570007,93717000
2018-06-20,557.460022,558.969971,554.969971,554.969971,554.969971,98581700
2018-06-21,556.820007,558.250000,551.159973,552.599976,552.599976,96603700
2018-06-22,553.700012,560.340027,553.609985,560.340027,560.340027,87161000
2018-06-25,556.729980,558.200012,546.809998,546.809998,546.809998,61320100
2018-06-26,548.989990,550.570007,547.080017,547.270020,547.270020,74591700
2018-06-27,547.479980,554.919983,543.869995,552.190002,552.190002,90238400
2018-06-28,549.659973,552.409973,544.119995,547.479980,547.479980,80881000
2018-06-29,553.109985,554.960022,551.679993,551.679993,551.679993,95755500
2018-07-02,545.460022,548.859985,544.090027,546.510010,546.510010,76337200
2018-07-03,549.539978,551.659973,547.169983,550.059998,550.059998,69130300
2018-07-04,548.729980,550.359985,547.919983,549.219971,549.219971,61574700
2018-07-05,549.010010,556.210022,549.010010,552.440002,552.440002,83348400
2018-07-06,555.090027,555.309998,550.239990,553.619995,553.619995,81127100
2018-07-09,557.000000,558.849976,556.270020,557.710022,557.710022,70117300
2018-07-10,559.030029,561.570007,558.219971,560.580017,560.580017,67612100
2018-07-11,556.539978,556.840027,553.250000,553.250000,553.250000,79618800
2018-07-12,554.460022,557.039978,552.440002,557.020020,557.020020,66138400
2018-07-13,558.419983,560.799988,558.419983,560.119995,560.119995,56417600
2018-07-16,560.859985,561.400024,557.289978,558.349976,558.349976,55131100
2018-07-17,558.190002,559.960022,556.020020,559.190002,559.190002,69496800
2018-07-18,563.950012,568.830017,563.489990,568.190002,568.190002,75930900
2018-07-19,568.280029,570.710022,567.190002,570.210022,570.210022,77795500
2018-07-20,569.150024,573.010010,566.859985,572.200012,572.200012,101704900
2018-07-23,570.609985,572.190002,568.559998,570.479980,570.479980,61337100
2018-07-24,572.460022,575.669983,570.549988,573.619995,573.619995,84967900
2018-07-25,572.830017,574.159973,571.640015,572.900024,572.900024,72851100
2018-07-26,574.919983,575.650024,571.809998,573.659973,573.659973,108037900
2018-07-27,574.229980,576.900024,573.880005,576.239990,576.239990,81440000
2018-07-30,572.650024,574.969971,572.570007,573.190002,573.190002,68704400
2018-07-31,574.349976,575.679993,574.020020,574.250000,574.250000,87780200
2018-08-01,574.679993,575.489990,571.960022,572.880005,572.880005,86239800
2018-08-02,570.630005,572.539978,567.869995,569.950012,569.950012,142086600
2018-08-03,571.780029,573.340027,570.840027,572.289978,572.289978,78632400
2018-08-06,572.520020,573.609985,570.539978,572.559998,572.559998,58409000
2018-08-07,573.950012,575.450012,573.380005,573.909973,573.909973,69672500
2018-08-08,572.409973,575.090027,572.280029,573.700012,573.700012,69419400
2018-08-09,571.359985,573.010010,571.270020,572.219971,572.219971,63582100
2018-08-10,567.809998,568.739990,560.789978,562.979980,562.979980,99312200
2018-08-13,561.229980,562.690002,559.539978,561.190002,561.190002,75759700
2018-08-14,563.659973,565.010010,560.349976,561.479980,561.479980,65311600
2018-08-15,562.409973,562.429993,550.729980,552.700012,552.700012,83466500
2018-08-16,555.270020,557.059998,553.859985,556.380005,556.380005,75060200
2018-08-17,556.099976,556.130005,549.729980,552.950012,552.950012,78776600
2018-08-20,554.559998,557.460022,554.150024,556.049988,556.049988,65713300
2018-08-21,555.570007,558.380005,555.409973,557.200012,557.200012,61683300
2018-08-22,555.390015,560.390015,555.390015,559.200012,559.200012,78710900
2018-08-23,559.270020,561.630005,558.869995,558.909973,558.909973,60935100
2018-08-24,559.320007,561.520020,559.320007,560.289978,560.289978,61273200
2018-08-27,562.000000,564.409973,561.309998,564.130005,564.130005,46429700
2018-08-28,565.239990,565.510010,563.030029,563.030029,563.030029,69253800
2018-08-29,564.400024,565.580017,561.969971,565.150024,565.150024,57073000
2018-08-30,564.539978,564.539978,561.090027,563.369995,563.369995,83565400
2018-08-31,561.950012,562.140015,557.929993,558.419983,558.419983,90427100
2018-09-03,558.500000,560.460022,557.700012,559.780029,559.780029,47807900
2018-09-04,560.630005,561.609985,551.809998,553.409973,553.409973,87498100
2018-09-05,551.789978,552.349976,546.520020,546.909973,546.909973,94624000
2018-09-06,545.010010,546.260010,539.369995,539.369995,539.369995,89580700
2018-09-07,539.369995,539.369995,533.909973,538.510010,538.510010,149680700
2018-09-10,537.669983,541.369995,537.590027,539.799988,539.799988,79536600
2018-09-11,540.210022,540.280029,536.239990,539.789978,539.789978,93886900
2018-09-12,539.619995,543.359985,537.349976,540.270020,540.270020,89575700
2018-09-13,539.770020,542.150024,538.700012,539.520020,539.520020,86315800
2018-09-14,541.320007,542.510010,539.650024,540.530029,540.530029,88139100
2018-09-17,539.989990,542.599976,538.890015,540.849976,540.849976,76985200
2018-09-18,540.760010,543.460022,539.820007,543.059998,543.059998,85129000
2018-09-19,543.390015,544.710022,540.849976,543.070007,543.070007,97397600
2018-09-20,543.609985,548.219971,543.609985,547.450012,547.450012,112076500
2018-09-21,549.020020,550.979980,548.770020,549.789978,549.789978,163207400
2018-09-24,548.590027,550.390015,547.659973,548.429993,548.429993,78689400
2018-09-25,549.510010,553.320007,549.500000,552.640015,552.640015,88733600
2018-09-26,552.989990,552.989990,550.200012,552.349976,552.349976,69893000
2018-09-27,550.510010,554.340027,549.520020,553.750000,553.750000,78815100
2018-09-28,552.150024,553.489990,546.520020,549.619995,549.619995,108735200
2018-10-01,550.080017,554.049988,549.979980,552.549988,552.549988,71272100
2018-10-02,549.960022,550.099976,546.140015,549.330017,549.330017,77396500
2018-10-03,551.219971,553.719971,549.919983,552.849976,552.849976,74898500
2018-10-04,552.049988,552.309998,543.380005,544.119995,544.119995,97496500
2018-10-05,544.270020,544.710022,538.960022,539.510010,539.510010,79580300
2018-10-08,538.090027,538.559998,532.619995,533.520020,533.520020,77396600
2018-10-09,534.909973,537.809998,530.669983,536.950012,536.950012,79234500
2018-10-10,537.250000,537.369995,528.030029,528.030029,528.030029,113802000
2018-10-11,520.969971,524.830017,516.989990,517.890015,517.890015,135586300
2018-10-12,522.820007,522.869995,516.099976,516.289978,516.289978,105870300
2018-10-15,516.280029,519.119995,512.669983,518.359985,518.359985,82735600
2018-10-16,518.359985,526.659973,517.719971,526.179993,526.179993,95009600
2018-10-17,531.429993,533.429993,525.330017,527.580017,527.580017,99667100
2018-10-18,526.909973,529.119995,523.869995,523.869995,523.869995,97537900
2018-10-19,525.140015,527.859985,521.909973,525.169983,525.169983,114243800
2018-10-22,526.950012,527.489990,518.700012,519.080017,519.080017,83161300
2018-10-23,513.549988,514.419983,509.200012,510.859985,510.859985,110356600
2018-10-24,511.929993,515.520020,507.600006,507.799988,507.799988,105605000
2018-10-25,504.339996,513.640015,504.170013,513.159973,513.159973,106009200
2018-10-26,508.799988,509.089996,500.450012,507.519989,507.519989,108009600
2018-10-29,507.970001,514.210022,507.820007,509.399994,509.399994,70268600
2018-10-30,510.760010,512.320007,505.500000,510.730011,510.730011,81777300
2018-10-31,516.190002,520.210022,516.000000,518.710022,518.710022,103565300
2018-11-01,519.900024,523.080017,518.940002,520.799988,520.799988,111225100
2018-11-02,528.179993,528.450012,521.799988,521.799988,521.799988,98587700
2018-11-05,522.239990,524.760010,521.140015,521.940002,521.940002,68267300
2018-11-06,523.789978,523.840027,520.130005,522.309998,522.309998,72993100
2018-11-07,524.929993,529.719971,524.859985,528.570007,528.570007,95749300
2018-11-08,530.780029,531.609985,527.580017,528.479980,528.479980,70555400
2018-11-09,526.380005,530.049988,524.989990,529.549988,529.549988,72931100
2018-11-12,533.450012,534.210022,525.869995,526.099976,526.099976,63952400
2018-11-13,527.960022,530.049988,525.150024,529.609985,529.609985,75786400
2018-11-14,524.780029,530.820007,522.109985,527.140015,527.140015,82888900
2018-11-15,527.159973,528.650024,519.969971,524.890015,524.890015,92174500
2018-11-16,527.239990,528.590027,520.070007,522.429993,522.429993,98672900
2018-11-19,524.239990,526.320007,518.400024,518.900024,518.900024,65069800
2018-11-20,515.789978,516.239990,506.899994,510.480011,510.480011,100696600
2018-11-21,513.260010,517.840027,512.530029,517.340027,517.340027,84703900
2018-11-22,515.669983,516.299988,513.739990,514.099976,514.099976,93675200
2018-11-23,514.369995,515.619995,509.459991,513.849976,513.849976,79550300
2018-11-26,518.059998,520.429993,516.200012,518.909973,518.909973,115496700
2018-11-27,519.500000,520.330017,516.090027,519.559998,519.559998,94370300
2018-11-28,521.950012,522.650024,518.429993,519.580017,519.580017,105367200
2018-11-29,523.570007,523.859985,518.159973,520.280029,520.280029,93258200
2018-11-30,520.380005,521.109985,516.849976,519.369995,519.369995,138740300
2018-12-03,529.739990,530.030029,523.479980,523.869995,523.869995,98319400
2018-12-04,523.840027,525.250000,522.270020,523.229980,523.229980,90545600
2018-12-05,518.440002,518.700012,515.979980,516.039978,516.039978,70747700
2018-12-06,510.709991,511.000000,496.640015,498.920013,498.920013,132747800
2018-12-07,502.480011,509.519989,502.160004,503.980011,503.980011,97541300
2018-12-10,500.750000,502.529999,493.570007,495.309998,495.309998,105459500
2018-12-11,498.410004,505.220001,497.809998,501.010010,501.010010,93346200
2018-12-12,503.670013,511.839996,503.670013,509.720001,509.720001,93602600
2018-12-13,511.149994,511.519989,506.279999,508.269989,508.269989,95128800
2018-12-14,503.429993,508.190002,500.239990,506.529999,506.529999,81710100
2018-12-17,504.890015,504.890015,498.079987,500.079987,500.079987,79174200
2018-12-18,496.040009,497.480011,493.079987,494.450012,494.450012,107023800
2018-12-19,493.359985,497.059998,493.019989,495.989990,495.989990,85643400
2018-12-20,487.820007,489.559998,485.239990,485.970001,485.970001,122347100
2018-12-21,483.149994,484.809998,477.750000,484.809998,484.809998,191512600
2018-12-24,480.250000,483.630005,478.339996,478.339996,478.339996,27678900
2018-12-27,486.149994,486.269989,472.190002,476.029999,476.029999,94259800
2018-12-28,480.059998,485.940002,477.899994,484.170013,484.170013,73944600
2018-12-31,486.410004,488.369995,484.950012,487.880005,487.880005,24379200
2019-01-02,479.910004,488.369995,477.049988,486.570007,486.570007,73315700
2019-01-03,480.739990,483.799988,478.200012,480.410004,480.410004,85154700
2019-01-04,484.299988,493.390015,483.290009,492.010010,492.010010,93105900
2019-01-07,494.230011,494.589996,488.980011,491.750000,491.750000,72911400
2019-01-08,491.720001,497.350006,491.399994,493.690002,493.690002,90245200
2019-01-09,497.049988,499.040009,494.820007,496.209991,496.209991,91119200
2019-01-10,493.899994,497.769989,492.170013,497.769989,497.769989,78671400
2019-01-11,499.339996,501.179993,496.809998,498.649994,498.649994,76029700
2019-01-14,495.320007,496.920013,493.690002,494.989990,494.989990,71175200
2019-01-15,499.209991,500.149994,495.149994,498.200012,498.200012,72205300
2019-01-16,500.549988,501.049988,496.920013,499.869995,499.869995,75103500
2019-01-17,497.890015,500.559998,496.880005,499.839996,499.839996,70795200
2019-01-18,502.839996,510.630005,502.829987,509.700012,509.700012,107341600
2019-01-21,508.839996,510.609985,508.600006,509.880005,509.880005,46476000
2019-01-22,506.910004,508.890015,504.619995,506.750000,506.750000,68550300
2019-01-23,503.850006,511.459991,502.869995,507.459991,507.459991,82716200
2019-01-24,507.500000,511.529999,506.940002,510.079987,510.079987,79474100
2019-01-25,513.500000,515.539978,512.559998,515.099976,515.099976,92897800
2019-01-28,512.669983,514.049988,509.320007,510.880005,510.880005,83456300
2019-01-29,512.140015,517.440002,510.929993,515.000000,515.000000,76555100
2019-01-30,515.359985,519.890015,515.359985,518.479980,518.479980,103267300
2019-01-31,520.150024,521.020020,516.469971,520.630005,520.630005,186932300
2019-02-01,521.820007,523.239990,519.739990,523.239990,523.239990,108849500
2019-02-04,523.590027,525.679993,523.109985,525.679993,525.679993,91321100
2019-02-05,526.700012,532.659973,526.119995,532.489990,532.489990,90322200
2019-02-06,532.190002,537.280029,532.190002,536.630005,536.630005,111713900
2019-02-07,535.500000,538.599976,530.500000,530.500000,530.500000,95599700
2019-02-08,529.580017,530.919983,526.690002,527.989990,527.989990,93377200
2019-02-11,531.080017,533.599976,530.150024,531.119995,531.119995,72163800
2019-02-12,535.179993,535.580017,533.440002,534.349976,534.349976,72465100
2019-02-13,535.840027,538.400024,534.650024,536.330017,536.330017,84468800
2019-02-14,537.010010,538.799988,533.570007,534.239990,534.239990,95424600
2019-02-15,533.719971,541.270020,533.130005,539.619995,539.619995,107293500
2019-02-18,539.619995,540.599976,538.210022,539.630005,539.630005,61298300
2019-02-19,539.270020,539.760010,535.830017,538.070007,538.070007,65132700
2019-02-20,539.200012,540.469971,536.190002,540.030029,540.030029,65250600
2019-02-21,540.460022,542.219971,539.109985,540.570007,540.570007,74570100
2019-02-22,540.080017,543.030029,539.809998,541.369995,541.369995,60197000
2019-02-25,543.400024,544.880005,541.750000,542.520020,542.520020,63717200
2019-02-26,540.659973,544.049988,538.530029,543.179993,543.179993,67296900
2019-02-27,540.989990,541.119995,537.760010,540.289978,540.289978,84873400
2019-02-28,536.919983,541.679993,536.919983,541.049988,541.049988,105492900
2019-03-01,543.059998,543.059998,538.590027,538.590027,538.590027,86481900
2019-03-04,540.710022,542.830017,539.549988,540.770020,540.770020,63444500
2019-03-05,540.809998,542.409973,537.919983,541.119995,541.119995,119488600
2019-03-06,540.190002,540.570007,537.429993,538.950012,538.950012,93277100
2019-03-07,537.390015,541.070007,534.289978,536.679993,536.679993,107821100
2019-03-08,533.059998,533.969971,529.719971,530.549988,530.549988,97745800
2019-03-11,533.109985,535.900024,531.840027,535.380005,535.380005,68022800
2019-03-12,537.840027,537.989990,533.640015,535.409973,535.409973,72917600
2019-03-13,534.340027,540.039978,534.270020,539.260010,539.260010,72463900
2019-03-14,539.960022,545.940002,539.960022,544.190002,544.190002,75929400
2019-03-15,544.609985,552.530029,544.419983,552.179993,552.179993,192921700
2019-03-18,551.859985,552.919983,550.710022,552.229980,552.229980,71400100
2019-03-19,552.380005,555.549988,552.109985,552.650024,552.650024,64905000
2019-03-20,551.309998,552.070007,547.419983,547.419983,547.419983,69607700
2019-03-21,548.380005,551.450012,546.859985,550.390015,550.390015,65493800
2019-03-22,551.840027,552.440002,543.099976,543.900024,543.900024,84563200
2019-03-25,540.549988,543.270020,538.700012,541.159973,541.159973,68953800
2019-03-26,543.169983,546.859985,541.099976,545.369995,545.369995,64567500
2019-03-27,545.489990,547.609985,542.090027,545.140015,545.140015,81931100
2019-03-28,544.409973,546.919983,543.320007,543.710022,543.710022,57562300
2019-03-29,547.359985,549.010010,546.080017,548.979980,548.979980,75283400
2019-04-01,552.890015,554.780029,552.010010,554.140015,554.140015,66833400
2019-04-02,554.619995,557.330017,554.590027,555.940002,555.940002,66810000
2019-04-03,559.260010,561.590027,558.630005,561.349976,561.349976,73913900
2019-04-04,560.460022,562.460022,559.700012,561.549988,561.549988,49669400
2019-04-05,561.919983,563.369995,561.349976,562.580017,562.580017,58317900
2019-04-08,562.010010,563.719971,561.159973,562.320007,562.320007,54855900
2019-04-09,561.710022,564.330017,559.549988,559.659973,559.659973,59552200
2019-04-10,559.849976,562.250000,559.669983,561.849976,561.849976,71398800
2019-04-11,561.010010,563.349976,558.880005,561.830017,561.830017,70573400
2019-04-12,560.510010,562.159973,559.440002,561.609985,561.609985,86245400
2019-04-15,562.390015,563.849976,561.280029,562.570007,562.570007,56621700
2019-04-16,562.770020,565.830017,562.500000,565.190002,565.190002,64920200
2019-04-17,565.890015,568.280029,564.929993,566.190002,566.190002,84422000
2019-04-18,565.349976,571.909973,565.349976,569.609985,569.609985,79698000
2019-04-23,568.830017,570.929993,567.500000,570.640015,570.640015,77705600
2019-04-24,569.320007,570.359985,567.210022,568.409973,568.409973,80790800
2019-04-25,567.039978,568.619995,565.000000,567.590027,567.590027,63845500
2019-04-26,565.919983,567.710022,564.659973,567.179993,567.179993,74611300
2019-04-29,567.590027,568.940002,565.320007,568.010010,568.010010,57073200
2019-04-30,567.469971,571.599976,567.190002,571.599976,571.599976,74340400
2019-05-02,568.869995,569.539978,566.059998,566.510010,566.510010,74966500
2019-05-03,567.390015,571.109985,566.450012,568.719971,568.719971,48846600
2019-05-06,560.909973,563.890015,557.690002,563.750000,563.750000,52755500
2019-05-07,563.630005,566.380005,556.119995,556.859985,556.859985,79255700
2019-05-08,555.859985,559.820007,554.640015,558.929993,558.929993,74678300
2019-05-09,555.080017,556.539978,548.409973,549.590027,549.590027,70772600
2019-05-10,553.460022,554.809998,549.549988,550.869995,550.869995,63106700
2019-05-13,551.210022,551.210022,543.580017,544.270020,544.270020,66925900
2019-05-14,545.969971,550.650024,544.729980,550.650024,550.650024,64236000
2019-05-15,551.549988,553.080017,546.000000,553.080017,553.080017,79626900
2019-05-16,550.979980,559.150024,549.369995,559.150024,559.150024,67257000
2019-05-17,556.770020,558.859985,554.400024,557.909973,557.909973,63985500
2019-05-20,556.760010,558.690002,549.359985,551.369995,551.369995,63797400
2019-05-21,553.309998,555.440002,551.580017,553.140015,553.140015,62043700
2019-05-22,552.400024,554.419983,548.750000,552.969971,552.969971,56553700
2019-05-23,547.840027,548.849976,542.979980,543.710022,543.710022,74107700
2019-05-24,545.830017,549.489990,545.179993,547.210022,547.210022,60877000
2019-05-27,549.789978,551.409973,547.969971,549.219971,549.219971,25324100
2019-05-28,549.869995,551.330017,546.809998,549.099976,549.099976,98737700
2019-05-29,544.190002,544.340027,539.580017,540.869995,540.869995,66804000
2019-05-30,543.059998,546.890015,543.000000,545.429993,545.429993,43815800
2019-05-31,540.500000,540.909973,537.479980,540.489990,540.489990,66853100
2019-06-03,535.900024,540.719971,534.489990,540.719971,540.719971,70797300
2019-06-04,537.539978,542.250000,536.239990,541.150024,541.150024,91605400
2019-06-05,542.109985,545.690002,541.419983,543.640015,543.640015,72382700
2019-06-06,544.369995,548.479980,542.789978,544.320007,544.320007,76548600
2019-06-07,545.989990,552.520020,545.989990,550.239990,550.239990,66722300
2019-06-10,552.450012,554.280029,551.719971,553.400024,553.400024,37745700
2019-06-11,554.599976,559.400024,554.419983,557.219971,557.219971,76362700
2019-06-12,554.530029,557.479980,554.530029,556.130005,556.130005,63849200
2019-06-13,554.770020,557.570007,554.140015,555.849976,555.849976,58654500
2019-06-14,553.750000,554.130005,550.239990,553.239990,553.239990,56336300
2019-06-17,554.049988,555.299988,551.169983,552.280029,552.280029,48196700
2019-06-18,551.650024,561.690002,548.280029,560.210022,560.210022,83393200
2019-06-19,560.880005,561.820007,559.559998,561.450012,561.450012,67004300
2019-06-20,564.719971,566.669983,563.710022,563.710022,563.710022,72484500
2019-06-21,563.799988,565.400024,560.710022,562.390015,562.390015,123025900
2019-06-24,562.020020,564.609985,559.440002,560.070007,560.070007,54464400
2019-06-25,558.280029,559.630005,557.820007,558.320007,558.320007,62802700
2019-06-26,557.059998,561.039978,557.059998,558.239990,558.239990,74966100
2019-06-27,559.429993,559.890015,554.380005,557.530029,557.530029,67994200
2019-06-28,557.989990,562.179993,557.710022,561.760010,561.760010,66221500
2019-07-01,569.219971,571.150024,568.090027,568.270020,568.270020,68073100
2019-07-02,569.880005,570.799988,567.390015,570.059998,570.059998,66144500
2019-07-03,569.760010,573.159973,569.719971,572.929993,572.929993,58773100
2019-07-04,573.320007,574.359985,572.820007,573.530029,573.530029,46429500
2019-07-05,573.840027,574.049988,568.260010,570.460022,570.460022,59165200
2019-07-08,569.400024,571.609985,568.340027,569.359985,569.359985,55944900
2019-07-09,568.190002,568.380005,564.549988,566.280029,566.280029,59729600
2019-07-10,565.320007,568.690002,564.919983,565.570007,565.570007,59228300
2019-07-11,567.369995,569.320007,565.960022,566.989990,566.989990,55152600
2019-07-12,568.109985,568.799988,566.390015,567.409973,567.409973,55445300
2019-07-15,568.289978,570.780029,565.929993,569.260010,569.260010,55578700
2019-07-16,568.330017,571.820007,567.340027,571.210022,571.210022,61852600
2019-07-17,570.020020,574.859985,570.020020,572.340027,572.340027,70068400
2019-07-18,569.190002,574.010010,569.000000,571.570007,571.570007,62569600
2019-07-19,574.409973,575.969971,570.299988,571.840027,571.840027,68827300
2019-07-22,572.900024,576.000000,572.109985,576.000000,576.000000,59542500
2019-07-23,579.130005,584.369995,579.130005,582.080017,582.080017,75286600
2019-07-24,583.260010,583.979980,580.859985,583.260010,583.260010,76978100
2019-07-25,584.340027,586.320007,575.150024,578.820007,578.820007,103406100
2019-07-26,579.159973,581.049988,577.739990,580.080017,580.080017,69957200
2019-07-29,578.119995,582.539978,577.500000,579.549988,579.549988,67300800
2019-07-30,580.510010,580.510010,573.260010,574.340027,574.340027,70347000
2019-07-31,573.179993,574.320007,571.320007,572.090027,572.090027,70094400
2019-08-01,564.979980,572.460022,564.979980,572.460022,572.460022,107431400
2019-08-02,560.520020,562.239990,553.039978,554.320007,554.320007,151336200
2019-08-05,547.570007,548.460022,539.650024,540.940002,540.940002,110679000
2019-08-06,538.859985,543.380005,537.140015,537.280029,537.280029,94003500
2019-08-07,539.419983,544.820007,534.869995,539.570007,539.570007,100052400
2019-08-08,544.390015,548.880005,542.270020,548.880005,548.880005,85804800
2019-08-09,547.190002,548.140015,540.770020,542.219971,542.219971,79635100
2019-08-12,545.369995,548.239990,540.929993,542.140015,542.140015,69229600
2019-08-13,541.280029,549.559998,537.049988,545.690002,545.690002,102296800
2019-08-14,546.890015,546.890015,533.539978,536.659973,536.659973,94098000
2019-08-15,537.369995,537.900024,528.679993,534.840027,534.840027,110065700
2019-08-16,536.750000,542.260010,536.400024,541.940002,541.940002,109873000
2019-08-19,546.320007,548.580017,544.580017,547.909973,547.909973,73863400
2019-08-20,547.380005,550.030029,544.219971,545.229980,545.229980,66394500
2019-08-21,545.950012,551.090027,545.950012,550.419983,550.419983,57066600
2019-08-22,548.609985,550.950012,545.820007,546.900024,546.900024,75669700
2019-08-23,549.270020,550.229980,542.090027,542.090027,542.090027,69405800
2019-08-26,539.580017,545.330017,538.739990,543.320007,543.320007,44862200
2019-08-27,542.130005,547.539978,540.979980,547.280029,547.280029,73721700
2019-08-28,545.690002,548.929993,543.570007,548.380005,548.380005,58894000
2019-08-29,547.619995,555.869995,547.229980,554.280029,554.280029,81649200
2019-08-30,555.260010,559.500000,555.150024,558.349976,558.349976,78506900
2019-09-02,559.250000,561.969971,559.150024,559.710022,559.710022,45334300
2019-09-03,558.729980,559.780029,556.479980,559.010010,559.010010,64884400
2019-09-04,563.169983,564.960022,561.479980,563.460022,563.460022,61450300
2019-09-05,567.479980,569.099976,566.059998,569.099976,569.099976,75070200
2019-09-06,568.520020,570.390015,567.729980,569.840027,569.840027,83116900
2019-09-09,570.590027,570.700012,567.140015,568.130005,568.130005,71762100
2019-09-10,569.059998,569.280029,566.179993,568.489990,568.489990,108946300
2019-09-11,570.039978,573.460022,570.039978,573.169983,573.169983,87021500
2019-09-12,575.000000,577.969971,571.359985,574.789978,574.789978,101837800
2019-09-13,574.359985,577.679993,573.539978,576.830017,576.830017,82924500
2019-09-16,575.030029,575.559998,572.780029,573.460022,573.460022,81407800
2019-09-17,573.219971,575.460022,572.429993,574.929993,574.929993,78084400
2019-09-18,574.530029,578.190002,574.219971,576.690002,576.690002,61886800
2019-09-19,575.469971,579.510010,575.469971,579.080017,579.080017,72936000
2019-09-20,579.159973,580.520020,577.409973,577.440002,577.440002,140979900
2019-09-23,575.960022,576.940002,572.000000,574.669983,574.669983,67868100
2019-09-24,575.409973,576.650024,574.770020,574.840027,574.840027,58341900
2019-09-25,572.070007,573.419983,567.330017,573.419983,573.419983,68752400
2019-09-26,573.179993,579.140015,572.919983,577.719971,577.719971,89760800
2019-09-27,577.859985,580.039978,576.900024,578.309998,578.309998,64416400
2019-09-30,577.119995,580.489990,576.510010,580.229980,580.229980,68099600
2019-10-01,582.650024,584.289978,573.400024,573.890015,573.890015,80951500
2019-10-02,573.099976,573.099976,558.010010,558.010010,558.010010,98757000
2019-10-03,556.880005,560.479980,553.849976,558.500000,558.500000,76986500
2019-10-04,560.659973,564.590027,559.119995,564.590027,564.590027,68400400
2019-10-07,564.179993,569.909973,563.780029,569.599976,569.599976,56150200
2019-10-08,570.159973,570.770020,562.719971,562.719971,562.719971,63303600
2019-10-09,562.880005,567.609985,561.479980,565.750000,565.750000,73993100
2019-10-10,566.460022,569.049988,559.739990,568.369995,568.369995,83441400
2019-10-11,569.590027,577.419983,568.830017,577.419983,577.419983,104182100
2019-10-14,575.840027,576.109985,571.750000,575.210022,575.210022,64639600
2019-10-15,579.250000,581.070007,576.289978,579.869995,579.869995,77313000
2019-10-16,579.469971,581.590027,576.710022,576.859985,576.859985,86868300
2019-10-17,575.520020,579.880005,575.280029,576.270020,576.270020,81857900
2019-10-18,575.369995,575.820007,571.630005,572.719971,572.719971,68733300
2019-10-21,573.419983,576.599976,572.880005,575.919983,575.919983,71715100
2019-10-22,576.020020,576.900024,573.650024,576.409973,576.409973,63409700
2019-10-23,573.770020,577.099976,573.150024,575.969971,575.969971,70532000
2019-10-24,577.960022,582.500000,577.960022,582.369995,582.369995,74996100
2019-10-25,582.880005,583.809998,580.030029,583.809998,583.809998,69373600
2019-10-28,582.960022,585.250000,581.239990,583.679993,583.679993,64507300
2019-10-29,584.119995,584.119995,580.469971,581.820007,581.820007,82507800
2019-10-30,580.739990,582.280029,578.309998,581.609985,581.609985,71224800
2019-10-31,582.219971,582.609985,575.559998,576.630005,576.630005,99169300
2019-11-01,578.250000,582.409973,578.109985,580.780029,580.780029,63967000
2019-11-04,583.049988,587.140015,582.599976,585.549988,585.549988,86954300
2019-11-05,585.820007,590.919983,585.690002,590.650024,590.650024,88159100
2019-11-06,591.309998,595.679993,591.299988,594.929993,594.929993,83568900
2019-11-07,597.330017,597.659973,595.340027,597.109985,597.109985,84416100
2019-11-08,595.289978,597.710022,595.159973,596.500000,596.500000,72920300
2019-11-11,595.460022,597.570007,594.760010,596.390015,596.390015,61119700
2019-11-12,597.799988,600.349976,597.260010,599.030029,599.030029,64119100
2019-11-13,597.359985,598.400024,594.919983,597.559998,597.559998,73029900
2019-11-14,596.140015,598.309998,595.260010,595.260010,595.260010,62305900
2019-11-15,598.059998,599.130005,595.039978,598.960022,598.960022,54843800
2019-11-18,599.619995,599.960022,595.989990,598.169983,598.169983,61052300
2019-11-19,598.960022,602.369995,595.510010,596.669983,596.669983,57044000
2019-11-20,594.489990,594.609985,591.429993,594.159973,594.159973,65636300
2019-11-21,589.900024,591.750000,587.469971,589.849976,589.849976,62885900
2019-11-22,591.150024,594.450012,590.950012,592.710022,592.710022,64247500
2019-11-25,594.929993,597.539978,594.869995,596.659973,596.659973,54078100
2019-11-26,596.739990,598.400024,594.549988,597.590027,597.590027,105534100
2019-11-27,599.340027,599.919983,597.320007,598.369995,598.369995,53229700
2019-11-28,596.809998,597.969971,596.150024,597.869995,597.869995,35423900
2019-11-29,595.669983,600.679993,595.419983,597.289978,597.289978,48913700
2019-12-02,598.169983,602.130005,585.940002,587.119995,587.119995,82816800
2019-12-03,588.799988,590.880005,581.020020,582.929993,582.929993,80150900
2019-12-04,583.650024,591.989990,583.650024,590.989990,590.989990,67753000
2019-12-05,592.559998,595.960022,591.440002,591.440002,591.440002,56783600
2019-12-06,594.039978,603.030029,593.750000,602.299988,602.299988,57015000
2019-12-09,602.400024,604.169983,601.109985,602.260010,602.260010,44876900
2019-12-10,601.140015,601.140015,593.770020,599.929993,599.929993,51504300
2019-12-11,599.250000,600.619995,596.530029,598.960022,598.960022,53981000
2019-12-12,599.780029,602.590027,595.760010,599.710022,599.710022,93249600
2019-12-13,605.909973,607.580017,601.500000,602.859985,602.859985,99516400
2019-12-16,605.890015,612.400024,605.890015,610.669983,610.669983,61814000
2019-12-17,608.030029,608.900024,605.789978,606.229980,606.229980,84498000
2019-12-18,606.299988,608.489990,605.960022,606.039978,606.039978,67371700
2019-12-19,606.460022,607.090027,604.140015,605.770020,605.770020,72147000
2019-12-20,606.289978,609.380005,604.520020,609.260010,609.260010,119921500
2019-12-23,608.070007,609.869995,607.200012,609.219971,609.219971,40443800
2019-12-24,609.000000,609.780029,608.599976,609.330017,609.330017,14891400
2019-12-27,611.119995,612.489990,609.109985,611.010010,611.010010,44622800
2019-12-30,609.770020,610.609985,605.830017,605.830017,605.830017,34031100
2019-12-31,603.599976,607.059998,603.599976,604.580017,604.580017,18219900
2020-01-02,608.010010,613.950012,607.750000,612.869995,612.869995,57960900
2020-01-03,609.900024,611.580017,607.109985,611.059998,611.059998,57514500
2020-01-06,605.950012,607.840027,601.820007,607.239990,607.239990,66377900
2020-01-07,609.830017,612.190002,607.890015,609.710022,609.710022,61034800
2020-01-08,607.530029,611.419983,606.559998,610.479980,610.479980,66995200
2020-01-09,614.020020,615.739990,612.500000,612.549988,612.549988,71951200
2020-01-10,614.150024,614.169983,610.419983,610.429993,610.429993,52215300
2020-01-13,610.479980,611.359985,606.489990,608.900024,608.900024,55903300
2020-01-14,609.520020,611.880005,605.070007,611.150024,611.150024,57563300
2020-01-15,611.989990,612.690002,609.619995,611.559998,611.559998,66747000
2020-01-16,612.409973,614.409973,611.359985,612.059998,612.059998,55780900
2020-01-17,613.950012,616.460022,613.450012,615.570007,615.570007,63170200
2020-01-20,615.070007,615.599976,613.390015,614.229980,614.229980,38121200
2020-01-21,610.450012,611.890015,607.320007,611.890015,611.890015,57659900
2020-01-22,609.900024,613.179993,609.090027,611.559998,611.559998,66655700
2020-01-23,610.169983,610.349976,605.409973,605.619995,605.619995,68449700
2020-01-24,610.559998,615.919983,610.559998,614.239990,614.239990,62460200
2020-01-27,605.909973,607.400024,597.830017,598.690002,598.690002,81757600
2020-01-28,601.039978,603.299988,596.770020,602.960022,602.960022,76663700
2020-01-29,602.989990,606.200012,602.260010,605.219971,605.219971,101018900
2020-01-30,599.270020,600.880005,596.750000,598.950012,598.950012,104480700
2020-01-31,601.530029,601.950012,589.440002,589.500000,589.500000,95414200
2020-02-03,591.429993,594.520020,589.400024,592.359985,592.359985,68751000
2020-02-04,596.260010,605.520020,596.090027,605.400024,605.400024,81939200
2020-02-05,604.270020,615.630005,604.000000,613.409973,613.409973,94261500
2020-02-06,617.289978,619.210022,616.989990,618.750000,618.750000,103468500
2020-02-07,616.750000,617.940002,614.070007,616.460022,616.460022,70334600
2020-02-10,615.030029,617.099976,614.059998,617.099976,617.099976,60444200
2020-02-11,621.520020,625.210022,621.520020,623.849976,623.849976,74098300
2020-02-12,624.789978,629.109985,624.520020,629.030029,629.030029,93905300
2020-02-13,626.700012,629.140015,621.979980,629.140015,629.140015,117156900
2020-02-14,629.140015,630.549988,627.489990,629.229980,629.229980,76941300
2020-02-17,630.559998,632.119995,627.039978,629.169983,629.169983,48800800
2020-02-18,623.099976,626.679993,622.760010,625.429993,625.429993,74583000
2020-02-19,627.469971,629.479980,627.250000,628.760010,628.760010,26724800
2020-02-20,628.880005,629.159973,622.119995,622.119995,622.119995,81808000
2020-02-21,619.590027,621.849976,613.200012,617.330017,617.330017,88095100
2020-02-24,601.820007,602.989990,588.400024,593.299988,593.299988,131977200
2020-02-25,596.580017,597.559998,581.520020,582.710022,582.710022,116763500
2020-02-26,577.809998,583.599976,565.289978,581.780029,581.780029,141550800
2020-02-27,569.969971,573.599976,552.650024,559.979980,559.979980,166268200
2020-02-28,541.440002,543.650024,531.179993,539.380005,539.380005,255627300
2020-03-02,550.950012,554.320007,530.140015,542.169983,542.169983,177162900
2020-03-03,551.500000,559.349976,548.780029,554.150024,554.150024,68240300
2020-03-04,550.489990,561.289978,547.369995,557.729980,557.729980,144670000
2020-03-05,561.419983,562.260010,547.809998,552.539978,552.539978,147198900
2020-03-06,540.580017,543.890015,528.489990,531.289978,531.289978,174104400
2020-03-09,506.950012,506.950012,485.730011,490.660004,490.660004,0
2020-03-10,498.760010,513.229980,482.049988,485.489990,485.489990,0
2020-03-11,493.369995,497.660004,482.190002,484.160004,484.160004,0
2020-03-12,460.950012,463.540009,428.089996,432.100006,432.100006,0
2020-03-13,451.760010,466.839996,425.220001,432.850006,432.850006,0
2020-03-16,409.049988,421.359985,389.600006,416.769989,416.769989,266216600
2020-03-17,431.649994,432.000000,401.459991,424.260010,424.260010,248705700
2020-03-18,410.850006,415.850006,398.040009,404.100006,404.100006,220006800
2020-03-19,403.709991,425.160004,398.459991,422.750000,422.750000,233080100
2020-03-20,440.100006,449.079987,429.690002,431.980011,431.980011,419255400
2020-03-23,411.790009,437.149994,410.079987,423.720001,423.720001,238946100
2020-03-24,441.269989,461.730011,437.540009,461.730011,461.730011,223336700
2020-03-25,471.440002,482.529999,454.589996,475.399994,475.399994,231452100
2020-03-26,463.040009,482.989990,458.630005,482.989990,482.989990,178086900
2020-03-27,471.160004,474.369995,458.029999,464.929993,464.929993,168796600
2020-03-30,465.750000,476.119995,455.029999,475.980011,475.980011,154635100
2020-03-31,480.899994,486.040009,475.480011,483.440002,483.440002,180625800
2020-04-01,468.989990,475.589996,465.290009,471.299988,471.299988,171378800
2020-04-02,473.980011,482.660004,468.119995,478.279999,478.279999,175468100
2020-04-03,475.209991,477.130005,469.670013,471.459991,471.459991,145035000
2020-04-06,486.260010,491.679993,482.690002,489.820007,489.820007,160151500
2020-04-07,503.970001,508.559998,494.109985,499.850006,499.850006,170193200
2020-04-08,496.190002,500.709991,491.489990,500.709991,500.709991,110399400
2020-04-09,506.549988,511.929993,499.049988,508.040009,508.040009,164889100
2020-04-14,512.169983,513.539978,505.820007,507.739990,507.739990,136514500
2020-04-15,506.410004,506.779999,489.380005,491.130005,491.130005,149716900
2020-04-16,498.540009,499.519989,492.760010,496.079987,496.079987,148052600
2020-04-17,509.760010,511.890015,504.220001,505.820007,505.820007,156452100
2020-04-20,508.029999,512.760010,502.119995,512.760010,512.760010,111512100
2020-04-21,506.059998,506.920013,495.619995,495.760010,495.760010,130167800
2020-04-22,500.670013,510.320007,499.630005,509.619995,509.619995,108351300
2020-04-23,509.929993,517.349976,504.920013,512.729980,512.729980,118200200
2020-04-24,503.559998,511.959991,502.420013,504.940002,504.940002,119262600
2020-04-27,513.039978,514.659973,509.600006,512.190002,512.190002,92161200
2020-04-28,512.909973,521.570007,512.150024,519.969971,519.969971,139089700
2020-04-29,519.890015,527.549988,518.500000,526.960022,526.960022,129156700
2020-04-30,527.309998,528.690002,511.760010,512.919983,512.919983,195572600
2020-05-04,496.540009,498.809998,490.790009,496.309998,496.309998,177307300
2020-05-05,503.850006,511.010010,499.739990,509.829987,509.829987,126447600
2020-05-06,509.239990,510.869995,505.149994,505.549988,505.549988,115416600
2020-05-07,508.859985,516.260010,508.200012,516.260010,516.260010,96260200
2020-05-08,520.299988,521.609985,517.369995,520.570007,520.570007,85734600
2020-05-11,522.950012,525.109985,515.530029,520.330017,520.330017,110573400
2020-05-12,517.770020,523.640015,517.380005,520.440002,520.440002,139613300
2020-05-13,513.450012,518.070007,510.350006,512.190002,512.190002,144261500
2020-05-14,504.239990,506.380005,492.420013,499.029999,499.029999,172732000
2020-05-15,507.070007,508.329987,499.209991,500.309998,500.309998,143575700
2020-05-18,509.190002,521.409973,508.760010,519.890015,519.890015,148258000
2020-05-19,525.200012,525.200012,515.000000,520.450012,520.450012,145493500
2020-05-20,517.729980,531.309998,517.520020,531.059998,531.059998,111422100
2020-05-21,524.219971,529.460022,522.140015,522.809998,522.809998,88447600
2020-05-22,515.030029,525.099976,514.320007,524.380005,524.380005,105195900
2020-05-25,528.719971,533.559998,526.229980,532.820007,532.820007,56793600
2020-05-26,538.400024,538.650024,529.719971,531.299988,531.299988,122450900
2020-05-27,532.419983,533.400024,523.260010,528.960022,528.960022,169157800
2020-05-28,532.210022,539.619995,531.000000,538.619995,538.619995,127433400
2020-05-29,533.729980,536.940002,529.979980,532.570007,532.570007,179738400
2020-06-01,540.469971,540.609985,532.890015,539.539978,539.539978,91884200
2020-06-02,543.039978,547.989990,541.409973,546.119995,546.119995,130017400
2020-06-03,551.690002,562.460022,551.539978,561.299988,561.299988,159580800
2020-06-04,557.890015,563.869995,555.950012,559.130005,559.130005,154019400
2020-06-05,563.859985,573.460022,562.799988,572.799988,572.799988,194111900
2020-06-08,567.440002,572.080017,563.559998,566.200012,566.200012,177277000
2020-06-09,568.530029,569.619995,558.419983,561.750000,561.750000,166234300
2020-06-10,564.599976,567.270020,558.210022,559.280029,559.280029,141828600
2020-06-11,549.580017,551.460022,540.260010,540.260010,540.260010,179831000
2020-06-12,536.809998,550.960022,535.349976,545.159973,545.159973,149419300
2020-06-15,534.080017,543.890015,529.780029,541.919983,541.919983,134158100
2020-06-16,553.169983,564.349976,551.760010,560.010010,560.010010,145589100
2020-06-17,560.669983,568.659973,560.429993,566.479980,566.479980,127055800
2020-06-18,564.679993,569.630005,560.700012,562.609985,562.609985,120256500
2020-06-19,566.520020,570.469971,565.950012,567.830017,567.830017,236385400
2020-06-22,562.280029,571.500000,561.419983,565.070007,565.070007,88819200
2020-06-23,568.950012,576.450012,568.789978,574.190002,574.190002,111639600
2020-06-24,571.409973,572.539978,557.330017,557.330017,557.330017,113318600
2020-06-25,555.929993,562.210022,549.880005,560.409973,560.409973,107856800
2020-06-26,564.979980,569.229980,559.000000,559.820007,559.820007,92300
2020-06-29,558.549988,563.219971,556.070007,560.159973,560.159973,95628100
2020-06-30,563.340027,564.760010,555.580017,559.729980,559.729980,107846700
2020-07-01,561.010010,564.570007,553.909973,562.669983,562.669983,102714200
2020-07-02,566.929993,571.239990,564.450012,570.750000,570.750000,120861700
2020-07-03,572.469971,574.010010,566.919983,568.630005,568.630005,63247400
2020-07-06,579.619995,580.210022,573.789978,578.520020,578.520020,96900
2020-07-07,576.969971,577.099976,572.270020,575.520020,575.520020,83273600
2020-07-08,573.760010,578.270020,570.869995,572.179993,572.179993,87700500
2020-07-09,574.919983,576.049988,566.710022,567.380005,567.380005,83960800
2020-07-10,565.280029,571.919983,564.710022,570.520020,570.520020,80387200
2020-07-13,578.260010,579.270020,573.549988,578.849976,578.849976,75811800
2020-07-14,571.440002,572.510010,566.369995,572.510010,572.510010,100295700
2020-07-15,577.669983,582.429993,575.250000,577.559998,577.559998,97306000
2020-07-16,573.859985,574.570007,569.659973,573.940002,573.940002,72736000
2020-07-17,575.450012,575.969971,572.270020,573.799988,573.799988,75291600
2020-07-20,573.479980,580.460022,569.460022,579.140015,579.140015,66022000
2020-07-21,584.039978,587.030029,580.419983,581.289978,581.289978,100910000
2020-07-22,578.400024,579.210022,571.349976,572.900024,572.900024,83266000
2020-07-23,578.409973,580.739990,574.979980,576.669983,576.669983,79770000
2020-07-24,568.080017,568.140015,560.539978,563.950012,563.950012,72827200
2020-07-27,561.599976,566.729980,560.190002,564.369995,564.369995,75920900
2020-07-28,566.789978,568.020020,561.900024,566.330017,566.330017,75754500
2020-07-29,563.200012,566.820007,563.109985,564.109985,564.109985,71174300
2020-07-30,564.669983,564.669983,543.630005,549.200012,549.200012,115327900
2020-07-31,551.140015,556.890015,545.289978,545.289978,545.289978,95229600
2020-08-03,546.520020,559.030029,544.960022,557.729980,557.729980,89068000
2020-08-04,561.030029,563.099976,554.650024,557.940002,557.940002,77006300
2020-08-05,563.299988,566.299988,562.090027,563.049988,563.049988,79449600
2020-08-06,560.210022,563.979980,557.090027,558.460022,558.460022,90786300
2020-08-07,555.750000,561.380005,554.880005,559.570007,559.570007,76869200
2020-08-10,560.340027,561.630005,555.489990,557.080017,557.080017,76435700
2020-08-11,561.750000,569.090027,561.070007,565.559998,565.559998,107035300
2020-08-12,564.669983,575.710022,564.669983,575.059998,575.059998,104288500
2020-08-13,572.770020,573.229980,569.179993,569.950012,569.950012,113942900
2020-08-14,568.510010,568.859985,557.270020,560.840027,560.840027,88153000
2020-08-17,562.010010,563.979980,558.080017,562.940002,562.940002,59124500
2020-08-18,561.650024,565.539978,557.739990,559.440002,559.440002,68364800
2020-08-19,557.789978,560.340027,556.500000,560.229980,560.229980,71441200
2020-08-20,552.679993,555.390015,550.390015,552.440002,552.440002,69707900
2020-08-21,552.729980,554.900024,545.010010,551.369995,551.369995,83956300
2020-08-24,557.289978,563.739990,557.289978,560.989990,560.989990,70231800
2020-08-25,563.000000,565.909973,559.650024,559.809998,559.809998,84854500
2020-08-26,559.729980,566.260010,558.280029,566.229980,566.229980,65353900
2020-08-27,567.750000,568.210022,562.409973,562.409973,562.409973,69850600
2020-08-28,563.650024,563.650024,555.390015,556.799988,556.799988,74427200
2020-08-31,559.830017,561.919983,548.700012,549.200012,549.200012,79687100
2020-09-01,552.780029,556.469971,547.429993,552.219971,552.219971,83596600
2020-09-02,555.340027,565.570007,554.710022,561.270020,561.270020,83608900
2020-09-03,565.450012,568.080017,546.799988,549.599976,549.599976,98200
2020-09-04,545.489990,552.340027,535.210022,540.270020,540.270020,107800
2020-09-07,541.169983,547.859985,541.150024,547.140015,547.140015,59132800
2020-09-08,547.380005,548.479980,534.650024,540.789978,540.789978,90700
2020-09-09,541.880005,553.130005,541.739990,552.049988,552.049988,91600
2020-09-10,553.039978,553.880005,548.409973,550.500000,550.500000,77400
2020-09-11,550.059998,554.679993,548.760010,552.010010,552.010010,72400
2020-09-14,556.250000,557.640015,551.780029,552.440002,552.440002,60000
2020-09-15,553.280029,557.599976,551.429993,555.950012,555.950012,74700
2020-09-16,556.250000,559.989990,556.030029,558.429993,558.429993,81900
2020-09-17,552.479980,552.479980,552.479980,552.479980,552.479980,91436600
2020-09-18,550.849976,550.849976,550.849976,550.849976,550.849976,181495500
2020-09-21,546.000000,546.369995,533.219971,536.010010,536.010010,137749800
2020-09-22,540.780029,540.780029,540.780029,540.780029,540.780029,97427600
2020-09-23,545.679993,545.679993,545.679993,545.679993,545.679993,88113500
2020-09-24,537.140015,544.409973,536.859985,541.109985,541.109985,97044100
2020-09-25,540.909973,540.909973,540.909973,540.909973,540.909973,85102200
2020-09-28,547.909973,553.190002,545.280029,551.669983,551.669983,100535100
2020-09-29,552.000000,552.090027,548.369995,548.919983,548.919983,78213700
2020-09-30,546.510010,551.880005,546.510010,547.700012,547.700012,99739500
2020-10-01,551.169983,553.440002,547.830017,550.539978,550.539978,106656400
2020-10-02,553.119995,553.119995,553.119995,553.119995,553.119995,103390300
2020-10-05,557.609985,559.650024,555.440002,557.919983,557.919983,90249100
2020-10-06,559.770020,559.809998,553.630005,555.380005,555.380005,107462700
2020-10-07,554.239990,556.190002,551.719971,554.599976,554.599976,92307500
2020-10-08,557.830017,561.609985,554.820007,559.940002,559.940002,97981200
2020-10-09,561.169983,567.789978,560.979980,567.169983,567.169983,111772000
2020-10-12,568.820007,573.840027,568.780029,572.309998,572.309998,131979900
2020-10-13,572.619995,575.520020,569.239990,572.469971,572.469971,100526700
2020-10-14,572.229980,574.349976,569.849976,571.979980,571.979980,92905900
2020-10-15,564.330017,564.969971,557.760010,560.469971,560.469971,106151700
2020-10-16,564.400024,570.830017,562.840027,568.179993,568.179993,104109900
2020-10-19,572.059998,574.239990,563.909973,565.250000,565.250000,48578400
2020-10-20,565.650024,566.729980,562.369995,564.000000,564.000000,96797500
2020-10-21,566.309998,566.400024,556.440002,557.400024,557.400024,88514500
2020-10-22,554.940002,557.169983,549.659973,554.200012,554.200012,87377800
2020-10-23,552.530029,558.330017,551.390015,554.340027,554.340027,88981800
2020-10-26,545.969971,551.900024,545.599976,545.950012,545.950012,90731300
2020-10-27,547.969971,547.969971,542.070007,545.650024,545.650024,111434000
2020-10-28,539.690002,541.130005,529.169983,534.090027,534.090027,155451600
2020-10-29,534.619995,538.229980,527.859985,534.429993,534.429993,121366700
2020-10-30,529.219971,536.210022,529.109985,533.880005,533.880005,121144600
2020-11-02,535.409973,545.270020,533.390015,543.909973,543.909973,110280700
2020-11-03,554.479980,554.479980,554.479980,554.479980,554.479980,119704500
2020-11-04,548.479980,565.659973,547.599976,565.260010,565.260010,134786900
2020-11-05,570.700012,573.750000,569.520020,571.599976,571.599976,133700
2020-11-06,569.450012,574.640015,565.640015,572.900024,572.900024,98400
2020-11-09,581.109985,599.200012,580.090027,593.929993,593.929993,250200
2020-11-10,590.369995,594.820007,588.950012,591.869995,591.869995,223616500
2020-11-11,591.299988,600.429993,589.049988,599.210022,599.210022,141100
2020-11-12,595.320007,603.440002,594.830017,600.049988,600.049988,165200
2020-11-13,597.669983,601.919983,596.869995,596.869995,596.869995,125100
2020-11-16,602.059998,604.190002,597.599976,601.669983,601.669983,153500
2020-11-17,599.570007,601.690002,596.799988,600.940002,600.940002,111000
2020-11-18,598.359985,603.770020,597.609985,600.880005,600.880005,101400
2020-11-19,596.000000,597.950012,593.969971,596.010010,596.010010,100700
2020-11-20,595.690002,601.659973,595.119995,601.619995,601.619995,86800
2020-11-23,605.650024,607.299988,601.369995,601.369995,601.369995,111277800
2020-11-24,607.469971,608.260010,604.469971,607.460022,607.460022,155558400
2020-11-25,607.489990,608.090027,603.549988,606.390015,606.390015,134203400
2020-11-26,608.280029,610.130005,607.099976,607.390015,607.390015,69411800
2020-11-27,608.400024,613.590027,608.080017,611.669983,611.669983,172510200
2020-11-30,609.210022,615.109985,606.020020,606.020020,606.020020,143900
2020-12-01,609.000000,613.409973,607.299988,611.409973,611.409973,108100
2020-12-02,608.760010,612.320007,607.729980,610.940002,610.940002,99300
2020-12-03,612.429993,613.260010,608.390015,610.479980,610.479980,89300
2020-12-04,611.530029,615.669983,610.070007,615.669983,615.669983,99400
2020-12-07,615.780029,616.349976,611.780029,616.200012,616.200012,78600
2020-12-08,615.369995,618.359985,613.750000,616.590027,616.590027,80300
2020-12-09,619.330017,622.010010,617.940002,619.719971,619.719971,91000
2020-12-10,619.390015,621.619995,614.090027,618.099976,618.099976,113800
2020-12-11,616.919983,618.020020,611.460022,614.460022,614.460022,114400
2020-12-14,617.989990,619.559998,612.880005,612.880005,612.880005,91600
2020-12-15,612.219971,618.590027,611.530029,617.340027,617.340027,102000
2020-12-16,620.989990,623.609985,618.109985,621.859985,621.859985,113500
2020-12-17,625.359985,626.469971,624.349976,624.750000,624.750000,96500
2020-12-18,623.690002,628.890015,623.169983,625.250000,625.250000,189600
2020-12-21,615.640015,617.309998,602.640015,609.390015,609.390015,142000
2020-12-22,611.869995,618.859985,611.830017,617.500000,617.500000,66100
2020-12-23,618.460022,623.640015,618.450012,622.419983,622.419983,67600
2020-12-24,623.919983,626.460022,623.619995,626.369995,626.369995,23805300
2020-12-28,627.539978,627.590027,627.539978,627.590027,627.590027,54800
2020-12-29,629.169983,633.119995,628.400024,629.140015,629.140015,55300
2020-12-30,630.109985,631.049988,627.590027,628.059998,628.059998,44600
2020-12-31,625.190002,628.049988,623.940002,624.609985,624.609985,25300
2021-01-04,632.020020,636.239990,629.409973,631.030029,631.030029,93100
2021-01-05,629.940002,634.109985,628.979980,633.619995,633.619995,102300
2021-01-06,636.570007,641.250000,631.400024,639.159973,639.159973,142600
2021-01-07,641.280029,642.390015,635.960022,637.409973,637.409973,108900
2021-01-08,643.039978,645.599976,642.200012,645.599976,645.599976,102300
2021-01-11,645.159973,646.919983,639.520020,642.419983,642.419983,85500
2021-01-12,645.950012,646.059998,641.429993,643.580017,643.580017,88800
2021-01-13,644.239990,645.419983,641.440002,644.380005,644.380005,87600
2021-01-14,650.369995,656.659973,649.140015,656.659973,656.659973,88000
2021-01-15,654.390015,655.239990,647.539978,651.729980,651.729980,113400
2021-01-18,648.849976,651.609985,648.830017,650.299988,650.299988,62060600
2021-01-19,654.549988,654.549988,649.130005,651.280029,651.280029,77667900
2021-01-20,655.659973,661.090027,654.539978,659.299988,659.299988,69100
2021-01-21,663.460022,666.659973,662.479980,663.880005,663.880005,68800
2021-01-22,660.150024,660.890015,655.900024,660.530029,660.530029,72300
2021-01-25,666.940002,667.849976,655.159973,658.239990,658.239990,96500
2021-01-26,656.580017,662.469971,656.070007,658.539978,658.539978,86100
2021-01-27,654.340027,656.359985,642.090027,647.919983,647.919983,136100
2021-01-28,639.549988,650.119995,633.679993,649.000000,649.000000,109859000
2021-01-29,641.330017,644.940002,637.109985,637.109985,637.109985,102100
2021-02-01,642.659973,648.880005,642.219971,647.340027,647.340027,81300
2021-02-02,651.340027,654.580017,650.880005,652.869995,652.869995,93400
2021-02-03,658.219971,659.159973,651.489990,654.890015,654.890015,83800
2021-02-04,652.530029,655.799988,651.609985,654.380005,654.380005,92800
2021-02-05,657.700012,657.700012,652.260010,653.239990,653.239990,84300
2021-02-08,657.729980,658.250000,654.380005,656.390015,656.390015,82400
2021-02-09,657.539978,657.979980,653.869995,657.070007,657.070007,76200
2021-02-10,660.500000,663.229980,654.489990,657.229980,657.229980,103800
2021-02-11,659.880005,664.340027,658.190002,664.340027,664.340027,110900
2021-02-12,665.159973,677.239990,665.159973,676.830017,676.830017,135600
2021-02-15,680.429993,686.979980,679.080017,685.179993,685.179993,119790800
2021-02-16,686.940002,689.239990,685.760010,687.429993,687.429993,90700
2021-02-17,686.549988,688.830017,681.039978,681.039978,681.039978,112900
2021-02-18,681.440002,683.510010,670.409973,672.809998,672.809998,99800
2021-02-19,674.450012,679.789978,671.739990,678.479980,678.479980,98600
2021-02-22,672.159973,673.130005,666.090027,671.750000,671.750000,96800
2021-02-23,669.619995,669.619995,653.940002,664.059998,664.059998,191000
2021-02-24,662.429993,666.590027,659.559998,664.539978,664.539978,112900
2021-02-25,670.229980,671.489990,664.479980,664.479980,664.479980,115300
2021-02-26,651.210022,658.229980,647.900024,651.260010,651.260010,133500
2021-03-01,662.020020,665.690002,658.619995,664.580017,664.580017,104100
2021-03-02,662.359985,668.239990,660.270020,663.260010,663.260010,103300
2021-03-03,667.599976,668.669983,658.859985,663.349976,663.349976,110800
2021-03-04,656.880005,661.359985,652.169983,657.669983,657.669983,110600
2021-03-05,650.849976,662.739990,649.969971,653.869995,653.869995,129300
2021-03-08,657.960022,665.650024,657.960022,665.650024,665.650024,128700
2021-03-09,665.289978,676.469971,665.080017,675.099976,675.099976,122100
2021-03-10,675.299988,681.380005,673.260010,678.030029,678.030029,111900
2021-03-11,682.530029,684.760010,681.049988,683.710022,683.710022,113200
2021-03-12,679.799988,679.890015,675.469971,677.409973,677.409973,91451700
2021-03-15,678.429993,681.539978,676.140015,678.799988,678.799988,93648000
2021-03-16,682.739990,684.450012,679.650024,683.650024,683.650024,1068000
2021-03-17,682.219971,684.400024,679.109985,680.710022,680.710022,921800
2021-03-18,684.049988,684.460022,680.159973,682.390015,682.390015,107961600
2021-03-19,675.890015,683.429993,675.890015,681.700012,681.700012,259922500
2021-03-22,678.380005,684.229980,677.859985,684.210022,684.210022,88569000
2021-03-23,681.190002,684.289978,679.479980,681.739990,681.739990,116222500
2021-03-24,682.590027,687.960022,681.619995,686.130005,686.130005,95678200
2021-03-25,684.320007,686.479980,677.330017,685.330017,685.330017,83589900
2021-03-26,690.690002,697.940002,689.679993,696.619995,696.619995,83307700
2021-03-29,697.940002,700.849976,696.919983,697.940002,697.940002,77800
2021-03-30,700.820007,702.440002,696.960022,701.119995,701.119995,75420500
2021-03-31,700.809998,704.250000,699.690002,699.849976,699.849976,86112200
2021-04-01,707.049988,710.950012,704.530029,708.429993,708.429993,64900
2021-04-06,716.809998,717.690002,711.909973,713.280029,713.280029,81300
2021-04-07,711.900024,712.849976,709.630005,710.080017,710.080017,73900
2021-04-08,713.460022,713.969971,710.700012,713.380005,713.380005,118000
2021-04-09,713.460022,714.109985,711.599976,713.359985,713.359985,84825000
2021-04-12,711.940002,713.479980,706.700012,707.349976,707.349976,68600
2021-04-13,709.099976,710.849976,706.099976,708.599976,708.599976,69600
2021-04-14,708.830017,713.309998,708.440002,712.549988,712.549988,70200
2021-04-15,713.210022,714.979980,712.369995,713.799988,713.799988,71100
2021-04-16,714.479980,716.799988,712.570007,716.799988,716.799988,80786700
2021-04-19,717.049988,718.500000,710.619995,711.940002,711.940002,60100
2021-04-20,710.880005,713.380005,699.059998,700.190002,700.190002,83300
2021-04-21,707.159973,710.619995,704.630005,709.359985,709.359985,99900
2021-04-22,712.580017,714.619995,710.349976,712.940002,712.940002,85600
2021-04-23,710.479980,715.770020,709.440002,715.770020,715.770020,75000
2021-04-26,714.979980,716.690002,711.570007,715.460022,715.460022,78500
2021-04-27,715.409973,715.559998,709.719971,712.219971,712.219971,70300
2021-04-28,713.630005,714.200012,710.489990,711.840027,711.840027,68700
2021-04-29,715.780029,719.260010,709.969971,710.469971,710.469971,93500
2021-04-30,710.580017,711.820007,705.869995,707.559998,707.559998,80800
2021-05-03,709.929993,713.109985,705.989990,712.130005,712.130005,86700
2021-05-04,714.020020,714.250000,695.710022,696.979980,696.979980,90900
2021-05-05,703.780029,714.419983,702.919983,714.140015,714.140015,98700
2021-05-06,714.590027,715.919983,707.580017,712.460022,712.460022,83000
2021-05-07,717.320007,719.289978,712.500000,718.409973,718.409973,81800
2021-05-10,718.479980,718.479980,710.830017,711.909973,711.909973,76900
2021-05-11,700.609985,702.080017,689.510010,695.940002,695.940002,89900
2021-05-12,696.510010,698.989990,692.530029,694.760010,694.760010,95300
2021-05-13,686.859985,696.530029,677.880005,694.219971,694.219971,83600
2021-05-14,700.289978,703.330017,695.650024,703.330017,703.330017,74400
2021-05-17,704.820007,705.830017,699.789978,703.219971,703.219971,66500
2021-05-18,709.400024,710.150024,704.929993,705.010010,705.010010,73400
2021-05-19,697.340027,697.830017,685.969971,693.719971,693.719971,90900
2021-05-20,697.400024,704.289978,693.219971,704.090027,704.090027,64400
2021-05-21,705.770020,710.010010,702.919983,706.960022,706.960022,79900
2021-05-24,707.909973,710.659973,706.070007,710.460022,710.460022,35800
2021-05-25,713.789978,715.739990,712.250000,712.250000,712.250000,66800
2021-05-26,714.320007,715.520020,710.090027,711.169983,711.169983,71600
2021-05-27,708.880005,711.349976,706.140015,708.359985,708.359985,130100
2021-05-28,709.409973,715.320007,709.409973,713.280029,713.280029,68000900
2021-05-31,712.539978,714.570007,709.020020,709.359985,709.359985,32300
2021-06-01,712.809998,722.070007,712.809998,715.940002,715.940002,65200
2021-06-02,715.929993,719.049988,715.559998,718.929993,718.929993,64000
2021-06-03,718.239990,718.380005,712.419983,717.080017,717.080017,50800
2021-06-04,717.150024,720.880005,716.090027,720.179993,720.179993,64000
2021-06-07,719.869995,721.309998,716.080017,718.609985,718.609985,49100
2021-06-08,719.309998,723.039978,718.000000,719.429993,719.429993,102700
2021-06-09,719.890015,723.250000,718.700012,722.710022,722.710022,75700
2021-06-10,723.659973,727.140015,721.429993,725.450012,725.450012,79200
2021-06-11,726.700012,729.000000,724.989990,728.479980,728.479980,61800
2021-06-14,730.979980,734.640015,728.400024,730.099976,730.099976,72300
2021-06-15,733.969971,734.640015,730.849976,730.979980,730.979980,70800
2021-06-16,732.679993,734.869995,731.119995,733.500000,733.500000,63000
2021-06-17,728.750000,736.070007,728.469971,734.890015,734.890015,81000
2021-06-18,733.169983,735.630005,717.809998,719.630005,719.630005,158000
2021-06-21,715.159973,724.250000,713.940002,723.770020,723.770020,77100
2021-06-22,724.349976,729.760010,721.869995,728.590027,728.590027,71600
2021-06-23,731.570007,732.179993,725.049988,725.049988,725.049988,68400
2021-06-24,728.080017,733.739990,727.030029,732.700012,732.700012,68400
2021-06-25,734.010010,734.919983,731.289978,733.140015,733.140015,56900
2021-06-28,730.409973,734.690002,729.090027,730.859985,730.859985,57200
2021-06-29,731.469971,736.330017,731.140015,734.190002,734.190002,57600
2021-06-30,734.500000,735.630005,726.849976,729.520020,729.520020,75100
2021-07-01,734.710022,738.099976,726.219971,731.330017,731.330017,71700
2021-07-02,734.080017,736.349976,731.789978,733.549988,733.549988,54400
2021-07-05,732.169983,735.299988,730.000000,733.989990,733.989990,44200
2021-07-06,733.250000,733.250000,731.479980,731.479980,731.479980,71000
2021-07-07,733.989990,737.640015,733.989990,737.640015,737.640015,73000
2021-07-08,732.599976,733.010010,718.210022,723.109985,723.109985,84800
2021-07-09,726.940002,732.150024,725.530029,732.150024,732.150024,69600
2021-07-12,731.919983,739.400024,730.190002,738.440002,738.440002,53875900
2021-07-13,741.219971,742.859985,738.940002,742.859985,742.859985,56900
2021-07-14,740.960022,747.349976,740.849976,744.950012,744.950012,53800
2021-07-15,741.090027,744.530029,738.200012,739.419983,739.419983,59311100
2021-07-16,740.369995,740.559998,734.190002,736.520020,736.520020,74519400
2021-07-19,729.619995,729.799988,716.229980,721.090027,721.090027,89055600
2021-07-20,723.530029,727.840027,716.979980,722.030029,722.030029,73110500
2021-07-21,728.239990,735.109985,728.229980,733.739990,733.739990,68378200
2021-07-22,735.880005,741.130005,734.969971,739.030029,739.030029,59064000
2021-07-23,741.609985,749.780029,739.580017,749.419983,749.419983,55710400
2021-07-26,744.359985,746.640015,742.520020,745.099976,745.099976,72217600
2021-07-27,740.719971,741.940002,735.669983,737.239990,737.239990,32234500
2021-07-28,739.190002,747.820007,738.559998,747.659973,747.659973,63600
2021-07-29,750.960022,758.580017,750.909973,758.080017,758.080017,84100
2021-07-30,752.159973,759.349976,751.369995,754.309998,754.309998,78400
2021-08-02,760.479980,762.190002,754.869995,758.219971,758.219971,64600
2021-08-03,755.809998,760.750000,754.460022,760.080017,760.080017,67900
2021-08-04,763.659973,767.390015,763.059998,766.239990,766.239990,63000
2021-08-05,763.859985,771.559998,763.859985,768.229980,768.229980,61200
2021-08-06,768.030029,769.510010,766.869995,767.820007,767.820007,72100
2021-08-09,766.700012,772.929993,766.700012,771.799988,771.799988,55900
2021-08-10,773.539978,777.260010,773.200012,775.119995,775.119995,68600
2021-08-11,776.599976,778.729980,774.179993,775.840027,775.840027,70100
2021-08-12,775.159973,775.239990,775.159973,775.239990,775.239990,95700
2021-08-13,773.849976,775.500000,771.940002,774.830017,774.830017,66600
2021-08-16,769.640015,772.489990,767.140015,769.780029,769.780029,69500
2021-08-17,766.929993,772.080017,764.650024,770.789978,770.789978,118200
2021-08-18,770.979980,773.010010,768.900024,771.479980,771.479980,69000
2021-08-19,761.219971,766.270020,755.330017,765.830017,765.830017,94188000
2021-08-20,766.090027,772.919983,763.340027,771.409973,771.409973,58400
2021-08-23,777.140015,780.859985,773.239990,780.280029,780.280029,56800
2021-08-24,785.020020,785.609985,780.549988,783.150024,783.150024,58800
2021-08-25,783.559998,785.460022,781.239990,781.929993,781.929993,58100
2021-08-26,778.190002,781.940002,776.190002,780.309998,780.309998,55900
2021-08-27,780.409973,787.330017,779.849976,787.039978,787.039978,50900
2021-08-30,788.320007,790.229980,787.880005,789.140015,789.140015,38400
2021-08-31,791.270020,792.539978,784.900024,787.619995,787.619995,83200
2021-09-01,793.390015,793.909973,787.750000,790.000000,790.000000,68100
2021-09-02,789.109985,793.760010,787.630005,793.320007,793.320007,56800
2021-09-03,793.229980,794.099976,784.809998,789.549988,789.549988,54200
2021-09-06,792.789978,798.719971,792.789978,798.549988,798.549988,55552400
2021-09-07,798.049988,799.510010,793.640015,794.729980,794.729980,70473800
2021-09-08,789.830017,791.919983,784.349976,789.000000,789.000000,69300
2021-09-09,785.109985,787.169983,785.109985,787.169983,787.169983,70600
2021-09-10,790.289978,794.059998,786.840027,788.489990,788.489990,64600
2021-09-13,789.489990,794.880005,789.489990,791.450012,791.450012,63700
2021-09-14,792.650024,798.039978,789.570007,797.710022,797.710022,63000
2021-09-15,798.760010,800.340027,794.099976,794.190002,794.190002,79000
2021-09-16,797.099976,800.409973,796.719971,798.150024,798.150024,77300
2021-09-17,803.669983,804.469971,788.030029,789.489990,789.489990,146000
2021-09-20,779.799988,781.380005,773.239990,778.280029,778.280029,102900
2021-09-21,781.979980,789.969971,781.979980,786.309998,786.309998,80300
2021-09-22,790.250000,792.950012,786.849976,792.400024,792.400024,66000
2021-09-23,799.150024,803.109985,797.929993,800.609985,800.609985,68100
2021-09-24,797.760010,798.190002,790.630005,791.450012,791.450012,68500
2021-09-27,798.489990,798.669983,787.090027,788.669983,788.669983,88200
2021-09-28,787.020020,788.280029,772.450012,773.710022,773.710022,109200
2021-09-29,775.679993,783.789978,774.830017,775.840027,775.840027,85300
2021-09-30,782.669983,785.179993,771.789978,771.940002,771.940002,106180400
2021-10-01,761.820007,766.690002,761.820007,766.690002,766.690002,91181000
2021-10-04,762.260010,765.960022,756.539978,757.200012,757.200012,78300
2021-10-05,758.840027,771.609985,758.840027,771.190002,771.190002,83600
2021-10-06,763.489990,764.090027,751.059998,761.219971,761.219971,95100
2021-10-07,771.179993,777.849976,767.640015,777.179993,777.179993,88300
2021-10-08,777.450012,777.500000,772.049988,772.049988,772.049988,73300
2021-10-11,771.580017,775.330017,768.219971,773.789978,773.789978,67825000
2021-10-12,763.890015,773.849976,763.239990,771.469971,771.469971,70100
2021-10-13,769.590027,778.909973,767.520020,777.520020,777.520020,80800
2021-10-14,785.080017,791.559998,784.000000,790.840027,790.840027,74673100
2021-10-15,796.640015,801.030029,792.330017,800.409973,800.409973,91491600
2021-10-18,797.039978,798.479980,792.590027,796.739990,796.739990,62900
2021-10-19,800.000000,803.239990,798.369995,802.489990,802.489990,60300
2021-10-20,798.729980,808.359985,798.729980,805.469971,805.469971,69300
2021-10-21,801.229980,809.679993,800.869995,807.640015,807.640015,64100
2021-10-22,812.500000,816.969971,810.919983,812.969971,812.969971,64100
2021-10-25,815.520020,816.750000,812.070007,813.020020,813.020020,62500
2021-10-26,813.440002,818.309998,813.090027,816.909973,816.909973,76600
2021-10-27,816.030029,818.270020,813.919983,815.289978,815.289978,79800
2021-10-28,812.809998,815.950012,810.450012,812.229980,812.229980,88500
2021-10-29,804.460022,811.530029,801.260010,810.909973,810.909973,86500
2021-11-01,815.250000,815.630005,808.299988,811.739990,811.739990,68842800
2021-11-02,809.210022,812.530029,808.419983,812.289978,812.289978,68359200
2021-11-03,811.280029,816.070007,811.280029,816.010010,816.010010,63223800
2021-11-04,820.710022,822.340027,818.039978,820.380005,820.380005,82042000
2021-11-05,820.150024,824.719971,819.049988,819.719971,819.719971,72958400
2021-11-08,818.219971,820.880005,817.479980,817.590027,817.590027,59000
2021-11-09,815.270020,818.119995,813.099976,815.169983,815.169983,61100
2021-11-10,817.080017,817.080017,814.630005,814.630005,814.630005,76300
2021-11-11,812.219971,816.349976,809.039978,816.349976,816.349976,64400
2021-11-12,815.380005,820.299988,813.059998,820.299988,820.299988,60700
2021-11-15,820.919983,823.210022,817.799988,823.210022,823.210022,71161500
2021-11-16,825.710022,826.500000,825.710022,826.500000,826.500000,71600
2021-11-17,827.380005,829.349976,825.820007,827.570007,827.570007,63800
2021-11-18,826.219971,829.659973,823.440002,825.059998,825.059998,70400
2021-11-19,825.280029,828.000000,820.450012,821.799988,821.799988,116777900
2021-11-22,824.250000,825.380005,815.340027,815.340027,815.340027,95695700
2021-11-23,807.500000,810.109985,801.500000,802.239990,802.239990,77108500
2021-11-24,804.979980,807.289978,795.280029,802.960022,802.960022,91727500
2021-11-25,806.919983,808.909973,803.780029,807.549988,807.549988,53564600
2021-11-26,782.270020,793.000000,779.700012,781.630005,781.630005,155700
2021-11-29,791.630005,793.760010,786.380005,787.010010,787.010010,100922600
2021-11-30,778.570007,786.840027,774.309998,777.390015,777.390015,154400
2021-12-01,783.840027,792.159973,783.840027,790.700012,790.700012,90800
2021-12-02,779.789978,783.750000,773.369995,778.799988,778.799988,90800
2021-12-03,784.799988,785.099976,769.140015,772.219971,772.219971,84300
2021-12-06,778.229980,780.440002,770.880005,778.429993,778.429993,85000
2021-12-07,789.950012,806.130005,789.630005,805.780029,805.780029,86600
2021-12-08,805.070007,809.159973,797.719971,797.719971,797.719971,74800
2021-12-09,800.229980,800.830017,790.929993,791.909973,791.909973,59600
2021-12-10,786.049988,793.729980,786.049988,788.010010,788.010010,48500
2021-12-13,791.409973,796.229980,782.469971,783.000000,783.000000,63200
2021-12-14,786.609985,788.080017,775.309998,775.750000,775.750000,78600
2021-12-15,778.349976,780.440002,774.539978,775.460022,775.460022,69300
2021-12-16,791.109985,793.059998,781.590027,781.590027,781.590027,79000
2021-12-17,776.580017,778.000000,765.559998,771.700012,771.700012,144900
2021-12-20,757.250000,765.510010,755.570007,763.030029,763.030029,83400
2021-12-21,771.539978,775.280029,771.539978,774.950012,774.950012,73700
2021-12-22,777.630005,782.080017,773.950012,782.080017,782.080017,50600
2021-12-23,787.549988,793.200012,784.369995,792.299988,792.299988,61700
2021-12-24,791.840027,793.340027,790.479980,790.479980,790.479980,13870100
2021-12-27,788.840027,798.510010,788.400024,797.299988,797.299988,32149200
2021-12-28,796.989990,803.590027,796.609985,800.950012,800.950012,38421000
2021-12-29,801.500000,802.280029,793.559998,796.119995,796.119995,40008600
2021-12-30,797.679993,800.809998,797.679993,800.250000,800.250000,32300
2021-12-31,799.650024,800.359985,797.030029,797.929993,797.929993,15700
2022-01-03,802.500000,805.849976,800.619995,803.309998,803.309998,48000
2022-01-04,808.760010,812.549988,802.280029,804.280029,804.280029,75400
2022-01-05,802.500000,805.659973,799.580017,800.750000,800.750000,65100
2022-01-06,786.919983,789.280029,779.840027,785.900024,785.900024,67500
2022-01-07,788.950012,789.940002,783.630005,788.429993,788.429993,70800
2022-01-10,792.099976,792.419983,770.309998,773.130005,773.130005,72300
2022-01-11,781.890015,783.729980,777.359985,782.349976,782.349976,65700
2022-01-12,788.659973,794.130005,785.599976,790.440002,790.440002,98732400
2022-01-13,789.739990,796.119995,788.460022,791.330017,791.330017,79900
2022-01-14,783.140015,788.330017,781.109985,783.530029,783.530029,77100
2022-01-17,782.020020,784.320007,775.080017,781.320007,781.320007,61900
2022-01-18,776.570007,776.890015,766.090027,769.700012,769.700012,84500
2022-01-19,763.020020,779.940002,761.840027,772.559998,772.559998,94500
2022-01-20,776.090027,778.260010,770.770020,778.260010,778.260010,76900
2022-01-21,763.770020,768.710022,755.919983,763.700012,763.700012,99600
2022-01-24,761.039978,764.820007,734.710022,738.659973,738.659973,126300
2022-01-25,746.619995,747.049988,734.419983,739.859985,739.859985,100800
2022-01-26,746.340027,756.859985,746.340027,752.429993,752.429993,88900
2022-01-27,737.359985,758.869995,737.359985,753.789978,753.789978,97800
2022-01-28,749.210022,749.869995,734.539978,744.260010,744.260010,116589200
2022-01-31,754.330017,759.109985,749.229980,755.200012,755.200012,84700
2022-02-01,761.909973,765.640015,759.030029,765.219971,765.219971,83400
2022-02-02,768.760010,772.229980,765.559998,765.559998,765.559998,91700
2022-02-03,763.900024,764.059998,748.799988,748.809998,748.809998,109400
2022-02-04,753.739990,756.250000,742.010010,747.169983,747.169983,91200
2022-02-07,750.229980,758.320007,746.020020,755.690002,755.690002,76195000
2022-02-08,755.239990,757.890015,750.700012,755.789978,755.789978,96000
2022-02-09,765.510010,771.640015,763.880005,769.940002,769.940002,109900
2022-02-10,765.789978,770.229980,758.840027,762.650024,762.650024,95700
2022-02-11,754.020020,761.500000,754.020020,761.500000,761.500000,84100
2022-02-14,748.960022,749.390015,737.979980,747.890015,747.890015,107600
2022-02-15,745.489990,755.979980,745.400024,755.219971,755.219971,85700
2022-02-16,757.429993,763.020020,754.530029,758.919983,758.919983,74700
2022-02-17,759.479980,760.760010,748.229980,751.200012,751.200012,75000
2022-02-18,751.270020,752.770020,742.840027,744.890015,744.890015,79600
2022-02-21,747.270020,747.270020,725.359985,729.729980,729.729980,65500
2022-02-22,714.760010,737.200012,714.760010,731.960022,731.960022,98300
2022-02-23,734.179993,741.020020,726.630005,727.909973,727.909973,78300
2022-02-24,701.840027,713.320007,699.989990,708.549988,708.549988,174600
2022-02-25,714.289978,728.750000,708.250000,727.849976,727.849976,138600
2022-02-28,716.760010,730.929993,712.760010,729.719971,729.719971,155500
2022-03-01,728.520020,731.059998,713.460022,713.460022,713.460022,139700
2022-03-02,711.539978,726.270020,709.440002,721.000000,721.000000,153800
2022-03-03,721.190002,726.340027,703.780029,705.419983,705.419983,119000
2022-03-04,700.140015,701.549988,671.679993,671.729980,671.729980,146200
2022-03-07,660.349976,681.340027,653.090027,669.039978,669.039978,189700
2022-03-08,660.729980,676.940002,652.799988,656.739990,656.739990,158400
2022-03-09,670.479980,688.330017,668.440002,688.330017,688.330017,153400
2022-03-10,687.229980,687.320007,670.049988,671.849976,671.849976,125374100
2022-03-11,673.039978,688.280029,665.150024,674.799988,674.799988,131200
2022-03-14,677.239990,681.849976,670.809998,674.299988,674.299988,106444800
2022-03-15,666.219971,677.330017,660.000000,676.380005,676.380005,105710400
2022-03-16,688.250000,707.219971,686.320007,703.520020,703.520020,130847200
2022-03-17,708.739990,710.530029,700.609985,707.450012,707.450012,93160500
2022-03-18,709.950012,716.359985,709.950012,716.359985,716.359985,158150200
2022-03-21,715.419983,721.090027,714.460022,718.369995,718.369995,76082600
2022-03-22,722.190002,730.000000,720.880005,728.270020,728.270020,84912900
2022-03-23,730.840027,732.229980,718.349976,721.809998,721.809998,94836600
2022-03-24,722.090027,723.919983,718.250000,720.849976,720.849976,76010300
2022-03-25,721.150024,728.849976,717.919983,723.900024,723.900024,71449200
2022-03-28,724.359985,729.960022,720.359985,720.359985,720.359985,80296200
2022-03-29,729.599976,739.270020,728.960022,735.150024,735.150024,107300
2022-03-30,735.530029,735.530029,730.640015,733.880005,733.880005,73600
2022-03-31,732.590027,735.590027,724.200012,724.200012,724.200012,78100
2022-04-01,725.989990,731.630005,723.320007,728.000000,728.000000,68600
2022-04-04,732.179993,739.219971,728.309998,737.799988,737.799988,64600
2022-04-05,741.309998,743.049988,732.940002,736.020020,736.020020,77300
2022-04-06,734.179993,734.460022,715.369995,719.669983,719.669983,89700
2022-04-07,722.070007,727.330017,715.030029,716.530029,716.530029,73500
2022-04-08,725.349976,727.260010,721.260010,724.750000,724.750000,74000
2022-04-11,717.750000,721.059998,713.239990,714.739990,714.739990,74500
2022-04-12,708.330017,718.690002,705.030029,716.380005,716.380005,83400
2022-04-13,713.229980,718.070007,711.609985,718.070007,718.070007,68400
2022-04-14,719.659973,723.549988,717.020020,719.700012,719.700012,86300
2022-04-19,716.369995,719.830017,707.890015,716.570007,716.570007,84100
2022-04-20,721.739990,730.770020,717.320007,725.609985,725.609985,94600
2022-04-21,727.210022,732.580017,726.000000,729.049988,729.049988,82000
2022-04-22,718.549988,723.780029,716.799988,717.260010,717.260010,77000
2022-04-25,700.950012,708.390015,696.330017,699.169983,699.169983,95700
2022-04-26,711.239990,711.380005,694.219971,695.570007,695.570007,87800
2022-04-27,693.750000,699.650024,687.739990,696.349976,696.349976,91000
2022-04-28,704.010010,707.640015,699.419983,705.929993,705.929993,81400
2022-04-29,712.390015,719.099976,709.039978,710.979980,710.979980,84537300
2022-05-02,702.520020,702.520020,694.440002,694.440002,694.440002,70600
2022-05-03,701.739990,706.000000,699.299988,705.950012,705.950012,75500
2022-05-04,706.989990,707.159973,698.679993,698.679993,698.679993,67500
2022-05-05,713.400024,713.400024,694.400024,696.190002,696.190002,87000
2022-05-06,692.280029,692.559998,675.960022,682.190002,682.190002,92100
2022-05-09,677.820007,684.109985,666.169983,666.169983,666.169983,80700
2022-05-10,671.859985,679.590027,669.590027,669.739990,669.739990,82500
2022-05-11,675.359985,683.609985,666.960022,682.700012,682.700012,99100
2022-05-12,663.690002,680.059998,662.219971,675.090027,675.090027,99700
2022-05-13,682.369995,694.679993,680.700012,694.130005,694.130005,83800
2022-05-16,690.080017,696.340027,687.640015,694.619995,694.619995,69200
2022-05-17,699.820007,707.210022,698.289978,702.580017,702.580017,85500
2022-05-18,703.229980,703.750000,692.450012,693.030029,693.030029,79900
2022-05-19,681.650024,684.859985,669.419983,678.349976,678.349976,79200
2022-05-20,681.289978,692.190002,681.200012,682.960022,682.960022,74900
2022-05-23,692.219971,694.020020,685.109985,694.020020,694.020020,70700
2022-05-24,685.469971,688.559998,679.700012,679.880005,679.880005,69100
2022-05-25,684.830017,684.830017,684.109985,684.109985,684.109985,66800
2022-05-26,684.539978,694.179993,684.359985,692.799988,692.799988,53400
2022-05-27,694.969971,702.280029,693.059998,702.280029,702.280029,65800
2022-05-30,707.489990,711.669983,706.859985,708.340027,708.340027,58672900
2022-05-31,714.400024,719.000000,711.450012,712.880005,712.880005,156382600
2022-06-01,714.869995,714.869995,700.070007,701.190002,701.190002,72800
2022-06-02,703.150024,705.169983,699.369995,703.440002,703.440002,54300
2022-06-03,707.359985,707.789978,699.830017,700.690002,700.690002,45100
2022-06-06,705.729980,716.130005,705.650024,711.820007,711.820007,55400
2022-06-07,708.520020,710.200012,703.440002,709.140015,709.140015,66100
2022-06-08,714.010010,714.010010,706.400024,710.989990,710.989990,73600
2022-06-09,706.280029,712.440002,699.580017,699.580017,699.580017,71900
2022-06-10,694.609985,695.669983,680.989990,681.969971,681.969971,89500
2022-06-13,670.760010,671.849976,658.950012,661.539978,661.539978,102000
2022-06-14,667.679993,668.750000,652.869995,652.869995,652.869995,90600
2022-06-15,656.559998,665.270020,650.270020,663.210022,663.210022,86900
2022-06-16,658.380005,660.419983,636.500000,638.340027,638.340027,94900
2022-06-17,637.210022,646.179993,633.440002,635.750000,635.750000,162100
2022-06-20,636.750000,641.429993,633.390015,641.429993,641.429993,54700
2022-06-21,645.419983,651.200012,644.820007,648.030029,648.030029,57000
2022-06-22,638.159973,644.460022,633.719971,641.869995,641.869995,79400
2022-06-23,637.219971,643.219971,632.020020,635.929993,635.929993,81500
2022-06-24,638.820007,660.880005,638.260010,660.320007,660.320007,80500
2022-06-27,662.210022,676.070007,661.419983,670.530029,670.530029,71800
2022-06-28,674.340027,676.109985,668.830017,669.010010,669.010010,75400
2022-06-29,664.090027,669.359985,660.070007,666.570007,666.570007,74450600
2022-06-30,657.260010,660.849976,652.500000,659.229980,659.229980,92600
2022-07-01,651.219971,661.000000,648.700012,655.679993,655.679993,75200
2022-07-04,659.140015,661.570007,656.099976,659.609985,659.609985,50690300
2022-07-05,662.789978,664.059998,643.599976,644.219971,644.219971,96403200
2022-07-06,655.270020,661.510010,652.940002,656.710022,656.710022,94600
2022-07-07,665.479980,672.380005,663.119995,671.419983,671.419983,100340800
2022-07-08,671.650024,675.150024,665.729980,674.219971,674.219971,71700
2022-07-11,663.960022,673.369995,662.789978,669.169983,669.169983,53100
2022-07-12,664.880005,672.080017,660.700012,670.679993,670.679993,75800
2022-07-13,670.299988,670.630005,656.659973,665.909973,665.909973,77300
2022-07-14,666.380005,668.460022,654.619995,659.710022,659.710022,73100
2022-07-15,662.520020,672.630005,660.169983,671.919983,671.919983,77773700
2022-07-18,678.679993,683.570007,676.919983,681.099976,681.099976,65445400
2022-07-19,674.239990,691.059998,673.349976,689.469971,689.469971,67573600
2022-07-20,688.739990,695.270020,685.890015,694.409973,694.409973,74200
2022-07-21,694.489990,704.609985,694.159973,704.609985,704.609985,81900
2022-07-22,704.179993,711.000000,702.770020,705.039978,705.039978,69400
2022-07-25,702.789978,707.080017,699.469971,707.010010,707.010010,72200
2022-07-26,708.679993,712.190002,705.210022,706.260010,706.260010,68900
2022-07-27,711.049988,716.640015,709.909973,713.530029,713.530029,70700
2022-07-28,718.619995,722.380005,713.520020,722.380005,722.380005,90000
2022-07-29,722.729980,732.580017,722.539978,729.440002,729.440002,100000
2022-08-01,728.679993,732.409973,725.309998,728.179993,728.179993,73400
2022-08-02,726.880005,727.020020,720.859985,725.750000,725.750000,72300
2022-08-03,726.700012,735.020020,725.010010,734.530029,734.530029,71700
2022-08-04,732.559998,736.340027,729.719971,731.580017,731.580017,80200
2022-08-05,730.289978,732.190002,720.489990,722.739990,722.739990,74900
2022-08-08,728.210022,733.280029,725.830017,727.869995,727.869995,60000
2022-08-09,727.099976,728.179993,716.479980,716.929993,716.929993,60900
2022-08-10,712.820007,725.219971,712.669983,724.270020,724.270020,74600
2022-08-11,728.539978,729.849976,723.210022,725.789978,725.789978,80922300
2022-08-12,723.659973,726.590027,720.210022,725.760010,725.760010,68656000
2022-08-15,729.669983,730.390015,722.049988,728.880005,728.880005,52007600
2022-08-16,731.429993,732.289978,725.469971,728.109985,728.109985,68000
2022-08-17,730.580017,730.619995,722.460022,723.090027,723.090027,56400
2022-08-18,719.030029,726.109985,716.039978,725.859985,725.859985,55800
2022-08-19,722.169983,728.190002,719.070007,719.520020,719.520020,75500
2022-08-22,714.070007,717.020020,708.559998,711.039978,711.039978,68700
2022-08-23,706.890015,712.520020,706.890015,710.869995,710.869995,61100
2022-08-24,708.229980,714.719971,705.119995,713.809998,713.809998,56500
2022-08-25,717.719971,720.559998,713.140015,718.250000,718.250000,52000
2022-08-26,720.320007,722.570007,703.359985,705.080017,705.080017,65100
2022-08-29,695.969971,701.330017,692.929993,698.330017,698.330017,54400
2022-08-30,700.580017,707.690002,687.320007,690.309998,690.309998,66800
2022-08-31,695.929993,697.219971,680.309998,680.309998,680.309998,104500
2022-09-01,674.960022,674.960022,666.940002,666.940002,666.940002,67900
2022-09-02,673.190002,679.659973,668.419983,678.570007,678.570007,70300
2022-09-05,668.710022,675.450012,664.510010,674.119995,674.119995,58833300
2022-09-06,672.580017,678.820007,668.539978,675.270020,675.270020,57900
2022-09-07,667.650024,672.900024,664.869995,671.270020,671.270020,63400
2022-09-08,673.650024,675.760010,663.630005,674.400024,674.400024,68500
2022-09-09,675.960022,688.419983,675.960022,685.969971,685.969971,68600
2022-09-12,687.820007,699.210022,686.830017,696.869995,696.869995,75100
2022-09-13,698.679993,703.390015,684.229980,684.229980,684.229980,82700
2022-09-14,679.479980,684.729980,675.719971,680.859985,680.859985,73600
2022-09-15,680.450012,684.929993,672.979980,674.739990,674.739990,86800
2022-09-16,668.989990,670.109985,663.479980,664.830017,664.830017,162200
2022-09-19,661.780029,668.119995,657.039978,665.429993,665.429993,48200
2022-09-20,667.140015,672.659973,660.090027,661.609985,661.609985,75300
2022-09-21,657.789978,671.030029,657.429993,669.789978,669.789978,60400
2022-09-22,658.760010,670.409973,657.369995,657.400024,657.400024,62700
2022-09-23,654.210022,654.539978,637.359985,639.280029,639.280029,87500
2022-09-26,638.140015,647.789978,635.700012,640.409973,640.409973,77800
2022-09-27,645.570007,650.989990,642.719971,642.719971,642.719971,78200
2022-09-28,633.659973,642.179993,627.349976,641.090027,641.090027,92700
2022-09-29,639.280029,639.280029,628.830017,633.549988,633.549988,86900
2022-09-30,636.239990,642.359985,633.760010,640.619995,640.619995,85739700
2022-10-03,633.479980,646.969971,630.849976,645.799988,645.799988,70600
2022-10-04,653.150024,669.590027,653.150024,669.590027,669.590027,80900
2022-10-05,666.609985,669.760010,661.369995,664.450012,664.450012,70100
2022-10-06,667.210022,668.679993,659.099976,661.380005,661.380005,70200
2022-10-07,655.869995,660.320007,646.809998,647.109985,647.109985,68900
2022-10-10,640.419983,649.799988,640.000000,641.210022,641.210022,57200
2022-10-11,636.599976,640.530029,631.229980,636.309998,636.309998,72800
2022-10-12,633.289978,638.179993,627.080017,631.179993,631.179993,78000
2022-10-13,627.260010,633.900024,611.739990,633.010010,633.010010,90714000
2022-10-14,640.880005,644.780029,629.719971,630.580017,630.580017,84476300
2022-10-17,631.809998,643.830017,628.179993,640.950012,640.950012,58026600
2022-10-18,645.280029,650.510010,642.299988,642.479980,642.479980,66900
2022-10-19,647.820007,649.299988,641.140015,645.390015,645.390015,60400
2022-10-20,643.669983,653.010010,641.830017,652.039978,652.039978,66600
2022-10-21,647.059998,654.950012,641.219971,652.460022,652.460022,77600
2022-10-24,653.190002,658.219971,647.340027,653.539978,653.539978,80200
2022-10-25,658.169983,666.539978,654.900024,666.210022,666.210022,73000
2022-10-26,661.289978,666.659973,654.239990,665.630005,665.630005,81700
2022-10-27,664.929993,671.380005,661.890015,669.400024,669.400024,100958900
2022-10-28,659.710022,668.369995,657.369995,667.520020,667.520020,69900
2022-10-31,671.520020,673.179993,667.280029,670.619995,670.619995,68992300
2022-11-01,675.280029,680.000000,672.679993,673.320007,673.320007,68153300
2022-11-02,673.500000,677.200012,667.130005,667.239990,667.239990,70250300
2022-11-03,658.900024,662.469971,654.830017,661.179993,661.179993,89865800
2022-11-04,664.179993,676.880005,663.580017,671.880005,671.880005,90172900
2022-11-07,668.830017,677.510010,668.640015,676.059998,676.059998,66000
2022-11-08,674.140015,684.280029,673.289978,683.960022,683.960022,69000
2022-11-09,680.510010,682.150024,674.309998,677.260010,677.260010,67800
2022-11-10,670.570007,701.679993,670.330017,700.650024,700.650024,100700
2022-11-11,707.789978,710.119995,700.390015,702.909973,702.909973,100900
2022-11-14,706.440002,710.599976,703.880005,706.669983,706.669983,72900
2022-11-15,710.440002,718.450012,709.849976,716.429993,716.429993,79600200
2022-11-16,716.190002,717.989990,707.820007,709.109985,709.109985,76700
2022-11-17,710.590027,711.099976,700.940002,708.380005,708.380005,62900
2022-11-18,710.729980,716.960022,708.159973,712.549988,712.549988,80000
2022-11-21,711.719971,712.719971,708.630005,710.380005,710.380005,64892600
2022-11-22,711.140015,717.309998,706.840027,716.330017,716.330017,68300200
2022-11-23,718.929993,722.690002,716.349976,721.450012,721.450012,60031600
2022-11-24,720.010010,726.460022,720.010010,722.739990,722.739990,50024000
2022-11-25,721.309998,725.799988,721.119995,722.929993,722.929993,50404600
2022-11-28,716.729980,721.840027,715.169983,720.510010,720.510010,62186300
2022-11-29,723.760010,726.200012,716.880005,717.739990,717.739990,72565300
2022-11-30,721.669983,726.070007,720.239990,724.099976,724.099976,148300
2022-12-01,731.729980,734.559998,728.760010,731.739990,731.739990,81800
2022-12-02,728.849976,732.890015,722.820007,731.039978,731.039978,76600
2022-12-05,730.460022,731.039978,726.460022,727.090027,727.090027,65100
2022-12-06,725.840027,728.559998,720.659973,723.679993,723.679993,64000
2022-12-07,719.700012,722.809998,715.960022,718.340027,718.340027,69000
2022-12-08,719.260010,719.830017,719.260010,719.830017,719.830017,62300
2022-12-09,722.840027,725.590027,718.580017,724.169983,724.169983,61900
2022-12-12,719.200012,722.229980,718.119995,720.690002,720.690002,54900
2022-12-13,724.760010,741.090027,721.520020,732.950012,732.950012,78300
2022-12-14,729.849976,732.130005,727.719971,730.869995,730.869995,65400
2022-12-15,723.260010,725.000000,707.140015,707.599976,707.599976,87900
2022-12-16,705.349976,707.219971,697.169983,700.000000,700.000000,142998200
2022-12-19,702.820007,706.309998,700.679993,700.710022,700.710022,61937600
2022-12-20,694.340027,700.320007,692.789978,697.250000,697.250000,64700
2022-12-21,699.710022,710.070007,698.760010,709.580017,709.580017,63000
2022-12-22,711.349976,713.020020,699.280029,700.400024,700.400024,53500
2022-12-23,700.789978,703.650024,697.590027,701.059998,701.059998,41904300
2022-12-27,705.719971,707.000000,699.609985,701.059998,701.059998,31600
2022-12-28,700.679993,701.700012,694.659973,694.840027,694.840027,42300
2022-12-29,694.090027,701.409973,691.599976,701.010010,701.010010,37700
2022-12-30,697.750000,697.750000,688.239990,689.010010,689.010010,37400
2023-01-02,697.109985,701.530029,694.630005,701.159973,701.159973,35558000
2023-01-03,702.489990,715.039978,702.489990,707.630005,707.630005,64200
2023-01-04,709.960022,719.159973,709.960022,717.510010,717.510010,75600
2023-01-05,715.919983,718.510010,712.739990,714.320007,714.320007,60100
2023-01-06,715.919983,725.140015,712.159973,724.260010,724.260010,54900
2023-01-09,730.599976,737.780029,728.190002,736.179993,736.179993,59500
2023-01-10,730.409973,735.330017,730.409973,733.030029,733.030029,51000
2023-01-11,734.880005,741.090027,734.530029,738.830017,738.830017,62500
2023-01-12,738.289978,746.239990,737.840027,741.900024,741.900024,80400
2023-01-13,744.989990,750.409973,743.840027,748.039978,748.039978,63500
2023-01-16,748.940002,749.450012,746.229980,748.349976,748.349976,40476600
2023-01-17,745.869995,751.739990,742.859985,748.809998,748.809998,67200
2023-01-18,750.989990,750.989990,749.119995,749.119995,749.119995,68600
2023-01-19,744.219971,746.039978,735.679993,735.679993,735.679993,66400
2023-01-20,738.200012,739.049988,735.340027,738.640015,738.640015,51200
2023-01-23,741.039978,749.150024,740.429993,747.869995,747.869995,46800
2023-01-24,750.039978,750.710022,742.989990,746.400024,746.400024,61591500
2023-01-25,744.619995,745.559998,735.000000,741.340027,741.340027,55100
2023-01-26,747.109985,750.690002,744.669983,747.210022,747.210022,59200
2023-01-27,749.309998,751.989990,747.070007,750.669983,750.669983,56900
2023-01-30,743.090027,744.969971,738.030029,744.830017,744.830017,64600
2023-01-31,742.159973,745.190002,742.159973,745.190002,745.190002,73300
2023-02-01,747.150024,750.400024,745.179993,747.679993,747.679993,67200
2023-02-02,751.890015,762.090027,751.859985,758.609985,758.609985,100600
2023-02-03,756.630005,763.859985,755.669983,763.859985,763.859985,79300
2023-02-06,758.710022,759.020020,749.580017,752.400024,752.400024,59000
2023-02-07,752.789978,754.460022,749.340027,753.090027,753.090027,61900
2023-02-08,756.409973,756.989990,748.400024,748.400024,748.400024,66600
2023-02-09,753.710022,760.869995,753.619995,757.049988,757.049988,89700
2023-02-10,752.469971,756.010010,747.760010,752.219971,752.219971,78300
2023-02-13,753.219971,763.169983,753.020020,762.640015,762.640015,45600
2023-02-14,764.210022,770.799988,761.210022,762.969971,762.969971,68507600
2023-02-15,762.820007,769.729980,762.369995,769.729980,769.729980,57800
2023-02-16,773.940002,777.580017,766.619995,771.690002,771.690002,65100
2023-02-17,763.299988,768.030029,759.659973,765.039978,765.039978,78200
2023-02-20,765.630005,765.969971,761.090027,762.630005,762.630005,39061400
2023-02-21,758.630005,760.200012,752.330017,757.659973,757.659973,57200
2023-02-22,755.770020,758.320007,751.510010,756.630005,756.630005,66400
2023-02-23,759.330017,761.549988,755.719971,755.719971,755.719971,65100
2023-02-24,759.299988,759.789978,746.409973,746.409973,746.409973,65600
2023-02-27,752.590027,760.200012,752.590027,756.989990,756.989990,56800
2023-02-28,754.179993,758.330017,751.239990,752.929993,752.929993,85800
2023-03-01,756.200012,759.039978,748.530029,749.380005,749.380005,58000
2023-03-02,745.710022,755.169983,743.900024,755.169983,755.169983,58300
2023-03-03,759.539978,761.820007,757.619995,760.570007,760.570007,56100
2023-03-06,763.159973,763.409973,757.739990,759.830017,759.830017,45400
2023-03-07,756.400024,759.770020,751.020020,751.520020,751.520020,53400
2023-03-08,748.599976,754.200012,748.479980,753.349976,753.349976,60600
2023-03-09,751.250000,755.640015,746.570007,753.200012,753.200012,49400
2023-03-10,742.000000,747.530029,737.539978,743.030029,743.030029,87477400
2023-03-13,742.280029,742.440002,720.390015,727.250000,727.250000,118370400
2023-03-14,728.739990,739.409973,724.880005,737.520020,737.520020,92029400
2023-03-15,735.500000,736.099976,715.049988,716.469971,716.469971,146752100
2023-03-16,726.239990,729.099976,711.809998,727.059998,727.059998,122968000
2023-03-17,733.130005,738.739990,718.729980,722.429993,722.429993,207727700
2023-03-20,718.140015,732.239990,710.890015,729.049988,729.049988,129059800
2023-03-21,734.179993,742.099976,733.799988,736.179993,736.179993,87186500
2023-03-22,737.280029,744.700012,736.090027,741.799988,741.799988,78773900
2023-03-23,740.150024,745.630005,736.450012,743.590027,743.590027,70506500
2023-03-24,742.030029,742.030029,727.929993,731.809998,731.809998,114498300
2023-03-27,738.609985,740.049988,733.530029,735.909973,735.909973,74700
2023-03-28,740.719971,741.849976,731.719971,733.809998,733.809998,65000
2023-03-29,739.299988,745.789978,738.750000,745.539978,745.539978,64600
2023-03-30,747.900024,753.669983,747.900024,752.460022,752.460022,67900
2023-03-31,752.539978,757.729980,751.229980,756.179993,756.179993,67900
2023-04-03,758.909973,761.270020,757.330017,758.409973,758.409973,69200
2023-04-04,762.090027,765.460022,758.330017,758.359985,758.359985,66425900
2023-04-05,756.859985,757.880005,753.270020,755.760010,755.760010,57300
2023-04-06,757.450012,760.969971,756.719971,759.840027,759.840027,62200
2023-04-11,764.750000,765.760010,762.570007,763.320007,763.320007,58900
2023-04-12,761.770020,769.140015,758.229980,759.539978,759.539978,62400
2023-04-13,758.349976,761.020020,757.020020,760.570007,760.570007,53700
2023-04-14,760.059998,763.510010,758.549988,761.400024,761.400024,69900
2023-04-17,761.179993,763.359985,758.280029,758.500000,758.500000,68065500
2023-04-18,759.270020,765.159973,758.989990,763.150024,763.150024,59000
2023-04-19,759.989990,761.159973,758.830017,760.219971,760.219971,59100
2023-04-20,761.690002,761.979980,756.419983,761.099976,761.099976,56400
2023-04-21,760.539978,763.400024,758.650024,762.190002,762.190002,74432600
2023-04-24,759.349976,764.640015,759.270020,762.489990,762.489990,59800
2023-04-25,758.190002,758.469971,754.450012,755.450012,755.450012,66700
2023-04-26,750.380005,751.179993,745.260010,749.599976,749.599976,71300
2023-04-27,747.179993,752.650024,746.400024,752.599976,752.599976,65900
2023-04-28,754.520020,758.940002,748.450012,758.489990,758.489990,78900
2023-05-02,758.739990,759.909973,743.549988,744.309998,744.309998,71900
2023-05-03,748.049988,748.500000,743.099976,744.239990,744.239990,51700
2023-05-04,744.520020,744.820007,735.909973,741.219971,741.219971,69400
2023-05-05,745.159973,750.950012,743.590027,750.479980,750.479980,62869300
2023-05-08,751.890015,754.830017,751.219971,752.679993,752.679993,36400
2023-05-09,751.580017,751.929993,744.739990,748.380005,748.380005,62100
2023-05-10,748.030029,751.150024,745.330017,748.289978,748.289978,70000
2023-05-11,750.309998,755.750000,747.140015,751.119995,751.119995,70200
2023-05-12,753.289978,755.869995,751.950012,752.989990,752.989990,60300
2023-05-15,756.000000,757.840027,753.460022,756.179993,756.179993,52700
2023-05-16,755.320007,759.289978,754.609985,756.219971,756.219971,60000
2023-05-17,754.890015,759.039978,753.820007,758.280029,758.280029,74300
2023-05-18,760.080017,766.140015,759.820007,765.280029,765.280029,53900
2023-05-19,767.919983,771.739990,767.099976,767.099976,767.099976,73800
2023-05-22,766.809998,768.590027,765.330017,767.609985,767.609985,52800
2023-05-23,766.539978,769.000000,765.510010,765.979980,765.979980,57600
2023-05-24,760.039978,760.500000,750.219971,754.130005,754.130005,66200
2023-05-25,758.440002,759.340027,753.580017,755.210022,755.210022,63700
2023-05-26,758.750000,770.390015,756.739990,767.859985,767.859985,60300
2023-05-29,769.020020,769.520020,763.659973,764.099976,764.099976,26500
2023-05-30,765.289978,765.950012,755.380005,756.669983,756.669983,62700
2023-05-31,750.140015,756.030029,748.450012,748.859985,748.859985,161000
2023-06-01,754.409973,758.020020,752.549988,756.349976,756.349976,48000
2023-06-02,759.429993,765.820007,758.140015,764.919983,764.919983,71200
2023-06-05,767.409973,768.419983,763.200012,763.340027,763.340027,52800
2023-06-06,759.770020,762.650024,757.080017,762.219971,762.219971,60500
2023-06-07,761.679993,763.650024,759.409973,761.609985,761.609985,61100
2023-06-08,758.119995,761.119995,757.320007,760.940002,760.940002,58200
2023-06-09,763.340027,763.340027,755.929993,759.320007,759.320007,48197600
2023-06-12,761.349976,764.090027,759.880005,760.340027,760.340027,53470100
2023-06-13,766.150024,768.849976,761.909973,767.710022,767.710022,59400
2023-06-14,766.979980,773.000000,765.960022,771.409973,771.409973,63200
2023-06-15,770.820007,774.380005,767.330017,772.640015,772.640015,59800
2023-06-16,774.880005,776.289978,772.369995,772.719971,772.719971,116886300
2023-06-19,770.859985,772.450012,768.239990,768.979980,768.979980,43400
2023-06-20,765.380005,767.400024,762.520020,763.090027,763.090027,44700
2023-06-21,761.429993,763.349976,758.210022,759.159973,759.159973,44300
2023-06-22,752.609985,759.169983,750.739990,759.169983,759.169983,50300
2023-06-23,756.659973,759.190002,753.780029,756.599976,756.599976,60500
2023-06-26,757.150024,759.750000,751.429993,757.500000,757.500000,52400
2023-06-27,761.770020,763.109985,755.479980,760.559998,760.559998,51300
2023-06-28,762.830017,768.679993,762.299988,767.770020,767.770020,47700
2023-06-29,767.989990,770.250000,766.530029,768.940002,768.940002,45200
2023-06-30,767.380005,775.960022,765.719971,773.940002,773.940002,67200